concentration_mM,variable,coordinate,geometry_bin_probability,mean_tangent_p2,half_maximum_p2_low,half_maximum_p2_high
0.0,kappa,0.025,0.014189786799639973,0.41796906652513605,0.19296906652513607,0.642969066525136
0.0,kappa,0.07500000000000001,0.03997361547516654,0.3971557087799614,0.19715570877996147,0.5971557087799614
0.0,kappa,0.125,0.06067223816237567,0.38075383155493314,0.34325383155493316,0.4182538315549331
0.0,kappa,0.17500000000000002,0.07223866121573251,0.35439831839652985,0.3168983183965298,0.3918983183965299
0.0,kappa,0.225,0.07645036059261208,0.32052175641050534,0.2955217564105054,0.3455217564105053
0.0,kappa,0.275,0.0760613789611593,0.2792463965955025,0.2542463965955025,0.30424639659550246
0.0,kappa,0.32500000000000007,0.07237291338642002,0.24535608564338987,0.22035608564338988,0.27035608564338987
0.0,kappa,0.375,0.06781690027569114,0.21420242231247602,0.18920242231247603,0.23920242231247602
0.0,kappa,0.42500000000000004,0.06099900937328863,0.17964468939679074,0.15464468939679074,0.20464468939679073
0.0,kappa,0.475,0.0538851591432823,0.1560246462259413,0.13102464622594132,0.1810246462259413
0.0,kappa,0.525,0.04824225939738181,0.12393525908298478,0.09893525908298478,0.14893525908298477
0.0,kappa,0.5750000000000001,0.041534528760060536,0.10047187765141567,0.07547187765141568,0.12547187765141565
0.0,kappa,0.625,0.03608532855339515,0.07918637446864815,0.05418637446864816,0.10418637446864815
0.0,kappa,0.675,0.03216727976415489,0.05580682170481964,0.030806821704819645,0.08080682170481963
0.0,kappa,0.7250000000000001,0.02769154779375497,0.039433194439097374,0.01443319443909738,0.06443319443909737
0.0,kappa,0.775,0.02428219589738581,0.02436772503985162,-0.0006322749601483761,0.04936772503985161
0.0,kappa,0.8250000000000001,0.020800013022179382,0.01591569760852475,-0.009084302391475244,0.040915697608524745
0.0,kappa,0.875,0.01872587502425558,0.0094208058400236,-0.015579194159976394,0.03442080584002359
0.0,kappa,0.925,0.016248531883359018,-0.0162939704842337,-0.041293970484233694,0.008706029515766295
0.0,kappa,0.9750000000000001,0.014000385187503385,-0.022590735569675575,-0.047590735569675566,0.0024092644303244197
0.0,kappa,1.025,0.012742419607711476,-0.030215895406554737,-0.055215895406554735,-0.005215895406554743
0.0,kappa,1.0750000000000002,0.010991474180393104,-0.04057363777367596,-0.06557363777367595,-0.015573637773675965
0.0,kappa,1.125,0.009855772929228512,-0.04602799203091255,-0.07102799203091253,-0.021027992030912553
0.0,kappa,1.1750000000000003,0.009017482380504909,-0.057754648814945346,-0.08275464881494535,-0.03275464881494535
0.0,kappa,1.225,0.007541231909885882,-0.0615891376452098,-0.08658913764520978,-0.0365891376452098
0.0,kappa,1.275,0.006956485002647863,-0.06130309340971132,-0.08630309340971132,-0.03630309340971133
0.0,kappa,1.3250000000000002,0.005943266497719965,-0.06576458515962506,-0.09076458515962506,-0.04076458515962507
0.0,kappa,1.375,0.005447109145940299,-0.06525159497160542,-0.09025159497160541,-0.04025159497160542
0.0,kappa,1.4250000000000003,0.004658525535058647,-0.07649752627286445,-0.10149752627286444,-0.051497526272864455
0.0,kappa,1.475,0.0043316385699787175,-0.08083679835542816,-0.10583679835542815,-0.055836798355428166
0.0,kappa,1.525,0.0038204441492114935,-0.0834560497920648,-0.10845604979206479,-0.0584560497920648
0.0,kappa,1.5750000000000002,0.003371165468367929,-0.08501802968388497,-0.11001802968388497,-0.06001802968388498
0.0,kappa,1.625,0.003076821884090474,-0.08557535716554367,-0.11057535716554366,-0.06057535716554367
0.0,kappa,1.6750000000000003,0.002887101198232808,-0.06618053059059475,-0.09118053059059475,-0.04118053059059476
0.0,kappa,1.725,0.0024784406707759558,-0.09079013025347524,-0.11579013025347523,-0.06579013025347524
0.0,kappa,1.775,0.002381456231441122,-0.07237373654166242,-0.09737373654166241,-0.04737373654166242
0.0,kappa,1.8250000000000002,0.0020184018433855935,-0.07260965256525927,-0.09760965256525926,-0.04760965256525927
0.0,kappa,1.875,0.002016642207019155,-0.09415617570264981,-0.1191561757026498,-0.06915617570264981
0.0,kappa,1.9250000000000003,0.001659183538960174,-0.09989231051065238,-0.12489231051065237,-0.07489231051065239
0.0,kappa,1.975,0.0016239731295452677,-0.08203378933754174,-0.10703378933754173,-0.057033789337541746
0.0,kappa,2.0250000000000004,0.0014636095962560966,-0.09442830701144829,-0.1319283070114483,-0.056928307011448284
0.0,kappa,2.075,0.0012937605350446522,-0.09734309261118734,-0.12234309261118734,-0.07234309261118735
0.0,kappa,2.125,0.001254011194963827,-0.09263916637448598,-0.11763916637448597,-0.06763916637448598
0.0,kappa,2.175,0.0012344216732910408,-0.10817622819417755,-0.13317622819417754,-0.08317622819417755
0.0,kappa,2.225,0.00114673849384366,-0.09697593963117836,-0.12197593963117835,-0.07197593963117836
0.0,kappa,2.2750000000000004,0.0009221646703669901,-0.13275062042022429,-0.1702506204202243,-0.09525062042022428
0.0,kappa,2.325,0.0009870395808504629,-0.10492208102301422,-0.12992208102301422,-0.07992208102301422
0.0,kappa,2.375,0.0007815642681876841,-0.05487678248717679,-0.07987678248717678,-0.029876782487176796
0.0,kappa,2.4250000000000003,0.00074838273521004,-0.12042337646501707,-0.14542337646501707,-0.09542337646501707
0.0,kappa,2.475,0.0006385385473811453,-0.08287072659341926,-0.10787072659341926,-0.05787072659341927
0.0,kappa,2.5250000000000004,0.0007063107759174088,-0.07472021064671627,-0.11222021064671628,-0.03722021064671627
0.0,kappa,2.575,0.0006497083580648557,-0.14483863259346905,-0.16983863259346904,-0.11983863259346905
0.0,kappa,2.625,0.0005400469651821902,-0.07710533835052878,-0.10210533835052878,-0.05210533835052879
0.0,kappa,2.6750000000000003,0.0005498257238877029,-0.08384851245496351,-0.1088485124549635,-0.05884851245496352
0.0,kappa,2.725,0.0005218349489780753,-0.13180833387992302,-0.16930833387992303,-0.09430833387992302
0.0,kappa,2.7750000000000004,0.0004961858732964986,-0.07668439523477683,-0.10168439523477682,-0.05168439523477683
0.0,kappa,2.825,0.0004160732373501582,-0.12364685836952817,-0.14864685836952818,-0.09864685836952818
0.0,kappa,2.875,0.0003897800361134363,-0.1235053346731268,-0.1610053346731268,-0.0860053346731268
0.0,kappa,2.9250000000000003,0.0003607671112765192,-0.09387502860028771,-0.1188750286002877,-0.06887502860028771
0.0,kappa,2.975,0.0003988508218224616,-0.11861490177144998,-0.14361490177144998,-0.09361490177144999
0.0,kappa,3.0250000000000004,0.0003609310589551241,-0.13850707143246085,-0.16350707143246085,-0.11350707143246086
0.0,kappa,3.075,0.00029307634803755686,-0.14286579544094394,-0.16786579544094393,-0.11786579544094394
0.0,kappa,3.125,0.0003426280731698727,-0.09715222810577158,-0.12215222810577157,-0.07215222810577158
0.0,kappa,3.1750000000000003,0.00026132171498235404,-0.10199392033061486,-0.12699392033061485,-0.07699392033061486
0.0,kappa,3.225,0.0002582961151574579,-0.08642338391697213,-0.12392338391697214,-0.048923383916972124
0.0,kappa,3.2750000000000004,0.00024771226515652865,-0.0708433964667688,-0.09584339646676879,-0.0458433964667688
0.0,kappa,3.325,0.00022170877521615403,-0.08538326568822778,-0.11038326568822777,-0.060383265688227786
0.0,kappa,3.375,0.00018764927553352483,-0.1404546131846586,-0.1654546131846586,-0.1154546131846586
0.0,kappa,3.4250000000000003,0.00021555321151408316,-0.12952980682779971,-0.1545298068277997,-0.10452980682779972
0.0,kappa,3.475,0.00018456538065343155,-0.11295949933355401,-0.15045949933355401,-0.075459499333554
0.0,kappa,3.5250000000000004,0.0001864394335371457,-0.10731969713060917,-0.13231969713060915,-0.08231969713060917
0.0,kappa,3.575,0.00015579054590527508,-0.07886118850573592,-0.10386118850573592,-0.05386118850573593
0.0,kappa,3.625,0.00017134268969580616,-0.12904763227049518,-0.15404763227049517,-0.10404763227049518
0.0,kappa,3.6750000000000003,0.00015525825021878598,-0.09424066187480669,-0.11924066187480668,-0.0692406618748067
0.0,kappa,3.725,0.00015187694738516777,-0.12766626423025118,-0.17766626423025117,-0.07766626423025119
0.0,kappa,3.7750000000000004,0.00015183567497644915,-0.06226184287174915,-0.08726184287174915,-0.037261842871749155
0.0,kappa,3.825,0.0001293643862035209,-0.08223973659821393,-0.11973973659821394,-0.044739736598213925
0.0,kappa,3.875,0.00012550555988482317,-0.0823215266099057,-0.1073215266099057,-0.05732152660990571
0.0,kappa,3.9250000000000003,0.00010186093514067207,-0.05448470851240153,-0.07948470851240153,-0.029484708512401536
0.0,kappa,3.975,0.00012766654342653437,-0.13083571649043266,-0.15583571649043265,-0.10583571649043266
0.0,kappa,4.025,0.00011015059430072205,-0.1309997845301409,-0.1559997845301409,-0.10599978453014092
0.0,kappa,4.075,9.15387489694565e-05,-0.13376500612303832,-0.15876500612303832,-0.10876500612303833
0.0,kappa,4.125,0.00010851806195789562,-0.12486102426318334,-0.14986102426318332,-0.09986102426318334
0.0,kappa,4.175000000000001,0.00010316698892260293,-0.10521078177356634,-0.15521078177356634,-0.05521078177356635
0.0,kappa,4.225,0.0001102129835389196,-0.11279398326480121,-0.1377939832648012,-0.08779398326480121
0.0,kappa,4.275,9.265044736713901e-05,-0.09877250218810456,-0.12377250218810455,-0.07377250218810456
0.0,kappa,4.325,7.852082533206834e-05,-0.13891464160890044,-0.16391464160890043,-0.11391464160890044
0.0,kappa,4.375,7.68287082390003e-05,-0.12337439521377602,-0.14837439521377602,-0.09837439521377603
0.0,kappa,4.425000000000001,8.38057933748693e-05,-0.11137985032902027,-0.13637985032902028,-0.08637985032902028
0.0,kappa,4.475,6.31981637417141e-05,-0.12101754662456742,-0.1460175466245674,-0.09601754662456742
0.0,kappa,4.525,7.89173095201079e-05,-0.1164265869304033,-0.1539265869304033,-0.07892658693040329
0.0,kappa,4.575,7.483727549771672e-05,-0.17821171124024673,-0.20321171124024673,-0.15321171124024674
0.0,kappa,4.625,6.33187515011949e-05,-0.16874316787557128,-0.19374316787557128,-0.1437431678755713
0.0,kappa,4.675000000000001,6.240412232700801e-05,-0.1300373555808535,-0.1550373555808535,-0.1050373555808535
0.0,kappa,4.725,5.7739738875570005e-05,-0.049764859948151836,-0.07476485994815182,-0.024764859948151842
0.0,kappa,4.775,5.674674703776105e-05,-0.06366973896855475,-0.08866973896855475,-0.03866973896855476
0.0,kappa,4.825000000000001,6.3934359496111e-05,-0.18384443384533883,-0.23384443384533882,-0.13384443384533884
0.0,kappa,4.875,5.5724974386905075e-05,-0.12444682425808083,-0.1494468242580808,-0.09944682425808084
0.0,kappa,4.925000000000001,4.995491713411215e-05,-0.14792184386664456,-0.17292184386664455,-0.12292184386664456
0.0,kappa,4.975,3.811764475624262e-05,-0.035615289658021326,-0.06061528965802132,-0.010615289658021332
0.0,kappa_prime,-15.84,7.497782632522588e-05,0.015991671295669307,0.0034916712956692963,0.02849167129566932
0.0,kappa_prime,-15.52,8.766666256785298e-05,-0.14118077241303018,-0.16618077241303017,-0.11618077241303018
0.0,kappa_prime,-15.2,9.032554490812212e-05,-0.00993097176654069,-0.03493097176654068,0.015069028233459304
0.0,kappa_prime,-14.879999999999999,0.0001045978750505472,-0.0699111590900787,-0.09491115909007869,-0.0449111590900787
0.0,kappa_prime,-14.56,0.00010379006980124563,-0.11284080999680272,-0.1378408099968027,-0.08784080999680273
0.0,kappa_prime,-14.24,0.000105775562441613,-0.015400809560824324,-0.05290080956082433,0.02209919043917568
0.0,kappa_prime,-13.92,9.372711712438257e-05,-0.031365032032365806,-0.06886503203236581,0.0061349679676342
0.0,kappa_prime,-13.6,0.0001287390997226382,-0.039640359735684944,-0.08964035973568493,0.010359640264315045
0.0,kappa_prime,-13.280000000000001,0.00015275861474014398,-0.03393386315858408,-0.05893386315858407,-0.008933863158584084
0.0,kappa_prime,-12.96,0.00014512836778234463,-0.018850176582642614,-0.056350176582642617,0.01864982341735739
0.0,kappa_prime,-12.64,0.00013451357522264372,-0.03090228802141956,-0.055902288021419555,-0.005902288021419566
0.0,kappa_prime,-12.32,0.0001472864686964259,-0.024779341213066075,-0.04977934121306607,0.00022065878693391938
0.0,kappa_prime,-12.0,0.00015871226253862808,-0.07550373121776557,-0.10050373121776557,-0.05050373121776558
0.0,kappa_prime,-11.68,0.00019353752912287296,0.024820992565895556,-0.00017900743410443828,0.04982099256589555
0.0,kappa_prime,-11.36,0.0001480812257568834,-0.07202937479975055,-0.09702937479975055,-0.047029374799750556
0.0,kappa_prime,-11.04,0.00020484974103925882,-0.03325861903104637,-0.07075861903104638,0.0042413809689536355
0.0,kappa_prime,-10.719999999999999,0.0001908780365293839,-0.021578827735132713,-0.05907882773513272,0.015921172264867292
0.0,kappa_prime,-10.399999999999999,0.00021153244511748192,-0.049932598884370176,-0.11243259888437018,0.012567401115629824
0.0,kappa_prime,-10.08,0.00023516259900133776,-0.0818402687847888,-0.10684026878478879,-0.0568402687847888
0.0,kappa_prime,-9.76,0.0002310107603585176,-0.001451419631645135,-0.02645141963164513,0.02354858036835486
0.0,kappa_prime,-9.440000000000001,0.0002950925980604016,-0.030419070048615698,-0.055419070048615696,-0.005419070048615703
0.0,kappa_prime,-9.120000000000001,0.00028779646461021867,-0.04905135097926896,-0.07405135097926896,-0.024051350979268964
0.0,kappa_prime,-8.8,0.0003197620805116978,-0.02802492260099163,-0.05302492260099162,-0.0030249226009916343
0.0,kappa_prime,-8.48,0.00032142367826171593,-0.03242369652676991,-0.0824236965267699,0.01757630347323008
0.0,kappa_prime,-8.16,0.0004179202287388469,-0.0033547151521052376,-0.028354715152105234,0.021645284847894755
0.0,kappa_prime,-7.84,0.0004018608749132743,-0.01123577509526958,-0.048735775095269586,0.026264224904730425
0.0,kappa_prime,-7.52,0.0004849794971628163,-0.06459098977879599,-0.127090989778796,-0.0020909897787959875
0.0,kappa_prime,-7.199999999999999,0.0005027884389634885,-0.02473591332497586,-0.04973591332497586,0.000264086675024134
0.0,kappa_prime,-6.88,0.0005845650978672942,-0.011538506668283526,-0.036538506668283524,0.013461493331716468
0.0,kappa_prime,-6.5600000000000005,0.0006971302473464968,-0.03671762361186568,-0.061717623611865675,-0.011717623611865687
0.0,kappa_prime,-6.24,0.0007689534056247527,0.007655389500825345,-0.02984461049917466,0.04515538950082535
0.0,kappa_prime,-5.92,0.0008215413860189936,-0.034004493499428926,-0.07150449349942893,0.00349550650057108
0.0,kappa_prime,-5.6,0.0009517619696229698,-0.061158681021125726,-0.08615868102112573,-0.03615868102112573
0.0,kappa_prime,-5.279999999999999,0.0010915671686293291,-0.009226201078222234,-0.03422620107822223,0.01577379892177776
0.0,kappa_prime,-4.959999999999999,0.001305137243220944,-0.05359168252585401,-0.091091682525854,-0.016091682525854002
0.0,kappa_prime,-4.64,0.0015286313100526224,-0.03279307372447175,-0.05779307372447175,-0.007793073724471758
0.0,kappa_prime,-4.32,0.001632621541788125,-0.004550694860103922,-0.029550694860103918,0.02044930513989607
0.0,kappa_prime,-4.0,0.002055464199979087,-0.01654172640325683,-0.054041726403256836,0.020958273596743175
0.0,kappa_prime,-3.6799999999999997,0.002569255884405858,-0.015668091041342532,-0.04066809104134253,0.009331908958657462
0.0,kappa_prime,-3.3599999999999994,0.0031831888556967105,-7.095185839679568e-05,-0.02507095185839679,0.0249290481416032
0.0,kappa_prime,-3.039999999999999,0.0035751515293806608,-0.02118276857962646,-0.04618276857962646,0.0038172314203735354
0.0,kappa_prime,-2.7199999999999998,0.004678966291128111,-0.019243282710000035,-0.044243282710000026,0.0057567172899999595
0.0,kappa_prime,-2.4000000000000004,0.0062078026371103125,-0.005948328760383884,-0.030948328760383878,0.01905167123961611
0.0,kappa_prime,-2.08,0.008488247039266034,0.0102249143160779,-0.014775085683922095,0.035224914316077896
0.0,kappa_prime,-1.7599999999999998,0.011471789121078026,0.018205537462767592,-0.006794462537232402,0.04320553746276759
0.0,kappa_prime,-1.4399999999999995,0.01740638316161405,0.02233261751117528,-0.0026673824888247127,0.047332617511175276
0.0,kappa_prime,-1.1199999999999992,0.02837227491198715,0.04001982273892299,0.015019822738922994,0.06501982273892298
0.0,kappa_prime,-0.7999999999999998,0.04870155564340585,0.0654184929154546,0.0404184929154546,0.09041849291545459
0.0,kappa_prime,-0.4800000000000004,0.10328338648889133,0.1346821535426429,0.10968215354264291,0.1596821535426429
0.0,kappa_prime,-0.16000000000000014,0.24325838651483828,0.28477706805245995,0.2597770680524599,0.30977706805245997
0.0,kappa_prime,0.16000000000000014,0.24252559675640642,0.285627147636692,0.26062714763669204,0.31062714763669197
0.0,kappa_prime,0.4800000000000004,0.10123882304603876,0.13753551970889233,0.11253551970889233,0.16253551970889232
0.0,kappa_prime,0.8000000000000007,0.04863665203752346,0.0750872935529899,0.05008729355298991,0.1000872935529899
0.0,kappa_prime,1.120000000000001,0.02786518773802609,0.04285127381983764,0.017851273819837643,0.06785127381983763
0.0,kappa_prime,1.4400000000000013,0.017488756332270927,0.025746055993136067,0.0007460559931360723,0.05074605599313606
0.0,kappa_prime,1.7600000000000016,0.011489817591633344,0.007482238755362477,-0.01751776124463752,0.03248223875536247
0.0,kappa_prime,2.080000000000002,0.008634170213283044,0.02331939435469405,-0.0016806056453059458,0.04831939435469404
0.0,kappa_prime,2.4000000000000004,0.006054158242903558,0.004932593296441757,-0.032567406703558247,0.042432593296441765
0.0,kappa_prime,2.719999999999999,0.004827794795945776,-0.011719833145135732,-0.03671983314513573,0.013280166854864262
0.0,kappa_prime,3.039999999999999,0.003907812926818741,0.021010577914805175,-0.003989422085194819,0.04601057791480517
0.0,kappa_prime,3.3599999999999994,0.0030173500081434913,-0.00525227375170839,-0.030252273751708386,0.019747726248291603
0.0,kappa_prime,3.6799999999999997,0.0025003508232745307,-0.021664279961819435,-0.04666427996181943,0.0033357200381805598
0.0,kappa_prime,4.0,0.002072337568466846,-0.015638117939779792,-0.04063811793977978,0.009361882060220202
0.0,kappa_prime,4.32,0.0017001281235958054,-0.007506313911421158,-0.032506313911421156,0.017493686088578837
0.0,kappa_prime,4.640000000000001,0.001431338637795341,-0.05379457636360033,-0.07879457636360032,-0.028794576363600333
0.0,kappa_prime,4.960000000000001,0.001311547778761747,-0.020659792231869593,-0.058159792231869595,0.016840207768130413
0.0,kappa_prime,5.280000000000001,0.0011189752705083255,-0.036966670698588035,-0.06196667069858803,-0.01196667069858804
0.0,kappa_prime,5.600000000000001,0.0009483775403753101,-0.019694549013361543,-0.044694549013361534,0.005305450986638451
0.0,kappa_prime,5.920000000000002,0.0009181477826742104,-0.03177761327670151,-0.05677761327670151,-0.006777613276701518
0.0,kappa_prime,6.240000000000002,0.000712783342492249,-0.014727544836251986,-0.03972754483625198,0.010272455163748008
0.0,kappa_prime,6.5600000000000005,0.0006894351248750483,-0.018530749000953917,-0.04353074900095391,0.006469250999046078
0.0,kappa_prime,6.879999999999999,0.0006098384343074074,-0.0012107650743599639,-0.02621076507435996,0.02378923492564003
0.0,kappa_prime,7.199999999999999,0.0005523610234288081,-0.03193135844742093,-0.05693135844742092,-0.006931358447420932
0.0,kappa_prime,7.52,0.0005273281401332884,-0.01129489423086503,-0.03629489423086502,0.013705105769134964
0.0,kappa_prime,7.84,0.0004169376049018487,0.01716103626187374,-0.020338963738126267,0.05466103626187374
0.0,kappa_prime,8.16,0.0003739101578330758,-0.007637656726315807,-0.04513765672631581,0.0298623432736842
0.0,kappa_prime,8.48,0.000379236514783278,-0.030236783012896964,-0.05523678301289696,-0.00523678301289697
0.0,kappa_prime,8.8,0.0003807808886854123,-0.04326028113695737,-0.06826028113695737,-0.018260281136957372
0.0,kappa_prime,9.120000000000001,0.00030229128010366866,-0.051172625269404,-0.07617262526940399,-0.026172625269404004
0.0,kappa_prime,9.440000000000001,0.0002978847517672822,0.020508615118674026,-0.004491384881325968,0.04550861511867402
0.0,kappa_prime,9.760000000000002,0.00028077925133448555,-0.06967578949716621,-0.10717578949716622,-0.03217578949716621
0.0,kappa_prime,10.080000000000002,0.00024924274735889834,-0.06546017264750231,-0.09046017264750231,-0.04046017264750232
0.0,kappa_prime,10.400000000000002,0.0002354922584501214,0.008868653983138545,-0.016131346016861448,0.03386865398313854
0.0,kappa_prime,10.72,0.0002000540204523712,0.07367704014861391,0.04867704014861392,0.0986770401486139
0.0,kappa_prime,11.04,0.00018966665650298824,-0.01784176600985539,-0.042841766009855384,0.007158233990144605
0.0,kappa_prime,11.36,0.00021200463687282532,-0.019385529677761887,-0.04438552967776188,0.005614470322238108
0.0,kappa_prime,11.68,0.0001673206244101084,-0.0631967663950539,-0.08819676639505389,-0.0381967663950539
0.0,kappa_prime,12.0,0.00016043004145278026,0.001491997573855967,-0.023508002426144026,0.026491997573855963
0.0,kappa_prime,12.32,0.00013332995186942644,-0.04455392547366412,-0.08205392547366414,-0.007053925473664117
0.0,kappa_prime,12.64,0.00011560149002168491,-0.007529889401699692,-0.0450298894016997,0.029970110598300313
0.0,kappa_prime,12.96,0.00014277452824201694,-0.0447457703281518,-0.1072457703281518,0.0177542296718482
0.0,kappa_prime,13.280000000000001,0.00012481532402680223,-0.007332729320821323,-0.03233272932082132,0.01766727067917867
0.0,kappa_prime,13.600000000000001,0.00012235335539225386,-0.1172134346423348,-0.1422134346423348,-0.09221343464233481
0.0,kappa_prime,13.920000000000002,9.979701477837539e-05,0.02866390043904834,0.003663900439048344,0.05366390043904833
0.0,kappa_prime,14.240000000000002,0.00010960762298352872,-0.0012602222191649148,-0.026260222219164908,0.02373977778083508
0.0,kappa_prime,14.56,7.167205740440378e-05,0.005395620041911901,-0.0946043799580881,0.10539562004191191
0.0,kappa_prime,14.879999999999999,9.310795865185042e-05,-0.04264495167879296,-0.08014495167879296,-0.005144951678792954
0.0,kappa_prime,15.2,9.747726885611744e-05,0.021197438384662818,-0.02880256161533717,0.0711974383846628
0.0,kappa_prime,15.52,7.043042391430634e-05,-0.07547228911995625,-0.13797228911995624,-0.012972289119956251
0.0,kappa_prime,15.84,9.656913815125697e-05,-0.013531310653095856,-0.038531310653095854,0.011468689346904138
0.0,kappa_tau,-5.9399999999999995,7.489473129234854e-05,-0.2123298224584368,-0.2623298224584368,-0.1623298224584368
0.0,kappa_tau,-5.82,5.401345018023446e-05,-0.1733437402732535,-0.1858437402732535,-0.1608437402732535
0.0,kappa_tau,-5.699999999999999,6.220222318974853e-05,-0.17070192584401433,-0.19570192584401433,-0.14570192584401434
0.0,kappa_tau,-5.58,7.2220876960497e-05,-0.17483942672181094,-0.19983942672181093,-0.14983942672181094
0.0,kappa_tau,-5.46,8.282314607968724e-05,-0.2597021283253943,-0.2847021283253943,-0.2347021283253943
0.0,kappa_tau,-5.34,7.705357574328079e-05,-0.1490903148436692,-0.1865903148436692,-0.11159031484366919
0.0,kappa_tau,-5.220000000000001,8.364311365096555e-05,-0.1151152811604673,-0.1401152811604673,-0.09011528116046731
0.0,kappa_tau,-5.1,0.00011046479631940166,-0.1557399730395187,-0.1807399730395187,-0.1307399730395187
0.0,kappa_tau,-4.98,0.00010154752883426105,-0.14341265965738295,-0.16841265965738295,-0.11841265965738296
0.0,kappa_tau,-4.859999999999999,8.315611490316183e-05,-0.11271150272830349,-0.1377115027283035,-0.0877115027283035
0.0,kappa_tau,-4.74,0.00010256724377474783,-0.1825880564808426,-0.2200880564808426,-0.14508805648084258
0.0,kappa_tau,-4.62,0.00014922672492297112,-0.1582376241557122,-0.18323762415571218,-0.1332376241557122
0.0,kappa_tau,-4.5,0.0001551275522051827,-0.1489166445433548,-0.1864166445433548,-0.11141664454335479
0.0,kappa_tau,-4.38,0.00017081316801393406,-0.17513210457200307,-0.20013210457200306,-0.15013210457200307
0.0,kappa_tau,-4.26,0.00018817086744805326,-0.1667665533978778,-0.1917665533978778,-0.1417665533978778
0.0,kappa_tau,-4.140000000000001,0.00017043827067846144,-0.13393330269594161,-0.1589333026959416,-0.10893330269594162
0.0,kappa_tau,-4.02,0.0001855676801977129,-0.1147574104460691,-0.1397574104460691,-0.08975741044606911
0.0,kappa_tau,-3.9,0.0002152202387540085,-0.11045903434705068,-0.13545903434705067,-0.08545903434705068
0.0,kappa_tau,-3.7800000000000002,0.00024064298396959922,-0.18797163071085216,-0.21297163071085215,-0.16297163071085216
0.0,kappa_tau,-3.66,0.0002558701901198202,-0.1074525534662866,-0.1324525534662866,-0.0824525534662866
0.0,kappa_tau,-3.54,0.00028271587502350776,-0.09258088802491575,-0.11758088802491574,-0.06758088802491576
0.0,kappa_tau,-3.42,0.0003876693755356401,-0.14986853461617636,-0.17486853461617635,-0.12486853461617636
0.0,kappa_tau,-3.3000000000000003,0.0003656736653293901,-0.10155776325466968,-0.12655776325466966,-0.07655776325466969
0.0,kappa_tau,-3.18,0.00046022202016956376,-0.15512065599085867,-0.18012065599085866,-0.13012065599085867
0.0,kappa_tau,-3.06,0.0005284216565637367,-0.15120869894043013,-0.17620869894043012,-0.12620869894043013
0.0,kappa_tau,-2.94,0.0004728529410255465,-0.12204810250873101,-0.14704810250873102,-0.09704810250873101
0.0,kappa_tau,-2.8200000000000003,0.0006842315960692948,-0.14154734778675454,-0.16654734778675453,-0.11654734778675455
0.0,kappa_tau,-2.7,0.0006947228035962238,-0.127679564569729,-0.152679564569729,-0.10267956456972901
0.0,kappa_tau,-2.58,0.0008347949437809928,-0.1258426519396628,-0.1508426519396628,-0.1008426519396628
0.0,kappa_tau,-2.46,0.0009320053623311769,-0.11255005352147557,-0.13755005352147556,-0.08755005352147557
0.0,kappa_tau,-2.3400000000000003,0.0012277332276032981,-0.12191404364186131,-0.1469140436418613,-0.09691404364186132
0.0,kappa_tau,-2.22,0.0012311743660429536,-0.13028692119031948,-0.15528692119031948,-0.10528692119031949
0.0,kappa_tau,-2.1,0.001600208010892127,-0.107568699278417,-0.132568699278417,-0.08256869927841701
0.0,kappa_tau,-1.98,0.0017253448838556091,-0.09564441676747638,-0.12064441676747638,-0.07064441676747639
0.0,kappa_tau,-1.8599999999999999,0.002120647247749025,-0.08478784415819304,-0.10978784415819304,-0.05978784415819305
0.0,kappa_tau,-1.7399999999999998,0.002707167463570313,-0.09544407889533116,-0.13294407889533116,-0.05794407889533115
0.0,kappa_tau,-1.62,0.003155900602050545,-0.060709403379521625,-0.08570940337952163,-0.03570940337952163
0.0,kappa_tau,-1.5000000000000004,0.0037286322755297353,-0.07709647281845862,-0.10209647281845861,-0.052096472818458625
0.0,kappa_tau,-1.3800000000000003,0.0046495341396786275,-0.07488141247279743,-0.09988141247279743,-0.04988141247279744
0.0,kappa_tau,-1.2600000000000002,0.005901461313860792,-0.01990438836515617,-0.044904388365156166,0.005095611634843823
0.0,kappa_tau,-1.1400000000000001,0.007361583583570152,-0.03444961475905827,-0.059449614759058265,-0.009449614759058277
0.0,kappa_tau,-1.02,0.009429088885026714,-0.04303383536631573,-0.06803383536631571,-0.018033835366315733
0.0,kappa_tau,-0.8999999999999999,0.012501601648016137,-0.021911454462251338,-0.04691145446225133,0.003088545537748656
0.0,kappa_tau,-0.7800000000000002,0.01766889635620989,-0.0010938451784068021,-0.026093845178406797,0.02390615482159319
0.0,kappa_tau,-0.6600000000000006,0.023480489431157808,0.036456140686827856,0.011456140686827862,0.06145614068682785
0.0,kappa_tau,-0.5400000000000005,0.03207793889777633,0.060225057957124725,0.03522505795712473,0.08522505795712472
0.0,kappa_tau,-0.4200000000000004,0.04710804196000635,0.11256141843830622,0.08756141843830623,0.13756141843830622
0.0,kappa_tau,-0.30000000000000027,0.06886557536711929,0.18048498710449296,0.15548498710449296,0.20548498710449295
0.0,kappa_tau,-0.18000000000000016,0.10225442902761313,0.24592880165096767,0.22092880165096768,0.27092880165096767
0.0,kappa_tau,-0.06000000000000005,0.14201031968092354,0.32437636677589626,0.2993763667758963,0.34937636677589623
0.0,kappa_tau,0.06000000000000005,0.1399517847327219,0.3199687371604032,0.29496873716040317,0.3449687371604032
0.0,kappa_tau,0.18000000000000016,0.1032339729687506,0.2579510599087013,0.23295105990870132,0.2829510599087013
0.0,kappa_tau,0.2999999999999998,0.07028583036538069,0.1771993871036436,0.1521993871036436,0.2021993871036436
0.0,kappa_tau,0.4199999999999995,0.04756494185617378,0.11402064655224946,0.08902064655224946,0.13902064655224944
0.0,kappa_tau,0.5399999999999996,0.03243893143647508,0.06631175604062389,0.0413117560406239,0.09131175604062389
0.0,kappa_tau,0.6599999999999997,0.022744408966094563,0.04642737588877399,0.021427375888773997,0.07142737588877399
0.0,kappa_tau,0.7799999999999998,0.016679707903136012,0.002449885227250961,-0.022550114772749034,0.027449885227250954
0.0,kappa_tau,0.8999999999999999,0.012783977358009933,-0.021007854456945814,-0.04600785445694581,0.0039921455430541805
0.0,kappa_tau,1.02,0.009741497606977659,-0.016727867766855416,-0.041727867766855414,0.008272132233144578
0.0,kappa_tau,1.1399999999999997,0.007591502425791605,-0.06413446323434249,-0.08913446323434249,-0.0391344632343425
0.0,kappa_tau,1.2599999999999993,0.005898208613737115,-0.048674015539895525,-0.08617401553989554,-0.01117401553989552
0.0,kappa_tau,1.3799999999999994,0.0047933078471076125,-0.06522525411051243,-0.09022525411051242,-0.040225254110512434
0.0,kappa_tau,1.4999999999999996,0.0036238991284351305,-0.07323580332515035,-0.09823580332515035,-0.04823580332515036
0.0,kappa_tau,1.6199999999999997,0.002991617984306408,-0.08312325636112136,-0.10812325636112136,-0.05812325636112137
0.0,kappa_tau,1.7399999999999998,0.002538373168343193,-0.09392871643708071,-0.11892871643708071,-0.06892871643708072
0.0,kappa_tau,1.8599999999999999,0.002249205105369469,-0.10142538374598944,-0.12642538374598944,-0.07642538374598945
0.0,kappa_tau,1.9799999999999995,0.0017219831640828912,-0.08575622654407385,-0.11075622654407384,-0.06075622654407385
0.0,kappa_tau,2.0999999999999996,0.0015222683618908992,-0.1049527073548505,-0.12995270735485048,-0.07995270735485051
0.0,kappa_tau,2.2199999999999998,0.0012312842910016948,-0.10715636974755122,-0.1321563697475512,-0.08215636974755122
0.0,kappa_tau,2.34,0.0010808888282938648,-0.1234873850169969,-0.14848738501699688,-0.0984873850169969
0.0,kappa_tau,2.46,0.000915922098325658,-0.11516332353463754,-0.14016332353463754,-0.09016332353463755
0.0,kappa_tau,2.58,0.0008443827291320037,-0.12753045728745027,-0.15253045728745027,-0.10253045728745028
0.0,kappa_tau,2.7,0.0007301430783857145,-0.12235123259632835,-0.14735123259632835,-0.09735123259632836
0.0,kappa_tau,2.8199999999999994,0.0006707286648909433,-0.09476961095088088,-0.11976961095088087,-0.06976961095088088
0.0,kappa_tau,2.9399999999999995,0.0005972696471486458,-0.13895276486620958,-0.16395276486620958,-0.11395276486620959
0.0,kappa_tau,3.0599999999999996,0.0005080371047038782,-0.10629817102496839,-0.13129817102496838,-0.08129817102496839
0.0,kappa_tau,3.1799999999999997,0.0004517259262137816,-0.15522935403202706,-0.18022935403202706,-0.13022935403202707
0.0,kappa_tau,3.3,0.0003423842655798835,-0.11585902064129854,-0.15335902064129853,-0.07835902064129853
0.0,kappa_tau,3.42,0.00032350509388249013,-0.1661570987439352,-0.1911570987439352,-0.1411570987439352
0.0,kappa_tau,3.54,0.00029961339835879724,-0.12257201705250936,-0.14757201705250936,-0.09757201705250937
0.0,kappa_tau,3.6599999999999993,0.0002484765558855614,-0.11836509044152889,-0.1433650904415289,-0.0933650904415289
0.0,kappa_tau,3.7799999999999994,0.0002515596389093594,-0.1131214206148308,-0.1381214206148308,-0.0881214206148308
0.0,kappa_tau,3.8999999999999995,0.00023901351435279934,-0.16569938331469736,-0.20319938331469736,-0.12819938331469735
0.0,kappa_tau,4.02,0.0001881883734142872,-0.16222608734809352,-0.1872260873480935,-0.13722608734809352
0.0,kappa_tau,4.14,0.00017711776534298155,-0.1410588900301995,-0.1660588900301995,-0.11605889003019951
0.0,kappa_tau,4.26,0.00016589381955234143,-0.10399663577633071,-0.1414966357763307,-0.0664966357763307
0.0,kappa_tau,4.38,0.0001648822650532315,-0.15050510315083013,-0.17550510315083012,-0.12550510315083013
0.0,kappa_tau,4.499999999999999,0.0001331798750263749,-0.16761439162993141,-0.1926143916299314,-0.14261439162993142
0.0,kappa_tau,4.619999999999999,0.0001290894051619987,-0.13249836716507396,-0.15749836716507395,-0.10749836716507397
0.0,kappa_tau,4.739999999999999,0.00013466437981401926,-0.1866958176873156,-0.2116958176873156,-0.1616958176873156
0.0,kappa_tau,4.859999999999999,9.555140531084345e-05,-0.12311338981188581,-0.1731133898118858,-0.07311338981188582
0.0,kappa_tau,4.9799999999999995,0.00010799563726772549,-0.22858808536951167,-0.25358808536951166,-0.20358808536951167
0.0,kappa_tau,5.1,0.00010194501518675451,-0.14606886863013557,-0.17106886863013557,-0.12106886863013558
0.0,kappa_tau,5.22,0.00010414304898647523,-0.14400060822696678,-0.1565006082269668,-0.13150060822696677
0.0,kappa_tau,5.34,6.333868559249281e-05,-0.07673877245764876,-0.11423877245764877,-0.03923877245764876
0.0,kappa_tau,5.46,7.554078352187912e-05,-0.2212627492607142,-0.2587627492607142,-0.1837627492607142
0.0,kappa_tau,5.579999999999999,8.210197051386904e-05,-0.204464620925044,-0.229464620925044,-0.179464620925044
0.0,kappa_tau,5.699999999999999,5.2471117620301715e-05,-0.12382406407856542,-0.16132406407856542,-0.08632406407856541
0.0,kappa_tau,5.819999999999999,5.023860459299498e-05,-0.06781576052651031,-0.1178157605265103,-0.01781576052651032
0.0,kappa_tau,5.9399999999999995,4.972487158130551e-05,-0.17770967388488002,-0.20270967388488,-0.15270967388488002
1.0,kappa,0.025,0.013624914670673447,0.3967237798441454,0.22172377984414549,0.5717237798441454
1.0,kappa,0.07500000000000001,0.038845917524691014,0.3796499887413693,0.3546499887413693,0.40464998874136926
1.0,kappa,0.125,0.05884513313374324,0.3599248754982317,0.32242487549823173,0.3974248754982317
1.0,kappa,0.17500000000000002,0.07079095343636709,0.33877488758526747,0.30127488758526744,0.3762748875852675
1.0,kappa,0.225,0.07523420315437221,0.3085156076009532,0.2835156076009532,0.3335156076009532
1.0,kappa,0.275,0.07561113476584685,0.2702922224959619,0.24529222249596191,0.2952922224959619
1.0,kappa,0.32500000000000007,0.07186962095280452,0.23160489421491623,0.20660489421491623,0.2566048942149162
1.0,kappa,0.375,0.06838620535926866,0.20987201709855205,0.18487201709855206,0.23487201709855204
1.0,kappa,0.42500000000000004,0.060947365467235934,0.168962664459433,0.143962664459433,0.193962664459433
1.0,kappa,0.475,0.05464980779357492,0.15035157886418474,0.12535157886418474,0.17535157886418473
1.0,kappa,0.525,0.048769263793452575,0.1234891518498603,0.0984891518498603,0.14848915184986028
1.0,kappa,0.5750000000000001,0.04213192143980783,0.09476679241792549,0.0697667924179255,0.11976679241792548
1.0,kappa,0.625,0.03690361738790142,0.08053012186269486,0.05553012186269486,0.10553012186269485
1.0,kappa,0.675,0.032185381910108085,0.05246996479241867,0.02746996479241868,0.07746996479241866
1.0,kappa,0.7250000000000001,0.02834629719631314,0.03761984962117057,0.012619849621170576,0.06261984962117056
1.0,kappa,0.775,0.024599284106361814,0.027941834021319948,0.0029418340213199536,0.05294183402131994
1.0,kappa,0.8250000000000001,0.021352016325836755,0.015676095913215646,-0.009323904086784348,0.04067609591321564
1.0,kappa,0.875,0.018910970858117656,0.002000829841783916,-0.02299917015821608,0.02700082984178391
1.0,kappa,0.925,0.016454917739436584,-0.0019865307598136007,-0.026986530759813596,0.023013469240186393
1.0,kappa,0.9750000000000001,0.01408143059297965,-0.026349650826811104,-0.0513496508268111,-0.00134965082681111
1.0,kappa,1.025,0.012962540358240082,-0.025535714183244903,-0.0505357141832449,-0.0005357141832449085
1.0,kappa,1.0750000000000002,0.011471486612355253,-0.039036363054309284,-0.06403636305430928,-0.01403636305430929
1.0,kappa,1.125,0.009790472210737346,-0.04432103728422501,-0.069321037284225,-0.019321037284225018
1.0,kappa,1.1750000000000003,0.008983517077370589,-0.0625788847972638,-0.08757888479726379,-0.037578884797263803
1.0,kappa,1.225,0.007925130854900037,-0.04592447900289819,-0.0709244790028982,-0.0209244790028982
1.0,kappa,1.275,0.006925173792372476,-0.05562928878326962,-0.08062928878326961,-0.030629288783269627
1.0,kappa,1.3250000000000002,0.006173497914924013,-0.07004282451336959,-0.09504282451336958,-0.04504282451336959
1.0,kappa,1.375,0.0054005615519710035,-0.0614786124500701,-0.0864786124500701,-0.03647861245007011
1.0,kappa,1.4250000000000003,0.004861075695299333,-0.06292543967348793,-0.08792543967348793,-0.03792543967348794
1.0,kappa,1.475,0.004275643667105833,-0.0876645349406409,-0.1126645349406409,-0.0626645349406409
1.0,kappa,1.525,0.003890622135528995,-0.07576934179652739,-0.10076934179652738,-0.050769341796527395
1.0,kappa,1.5750000000000002,0.003422450078918228,-0.07365654802879376,-0.09865654802879376,-0.04865654802879377
1.0,kappa,1.625,0.003138627234135343,-0.08948860436794073,-0.11448860436794073,-0.06448860436794074
1.0,kappa,1.6750000000000003,0.0028081057869388127,-0.06608653967795752,-0.09108653967795752,-0.04108653967795753
1.0,kappa,1.725,0.0026608905061092417,-0.08026002676241734,-0.10526002676241733,-0.05526002676241734
1.0,kappa,1.775,0.0023113320255752495,-0.07746927485751387,-0.10246927485751386,-0.052469274857513876
1.0,kappa,1.8250000000000002,0.0021137930021644467,-0.06336221207079548,-0.08836221207079548,-0.03836221207079549
1.0,kappa,1.875,0.0019475242059865622,-0.09422131886422187,-0.11922131886422187,-0.06922131886422188
1.0,kappa,1.9250000000000003,0.00183512799495408,-0.07484402185845711,-0.0998440218584571,-0.04984402185845711
1.0,kappa,1.975,0.0014920242693786123,-0.09946153675306386,-0.12446153675306386,-0.07446153675306387
1.0,kappa,2.0250000000000004,0.0015564477914343712,-0.08941203935515604,-0.11441203935515604,-0.06441203935515605
1.0,kappa,2.075,0.0013001382585317292,-0.09481235415411235,-0.11981235415411234,-0.06981235415411235
1.0,kappa,2.125,0.0012904779155943073,-0.08685782796321832,-0.11185782796321832,-0.06185782796321833
1.0,kappa,2.175,0.0012209879046037365,-0.10139432465028556,-0.12639432465028555,-0.07639432465028556
1.0,kappa,2.225,0.0011355727134673616,-0.11011342970370111,-0.1351134297037011,-0.08511342970370112
1.0,kappa,2.2750000000000004,0.001041269133968918,-0.08837832678258593,-0.11337832678258593,-0.06337832678258594
1.0,kappa,2.325,0.0008697515526649875,-0.10569163660750207,-0.13069163660750205,-0.08069163660750207
1.0,kappa,2.375,0.0008151222452321617,-0.06945703641703355,-0.09445703641703354,-0.04445703641703355
1.0,kappa,2.4250000000000003,0.0007906084016806216,-0.0967811135026369,-0.1217811135026369,-0.07178111350263691
1.0,kappa,2.475,0.0006760125111598252,-0.09966488326136042,-0.12466488326136041,-0.07466488326136042
1.0,kappa,2.5250000000000004,0.0006834070089617129,-0.10349108224121004,-0.12849108224121003,-0.07849108224121004
1.0,kappa,2.575,0.0006426751412112196,-0.08526001643047182,-0.11026001643047181,-0.060260016430471824
1.0,kappa,2.625,0.0005441010508622734,-0.06739065049055848,-0.09239065049055847,-0.042390650490558485
1.0,kappa,2.6750000000000003,0.0005663369557845897,-0.1309006634408081,-0.1559006634408081,-0.10590066344080812
1.0,kappa,2.725,0.0005310901514080843,-0.08008161112865958,-0.11758161112865959,-0.042581611128659574
1.0,kappa,2.7750000000000004,0.0004795467083539338,-0.09180800050522486,-0.11680800050522486,-0.06680800050522487
1.0,kappa,2.825,0.0004276588447321456,-0.09291842825689059,-0.1304184282568906,-0.055418428256890584
1.0,kappa,2.875,0.00041582596703439905,-0.10449832090362786,-0.12949832090362784,-0.07949832090362786
1.0,kappa,2.9250000000000003,0.0003897688629686583,-0.13856395903495639,-0.16356395903495638,-0.11356395903495639
1.0,kappa,2.975,0.00035691882506545954,-0.10868667430751941,-0.1336866743075194,-0.08368667430751942
1.0,kappa,3.0250000000000004,0.00035297027980649365,-0.09141951942518405,-0.11641951942518404,-0.06641951942518405
1.0,kappa,3.075,0.0003464513372903379,-0.11297166396833201,-0.137971663968332,-0.08797166396833202
1.0,kappa,3.125,0.00031979152333226656,-0.1192788208851789,-0.1442788208851789,-0.0942788208851789
1.0,kappa,3.1750000000000003,0.0002736003470554641,-0.13209593677833786,-0.16959593677833787,-0.09459593677833786
1.0,kappa,3.225,0.00024115398412984595,-0.08276067431679464,-0.10776067431679463,-0.057760674316794644
1.0,kappa,3.2750000000000004,0.0002578928319926666,-0.05530961750553757,-0.08030961750553756,-0.030309617505537574
1.0,kappa,3.325,0.00021945732350503753,-0.1006507733643948,-0.12565077336439479,-0.07565077336439481
1.0,kappa,3.375,0.0002189866361203946,-0.0807602391025684,-0.10576023910256839,-0.0557602391025684
1.0,kappa,3.4250000000000003,0.00019383806321748073,-0.12261167476888506,-0.17261167476888506,-0.07261167476888507
1.0,kappa,3.475,0.00021314204244756997,-0.09326466531098529,-0.1307646653109853,-0.055764665310985284
1.0,kappa,3.5250000000000004,0.00016632350118056494,-0.16952234956565926,-0.19452234956565925,-0.14452234956565926
1.0,kappa,3.575,0.0001714995529832178,-0.09923682697021456,-0.12423682697021456,-0.07423682697021457
1.0,kappa,3.625,0.00016137455117868883,-0.12955972910535002,-0.15455972910535,-0.10455972910535002
1.0,kappa,3.6750000000000003,0.00015248886006913583,-0.04543641307829582,-0.07043641307829582,-0.02043641307829583
1.0,kappa,3.725,0.00014893679092709466,-0.09829452156037959,-0.13579452156037958,-0.06079452156037958
1.0,kappa,3.7750000000000004,0.0001565008188327687,-0.08967055836751739,-0.11467055836751738,-0.0646705583675174
1.0,kappa,3.825,0.00013527100440945098,-0.12290882126301414,-0.16040882126301415,-0.08540882126301413
1.0,kappa,3.875,0.00011500110123318479,-0.02013481186770527,-0.045134811867705266,0.004865188132294723
1.0,kappa,3.9250000000000003,0.00011459579652211904,-0.11016685173335587,-0.13516685173335585,-0.08516685173335588
1.0,kappa,3.975,0.00013132737078740776,-0.06219466112467747,-0.08719466112467747,-0.037194661124677474
1.0,kappa,4.025,0.00011117582808104829,-0.0526204161375621,-0.0776204161375621,-0.027620416137562102
1.0,kappa,4.075,9.996564560053723e-05,-0.1631579430355622,-0.1881579430355622,-0.1381579430355622
1.0,kappa,4.125,0.00011644359011884792,-0.13346044713348099,-0.18346044713348097,-0.083460447133481
1.0,kappa,4.175000000000001,9.336190322013554e-05,-0.12481470562501186,-0.14981470562501187,-0.09981470562501187
1.0,kappa,4.225,9.449739545250584e-05,-0.135984973366083,-0.198484973366083,-0.073484973366083
1.0,kappa,4.275,9.63202995894468e-05,-0.14034728266276533,-0.16534728266276533,-0.11534728266276534
1.0,kappa,4.325,9.643012593750936e-05,-0.03724410389144615,-0.06224410389144614,-0.012244103891446152
1.0,kappa,4.375,8.481120971092282e-05,-0.12206802294873129,-0.14706802294873128,-0.09706802294873129
1.0,kappa,4.425000000000001,6.337254050887417e-05,-0.07336348059615493,-0.09836348059615492,-0.04836348059615493
1.0,kappa,4.475,7.729394818122564e-05,-0.15740265942582127,-0.18240265942582126,-0.13240265942582127
1.0,kappa,4.525,8.706744510383795e-05,-0.19720897174984164,-0.22220897174984164,-0.17220897174984165
1.0,kappa,4.575,6.69605493655315e-05,-0.1257558623840164,-0.1507558623840164,-0.1007558623840164
1.0,kappa,4.625,5.6395570770276736e-05,-0.06748351804801946,-0.09248351804801945,-0.04248351804801946
1.0,kappa,4.675000000000001,6.68776479143705e-05,-0.09666790590469104,-0.12166790590469104,-0.07166790590469105
1.0,kappa,4.725,5.9386754299876246e-05,-0.11283028027582458,-0.13783028027582456,-0.08783028027582458
1.0,kappa,4.775,6.808486080392348e-05,-0.17730902034734938,-0.23980902034734938,-0.11480902034734938
1.0,kappa,4.825000000000001,5.270011892476896e-05,-0.12889224992151238,-0.1663922499215124,-0.09139224992151238
1.0,kappa,4.875,4.8117993390987986e-05,-0.04940051882681815,-0.07440051882681814,-0.02440051882681816
1.0,kappa,4.925000000000001,5.554590872003125e-05,-0.05103658736834793,-0.07603658736834792,-0.026036587368347935
1.0,kappa,4.975,5.047440522531088e-05,-0.1690607103339231,-0.21906071033392308,-0.1190607103339231
1.0,kappa_prime,-15.84,7.788045746729402e-05,0.052006839443089314,0.02700683944308932,0.07700683944308931
1.0,kappa_prime,-15.52,8.157913415207481e-05,-0.0036860185395189717,-0.05368601853951896,0.04631398146048102
1.0,kappa_prime,-15.2,0.00010243708301040577,-0.06026103308751342,-0.08526103308751341,-0.035261033087513424
1.0,kappa_prime,-14.879999999999999,9.084046732575004e-05,-0.04028241973175404,-0.07778241973175404,-0.0027824197317540336
1.0,kappa_prime,-14.56,0.00010480224917637832,-0.16358453986067578,-0.18858453986067578,-0.1385845398606758
1.0,kappa_prime,-14.24,0.00010397169678092302,-0.07170805426235223,-0.09670805426235222,-0.046708054262352236
1.0,kappa_prime,-13.92,0.00010071450354491595,0.07573469752909613,0.025734697529096143,0.1257346975290961
1.0,kappa_prime,-13.6,0.00013973877335033894,-0.022295175539251276,-0.07229517553925127,0.027704824460748713
1.0,kappa_prime,-13.280000000000001,0.00015502087609540268,-0.05314635049158481,-0.0781463504915848,-0.028146350491584815
1.0,kappa_prime,-12.96,0.0001497940633662216,-0.02356943847849709,-0.06106943847849709,0.013930561521502915
1.0,kappa_prime,-12.64,0.00012479264847686404,-0.06056703568078602,-0.09806703568078604,-0.023067035680786017
1.0,kappa_prime,-12.32,0.00015631370362575412,-0.05283423381906476,-0.07783423381906476,-0.027834233819064767
1.0,kappa_prime,-12.0,0.00014848765366713468,-0.005131277724125268,-0.03013127772412526,0.019868722275874728
1.0,kappa_prime,-11.68,0.00015345432403287537,-0.050556252228667574,-0.07555625222866758,-0.02555625222866758
1.0,kappa_prime,-11.36,0.00020737331598287743,-0.021758957932645553,-0.04675895793264555,0.003241042067354441
1.0,kappa_prime,-11.04,0.00021028104186141458,-0.06250168213825319,-0.08750168213825318,-0.037501682138253195
1.0,kappa_prime,-10.719999999999999,0.00017575085570551194,4.245537888452698e-05,-0.07495754462111548,0.07504245537888454
1.0,kappa_prime,-10.399999999999999,0.00019312367627004817,-0.03770194018680023,-0.07520194018680024,-0.00020194018680022574
1.0,kappa_prime,-10.08,0.00026374284875239256,-0.06708925143095441,-0.10458925143095442,-0.029589251430954408
1.0,kappa_prime,-9.76,0.00020710030272671242,0.0005900104861002378,-0.024409989513899756,0.025590010486100233
1.0,kappa_prime,-9.440000000000001,0.00029801295353239064,-0.036315902207808316,-0.06131590220780831,-0.011315902207808322
1.0,kappa_prime,-9.120000000000001,0.0002961133127867139,-0.05724801684621422,-0.08224801684621422,-0.03224801684621423
1.0,kappa_prime,-8.8,0.00034975836100377774,-0.005968665396284233,-0.030968665396284227,0.019031334603715762
1.0,kappa_prime,-8.48,0.00032271471117191925,-0.00756613696709433,-0.045066136967094335,0.029933863032905676
1.0,kappa_prime,-8.16,0.00041177069807816406,-0.048790210367855746,-0.08629021036785575,-0.01129021036785574
1.0,kappa_prime,-7.84,0.0003878750259350556,-0.014399217305243732,-0.05189921730524374,0.023100782694756274
1.0,kappa_prime,-7.52,0.000501877530095778,-0.031043417930610204,-0.0935434179306102,0.031456582069389796
1.0,kappa_prime,-7.199999999999999,0.0005142959717353876,-0.026727764084043315,-0.06422776408404332,0.01077223591595669
1.0,kappa_prime,-6.88,0.0006370713723714957,-0.03447217535098051,-0.059472175350980504,-0.009472175350980515
1.0,kappa_prime,-6.5600000000000005,0.0006810252277462355,0.003266028716630319,-0.021733971283369676,0.028266028716630313
1.0,kappa_prime,-6.24,0.0007649712628693022,-0.012572264979594596,-0.050072264979594605,0.02492773502040541
1.0,kappa_prime,-5.92,0.0008188451519157511,-0.05136327629937045,-0.08886327629937046,-0.013863276299370446
1.0,kappa_prime,-5.6,0.0008981782830224309,-0.03621301007145822,-0.06121301007145821,-0.011213010071458224
1.0,kappa_prime,-5.279999999999999,0.001148586622586537,-0.020001702234453078,-0.04500170223445307,0.004998297765546916
1.0,kappa_prime,-4.959999999999999,0.0013504134481028074,-0.0593784333409587,-0.0843784333409587,-0.034378433340958706
1.0,kappa_prime,-4.64,0.0014875991954337682,-0.01606349253007323,-0.04106349253007323,0.008936507469926764
1.0,kappa_prime,-4.32,0.0017478971744706072,0.0056861673623385045,-0.01931383263766149,0.0306861673623385
1.0,kappa_prime,-4.0,0.002078205961293781,-0.020648739022821102,-0.05814873902282111,0.016851260977178904
1.0,kappa_prime,-3.6799999999999997,0.002577878124264904,-0.00429058561373957,-0.029290585613739564,0.020709414386260425
1.0,kappa_prime,-3.3599999999999994,0.0030835026368124124,-0.016889908005944903,-0.0418899080059449,0.008110091994055092
1.0,kappa_prime,-3.039999999999999,0.0037124051438555904,-0.020469841540045948,-0.04546984154004594,0.0045301584599540465
1.0,kappa_prime,-2.7199999999999998,0.004632589957632216,-0.027117730898980064,-0.05211773089898006,-0.002117730898980069
1.0,kappa_prime,-2.4000000000000004,0.006362993187933354,0.008055649413477372,-0.016944350586522623,0.03305564941347737
1.0,kappa_prime,-2.08,0.008512041646752934,-0.0013397153233088033,-0.026339715323308796,0.023660284676691193
1.0,kappa_prime,-1.7599999999999998,0.01183697995187987,0.02890064334358844,0.0039006433435884447,0.053900643343588434
1.0,kappa_prime,-1.4399999999999995,0.017566684922164726,0.01565088664516573,-0.009349113354834265,0.040650886645165724
1.0,kappa_prime,-1.1199999999999992,0.02875775196400961,0.03944080623025235,0.014440806230252352,0.06444080623025233
1.0,kappa_prime,-0.7999999999999998,0.049056277631840305,0.06281611521586532,0.03781611521586532,0.08781611521586531
1.0,kappa_prime,-0.4800000000000004,0.10449183904435622,0.12890112073964707,0.10390112073964708,0.15390112073964707
1.0,kappa_prime,-0.16000000000000014,0.24026791545730772,0.2711165472544382,0.24611654725443818,0.29611654725443814
1.0,kappa_prime,0.16000000000000014,0.2397719542047816,0.2726003070579214,0.24760030705792138,0.2976003070579214
1.0,kappa_prime,0.4800000000000004,0.10223210633785776,0.13225014032865956,0.10725014032865957,0.15725014032865955
1.0,kappa_prime,0.8000000000000007,0.049172481494646474,0.07084951733769763,0.04584951733769764,0.09584951733769763
1.0,kappa_prime,1.120000000000001,0.028185626319397087,0.04529699089390975,0.020296990893909753,0.07029699089390974
1.0,kappa_prime,1.4400000000000013,0.01773860828803521,0.02514237267829165,0.0001423726782916572,0.05014237267829165
1.0,kappa_prime,1.7600000000000016,0.011633785174733383,0.01282623362724614,-0.012173766372753855,0.03782623362724613
1.0,kappa_prime,2.080000000000002,0.00873716663775978,0.016190660362900535,-0.00880933963709946,0.04119066036290053
1.0,kappa_prime,2.4000000000000004,0.006270997396852734,0.00384229270784784,-0.033657707292152166,0.041342292707847846
1.0,kappa_prime,2.719999999999999,0.004844989412030241,-0.0035381621429662127,-0.028538162142966207,0.02146183785703378
1.0,kappa_prime,3.039999999999999,0.0038506882314562887,0.0017057230747588809,-0.023294276925241112,0.026705723074758877
1.0,kappa_prime,3.3599999999999994,0.0031071497937282316,0.006980677749012879,-0.018019322250987117,0.03198067774901287
1.0,kappa_prime,3.6799999999999997,0.002513926514077305,-0.019491771854635777,-0.04449177185463577,0.005508228145364218
1.0,kappa_prime,4.0,0.0021009641256958967,-0.028819312571123995,-0.05381931257112399,-0.0038193125711240006
1.0,kappa_prime,4.32,0.0017524762451018826,0.001864589729951286,-0.023135410270048708,0.02686458972995128
1.0,kappa_prime,4.640000000000001,0.0014040565340558441,-0.04210497915290507,-0.06710497915290506,-0.017104979152905077
1.0,kappa_prime,4.960000000000001,0.0013209607068337625,-0.02716733163794532,-0.06466733163794533,0.010332668362054685
1.0,kappa_prime,5.280000000000001,0.0011649615547032134,-0.026811983944014336,-0.05181198394401433,-0.001811983944014342
1.0,kappa_prime,5.600000000000001,0.0009495779813836969,-0.03499662924837618,-0.059996629248376177,-0.009996629248376188
1.0,kappa_prime,5.920000000000002,0.0009050612100979544,-0.02243964189693871,-0.04743964189693871,0.002560358103061284
1.0,kappa_prime,6.240000000000002,0.0007486713845841028,0.0017787236884892828,-0.023221276311510712,0.026778723688489277
1.0,kappa_prime,6.5600000000000005,0.0007096093476498084,-0.029184254975721316,-0.05418425497572131,-0.0041842549757213215
1.0,kappa_prime,6.879999999999999,0.0005851708524706766,-0.038733922470875294,-0.06373392247087528,-0.0137339224708753
1.0,kappa_prime,7.199999999999999,0.0005695475865826426,-0.0019232898279714877,-0.026923289827971483,0.023076710172028506
1.0,kappa_prime,7.52,0.0005166700077439729,-0.026139257819169294,-0.06363925781916929,0.011360742180830712
1.0,kappa_prime,7.84,0.00042324425010867176,0.015906861618196298,-0.009093138381803697,0.04090686161819629
1.0,kappa_prime,8.16,0.0004317854594563722,0.01607723861110382,-0.021422761388896185,0.053577238611103827
1.0,kappa_prime,8.48,0.00034158956255110433,-0.05743383673753756,-0.08243383673753756,-0.032433836737537566
1.0,kappa_prime,8.8,0.00037714804928256317,-0.010948347234117382,-0.03594834723411738,0.014051652765882612
1.0,kappa_prime,9.120000000000001,0.00031577265320406134,-0.05701820858629398,-0.08201820858629397,-0.032018208586293985
1.0,kappa_prime,9.440000000000001,0.0002782236651685771,-0.0245693660780734,-0.0870693660780734,0.037930633921926596
1.0,kappa_prime,9.760000000000002,0.00031043016019301325,-0.030885003635575715,-0.06838500363557572,0.006614996364424291
1.0,kappa_prime,10.080000000000002,0.00025668028825904214,-0.04509538940306507,-0.07009538940306506,-0.020095389403065073
1.0,kappa_prime,10.400000000000002,0.000222974352735784,-0.015009505127857077,-0.04000950512785707,0.009990494872142918
1.0,kappa_prime,10.72,0.00018040071636619704,0.027209907771277957,0.002209907771277962,0.05220990777127795
1.0,kappa_prime,11.04,0.00023201410960944783,0.02836511722358473,0.003365117223584735,0.053365117223584724
1.0,kappa_prime,11.36,0.00019584843267155515,0.0011403635573395984,-0.03635963644266041,0.0386403635573396
1.0,kappa_prime,11.68,0.0001620417718206015,-0.06681893721388989,-0.10431893721388989,-0.02931893721388988
1.0,kappa_prime,12.0,0.0001680559890388602,-0.02261791561789098,-0.04761791561789097,0.002382084382109014
1.0,kappa_prime,12.32,0.0001376742565885054,-0.022872511792930744,-0.04787251179293074,0.002127488207069251
1.0,kappa_prime,12.64,0.00012752880634466868,-0.005176128407523074,-0.030176128407523067,0.01982387159247692
1.0,kappa_prime,12.96,0.00012432998182207046,-0.050867094295042145,-0.08836709429504215,-0.01336709429504214
1.0,kappa_prime,13.280000000000001,0.00013527071313483298,-0.043860004476743035,-0.06886000447674304,-0.01886000447674304
1.0,kappa_prime,13.600000000000001,0.00010092995412759809,-0.0445750634528316,-0.0695750634528316,-0.019575063452831602
1.0,kappa_prime,13.920000000000002,0.00011887085520947829,-0.04639811593436168,-0.0838981159343617,-0.008898115934361676
1.0,kappa_prime,14.240000000000002,7.97768191759321e-05,-0.0013811742852823607,-0.026381174285282354,0.023618825714717635
1.0,kappa_prime,14.56,0.00010940990674912485,0.028745999431800232,-0.03375400056819977,0.09124599943180023
1.0,kappa_prime,14.879999999999999,9.025573974444434e-05,-0.04079432814935189,-0.10329432814935188,0.02170567185064811
1.0,kappa_prime,15.2,8.858359093060411e-05,0.007437350041442762,-0.030062649958557244,0.04493735004144277
1.0,kappa_prime,15.52,9.220007827016284e-05,-0.002544527217393548,-0.027544527217393543,0.022455472782606446
1.0,kappa_prime,15.84,7.084602961723718e-05,-0.11434967801397102,-0.164349678013971,-0.06434967801397103
1.0,kappa_tau,-5.9399999999999995,6.886175184549387e-05,-0.15607297074847132,-0.2060729707484713,-0.10607297074847133
1.0,kappa_tau,-5.82,6.276825744987706e-05,-0.19864966058958639,-0.22364966058958638,-0.1736496605895864
1.0,kappa_tau,-5.699999999999999,5.742210008097007e-05,-0.23096709009484512,-0.2559670900948451,-0.20596709009484512
1.0,kappa_tau,-5.58,7.770289832801482e-05,-0.17175822533345467,-0.19675822533345466,-0.14675822533345467
1.0,kappa_tau,-5.46,7.137001965611302e-05,-0.10642552054637189,-0.1439255205463719,-0.06892552054637188
1.0,kappa_tau,-5.34,8.225494375328769e-05,-0.16299343124144602,-0.20049343124144603,-0.12549343124144602
1.0,kappa_tau,-5.220000000000001,0.00010292599181803139,-0.14859971406289313,-0.18609971406289313,-0.11109971406289312
1.0,kappa_tau,-5.1,0.00010643982968696442,-0.20672071453662536,-0.23172071453662535,-0.18172071453662536
1.0,kappa_tau,-4.98,9.134032445223762e-05,-0.09217166760709158,-0.11717166760709158,-0.06717166760709159
1.0,kappa_tau,-4.859999999999999,8.606586926262848e-05,-0.1493616369475999,-0.1743616369475999,-0.12436163694759991
1.0,kappa_tau,-4.74,0.00011564384501051389,-0.11407511384940675,-0.13907511384940674,-0.08907511384940675
1.0,kappa_tau,-4.62,0.0001634457993264502,-0.1789594957624152,-0.2039594957624152,-0.15395949576241522
1.0,kappa_tau,-4.5,0.00013549590553770164,-0.1486660647255199,-0.1736660647255199,-0.12366606472551991
1.0,kappa_tau,-4.38,0.0001939849021360228,-0.15268523916841867,-0.17768523916841866,-0.12768523916841867
1.0,kappa_tau,-4.26,0.00017091735099999928,-0.16866478897900775,-0.19366478897900774,-0.14366478897900775
1.0,kappa_tau,-4.140000000000001,0.00018495257282969836,-0.12214507385051018,-0.14714507385051018,-0.09714507385051019
1.0,kappa_tau,-4.02,0.00019144496274290165,-0.11924186536499336,-0.14424186536499334,-0.09424186536499336
1.0,kappa_tau,-3.9,0.00021465492629590212,-0.15892919125385174,-0.18392919125385174,-0.13392919125385175
1.0,kappa_tau,-3.7800000000000002,0.00024316890400451818,-0.09973060494330631,-0.1247306049433063,-0.07473060494330631
1.0,kappa_tau,-3.66,0.00028563177462546593,-0.12060089062501626,-0.14560089062501624,-0.09560089062501627
1.0,kappa_tau,-3.54,0.00025323755322763505,-0.08719469115027174,-0.12469469115027175,-0.04969469115027174
1.0,kappa_tau,-3.42,0.0004083260784405701,-0.12998059919517402,-0.154980599195174,-0.10498059919517402
1.0,kappa_tau,-3.3000000000000003,0.0003750870306448573,-0.11345024820764106,-0.13845024820764107,-0.08845024820764107
1.0,kappa_tau,-3.18,0.0004668269146419255,-0.14502897736310863,-0.17002897736310862,-0.12002897736310864
1.0,kappa_tau,-3.06,0.0005093899335480447,-0.17042584898826219,-0.19542584898826218,-0.1454258489882622
1.0,kappa_tau,-2.94,0.0005706376862853783,-0.10936936289414716,-0.13436936289414714,-0.08436936289414716
1.0,kappa_tau,-2.8200000000000003,0.000637761187781097,-0.1285435841146623,-0.1535435841146623,-0.1035435841146623
1.0,kappa_tau,-2.7,0.0007258420528666496,-0.12975993668390715,-0.15475993668390714,-0.10475993668390715
1.0,kappa_tau,-2.58,0.0008502054163168965,-0.11813147859756873,-0.14313147859756872,-0.09313147859756873
1.0,kappa_tau,-2.46,0.0009470672503496248,-0.10951956834888225,-0.13451956834888223,-0.08451956834888226
1.0,kappa_tau,-2.3400000000000003,0.0011955337604054326,-0.11767665918078507,-0.14267665918078506,-0.09267665918078508
1.0,kappa_tau,-2.22,0.001308005558110766,-0.12843315790394494,-0.15343315790394493,-0.10343315790394494
1.0,kappa_tau,-2.1,0.0016540318692118687,-0.10142649355277475,-0.12642649355277474,-0.07642649355277475
1.0,kappa_tau,-1.98,0.0017724042425766658,-0.08944322428050223,-0.11444322428050223,-0.06444322428050224
1.0,kappa_tau,-1.8599999999999999,0.002188904404720298,-0.07624205516569622,-0.10124205516569622,-0.05124205516569623
1.0,kappa_tau,-1.7399999999999998,0.002719587492376191,-0.09260088211717658,-0.11760088211717658,-0.06760088211717659
1.0,kappa_tau,-1.62,0.003189823932070356,-0.0618279874616145,-0.08682798746161449,-0.0368279874616145
1.0,kappa_tau,-1.5000000000000004,0.003927135722391599,-0.06375573220400561,-0.08875573220400561,-0.03875573220400562
1.0,kappa_tau,-1.3800000000000003,0.004673290306052843,-0.06994902173154652,-0.09494902173154651,-0.044949021731546523
1.0,kappa_tau,-1.2600000000000002,0.006049829576140775,-0.03130322021813629,-0.05630322021813629,-0.006303220218136299
1.0,kappa_tau,-1.1400000000000001,0.007596331641377925,-0.031815055027510995,-0.05681505502751099,-0.006815055027511001
1.0,kappa_tau,-1.02,0.009459551064334033,-0.03780144640285264,-0.06280144640285264,-0.012801446402852648
1.0,kappa_tau,-0.8999999999999999,0.012892404658902712,-0.02010762267375268,-0.04510762267375268,0.004892377326247314
1.0,kappa_tau,-0.7800000000000002,0.018118511715414787,0.0025107948998455715,-0.022489205100154425,0.027510794899845564
1.0,kappa_tau,-0.6600000000000006,0.023776774035700256,0.03380726536291625,0.008807265362916254,0.05880726536291624
1.0,kappa_tau,-0.5400000000000005,0.032844987489607846,0.061133489303179814,0.03613348930317982,0.08613348930317981
1.0,kappa_tau,-0.4200000000000004,0.04775803631573207,0.11003000293333431,0.08503000293333432,0.1350300029333343
1.0,kappa_tau,-0.30000000000000027,0.06903010332606238,0.17415139047986522,0.14915139047986523,0.19915139047986521
1.0,kappa_tau,-0.18000000000000016,0.10228443461899958,0.23571362070284804,0.21071362070284805,0.26071362070284804
1.0,kappa_tau,-0.06000000000000005,0.13843127726282692,0.3092556458212169,0.2842556458212169,0.3342556458212169
1.0,kappa_tau,0.06000000000000005,0.13628930057640767,0.3060098477530352,0.28100984775303517,0.3310098477530352
1.0,kappa_tau,0.18000000000000016,0.10234232886108327,0.24415131543090307,0.21915131543090308,0.2691513154309031
1.0,kappa_tau,0.2999999999999998,0.07087409393124297,0.17570043714862876,0.15070043714862877,0.20070043714862876
1.0,kappa_tau,0.4199999999999995,0.04811166915688279,0.11049964753957187,0.08549964753957187,0.13549964753957186
1.0,kappa_tau,0.5399999999999996,0.0332729588571525,0.06814118836440959,0.0431411883644096,0.09314118836440959
1.0,kappa_tau,0.6599999999999997,0.023059312291640252,0.04405463523545153,0.019054635235451534,0.06905463523545152
1.0,kappa_tau,0.7799999999999998,0.01731053503461621,0.007680035075534009,-0.017319964924465987,0.032680035075534006
1.0,kappa_tau,0.8999999999999999,0.012932908411755928,-0.01876614772822941,-0.043766147728229406,0.006233852271770583
1.0,kappa_tau,1.02,0.00991843909036647,-0.019767200847966397,-0.04476720084796639,0.005232799152033597
1.0,kappa_tau,1.1399999999999997,0.007863704789669981,-0.05855175260648715,-0.08355175260648715,-0.033551752606487156
1.0,kappa_tau,1.2599999999999993,0.005905968313349772,-0.04880379656441245,-0.08630379656441245,-0.011303796564412445
1.0,kappa_tau,1.3799999999999994,0.004992324944608852,-0.05201035830321762,-0.07701035830321762,-0.027010358303217623
1.0,kappa_tau,1.4999999999999996,0.0037324210447110253,-0.07300503944001471,-0.09800503944001471,-0.04800503944001472
1.0,kappa_tau,1.6199999999999997,0.0030805324804285333,-0.07514803415607388,-0.10014803415607387,-0.050148034156073884
1.0,kappa_tau,1.7399999999999998,0.002564327277114738,-0.1078069154027727,-0.13280691540277267,-0.0828069154027727
1.0,kappa_tau,1.8599999999999999,0.0023126957053066113,-0.08803981589726342,-0.11303981589726342,-0.06303981589726343
1.0,kappa_tau,1.9799999999999995,0.0017425815794954627,-0.08540519934094012,-0.11040519934094012,-0.06040519934094013
1.0,kappa_tau,2.0999999999999996,0.0015631570601119962,-0.09742262157068671,-0.1224226215706867,-0.07242262157068671
1.0,kappa_tau,2.2199999999999998,0.0012835135050684675,-0.08449950749019237,-0.10949950749019237,-0.05949950749019238
1.0,kappa_tau,2.34,0.0010555266693524296,-0.12090417087206883,-0.1459041708720688,-0.09590417087206883
1.0,kappa_tau,2.46,0.0009417407735566221,-0.12381972862359623,-0.14881972862359621,-0.09881972862359624
1.0,kappa_tau,2.58,0.000850010077347756,-0.11971361876783376,-0.14471361876783376,-0.09471361876783377
1.0,kappa_tau,2.7,0.0007544164421712342,-0.13001265885438273,-0.15501265885438273,-0.10501265885438274
1.0,kappa_tau,2.8199999999999994,0.0006872360974584653,-0.11165975015459403,-0.13665975015459403,-0.08665975015459404
1.0,kappa_tau,2.9399999999999995,0.0006095141182919238,-0.10135895392858597,-0.12635895392858598,-0.07635895392858598
1.0,kappa_tau,3.0599999999999996,0.0005376916305743836,-0.11303706974191922,-0.1380370697419192,-0.08803706974191923
1.0,kappa_tau,3.1799999999999997,0.00043217272280548277,-0.12408166069315828,-0.14908166069315826,-0.09908166069315828
1.0,kappa_tau,3.3,0.00036234343423207374,-0.13597196143591847,-0.16097196143591846,-0.11097196143591848
1.0,kappa_tau,3.42,0.0003501173220667954,-0.13191424485516393,-0.15691424485516392,-0.10691424485516393
1.0,kappa_tau,3.54,0.00029346247440114324,-0.15228930244807576,-0.17728930244807575,-0.12728930244807576
1.0,kappa_tau,3.6599999999999993,0.0002569984495725979,-0.07470421662205753,-0.09970421662205753,-0.04970421662205754
1.0,kappa_tau,3.7799999999999994,0.0002583406023541657,-0.10645588002841193,-0.1314558800284119,-0.08145588002841193
1.0,kappa_tau,3.8999999999999995,0.00022788897010559035,-0.1512690150156145,-0.1887690150156145,-0.11376901501561448
1.0,kappa_tau,4.02,0.00020144898726343248,-0.14616432482597924,-0.17116432482597924,-0.12116432482597925
1.0,kappa_tau,4.14,0.0001724892665119681,-0.18336789095209372,-0.2083678909520937,-0.15836789095209372
1.0,kappa_tau,4.26,0.00017902068888071463,-0.11190237262880182,-0.14940237262880182,-0.07440237262880181
1.0,kappa_tau,4.38,0.0001631926194812207,-0.1397052532988729,-0.1772052532988729,-0.1022052532988729
1.0,kappa_tau,4.499999999999999,0.00014040823759733107,-0.1350227848447468,-0.1600227848447468,-0.11002278484474681
1.0,kappa_tau,4.619999999999999,0.00013611027202154195,-0.16376411630945606,-0.18876411630945605,-0.13876411630945606
1.0,kappa_tau,4.739999999999999,0.000127866512817799,-0.13332661112173172,-0.15832661112173171,-0.10832661112173173
1.0,kappa_tau,4.859999999999999,0.00011510382103319903,-0.15290875595932454,-0.17790875595932454,-0.12790875595932455
1.0,kappa_tau,4.9799999999999995,9.509086950417931e-05,-0.16229016881428002,-0.18729016881428,-0.13729016881428002
1.0,kappa_tau,5.1,0.00010106620846576635,-0.23190256375107335,-0.25690256375107334,-0.20690256375107335
1.0,kappa_tau,5.22,0.00010991128500666559,-0.14468628932062857,-0.16968628932062857,-0.11968628932062858
1.0,kappa_tau,5.34,6.683722522570076e-05,-0.07009936303105094,-0.10759936303105094,-0.03259936303105093
1.0,kappa_tau,5.46,7.633878917118326e-05,-0.23291395756319733,-0.25791395756319735,-0.20791395756319733
1.0,kappa_tau,5.579999999999999,7.589457746574874e-05,-0.14978288808266307,-0.17478288808266307,-0.12478288808266308
1.0,kappa_tau,5.699999999999999,5.7441124543753675e-05,-0.12494929911551415,-0.16244929911551415,-0.08744929911551415
1.0,kappa_tau,5.819999999999999,4.854450232439819e-05,-0.17206243097248392,-0.1970624309724839,-0.14706243097248392
1.0,kappa_tau,5.9399999999999995,5.8434367054839536e-05,-0.10776872140547286,-0.13276872140547286,-0.08276872140547287
10.0,kappa,0.025,0.018062182274075026,0.5554971205940356,0.4179971205940356,0.6929971205940355
10.0,kappa,0.07500000000000001,0.050088453815820055,0.543568075812247,0.406068075812247,0.6810680758122469
10.0,kappa,0.125,0.072684771695474,0.5073368450037837,0.3573368450037838,0.6573368450037836
10.0,kappa,0.17500000000000002,0.08066056721592124,0.4709795640526209,0.2834795640526209,0.6584795640526209
10.0,kappa,0.225,0.08084767894822702,0.42498499640298215,0.17498499640298215,0.6749849964029822
10.0,kappa,0.275,0.0772205594742311,0.3762164319445599,0.35121643194455987,0.4012164319445599
10.0,kappa,0.32500000000000007,0.07216356431700881,0.3251245765412042,0.30012457654120417,0.3501245765412042
10.0,kappa,0.375,0.06388660008581319,0.27476143743185266,0.24976143743185267,0.2997614374318527
10.0,kappa,0.42500000000000004,0.05682624067763047,0.23813454214567864,0.21313454214567865,0.26313454214567866
10.0,kappa,0.475,0.04998843649350664,0.20188376264939834,0.17688376264939834,0.22688376264939833
10.0,kappa,0.525,0.04304518268859971,0.1566483464683384,0.1316483464683384,0.18164834646833838
10.0,kappa,0.5750000000000001,0.03789923110387799,0.1284298639604893,0.10342986396048931,0.1534298639604893
10.0,kappa,0.625,0.0330189013751714,0.09716960433989118,0.07216960433989118,0.12216960433989117
10.0,kappa,0.675,0.02886809358960118,0.07883191262011212,0.053831912620112124,0.10383191262011211
10.0,kappa,0.7250000000000001,0.025360908108769536,0.048439181065636425,0.02343918106563643,0.07343918106563642
10.0,kappa,0.775,0.022160230435833202,0.032684442767733045,0.00768444276773305,0.05768444276773304
10.0,kappa,0.8250000000000001,0.019418121736124228,0.01869892450484832,-0.006301075495151673,0.043698924504848316
10.0,kappa,0.875,0.017150403155421042,-0.0053701957183829195,-0.030370195718382915,0.019629804281617074
10.0,kappa,0.925,0.01492415175553275,-0.018919569122352355,-0.04391956912235235,0.00608043087764764
10.0,kappa,0.9750000000000001,0.01322864286069879,-0.02418520907377753,-0.04918520907377752,0.000814790926222466
10.0,kappa,1.025,0.011494248395502976,-0.01488665360263843,-0.039886653602638426,0.010113346397361564
10.0,kappa,1.0750000000000002,0.01039259328391648,-0.042226904129376526,-0.06722690412937651,-0.01722690412937653
10.0,kappa,1.125,0.009490887378795589,-0.06423003690781344,-0.08923003690781343,-0.039230036907813445
10.0,kappa,1.1750000000000003,0.008064767887994663,-0.06627609602627428,-0.09127609602627428,-0.04127609602627429
10.0,kappa,1.225,0.007413909420797402,-0.08332311636417061,-0.10832311636417061,-0.05832311636417062
10.0,kappa,1.275,0.006834741530622496,-0.09155591780023606,-0.11655591780023605,-0.06655591780023606
10.0,kappa,1.3250000000000002,0.005736152063101927,-0.08360050473762501,-0.108600504737625,-0.058600504737625014
10.0,kappa,1.375,0.005298316241271388,-0.10066244762979452,-0.1256624476297945,-0.07566244762979453
10.0,kappa,1.4250000000000003,0.004868327984149972,-0.08700646598116014,-0.11200646598116014,-0.06200646598116015
10.0,kappa,1.475,0.004068258267075735,-0.10566261450954541,-0.13066261450954542,-0.08066261450954541
10.0,kappa,1.525,0.003828433980740358,-0.09789334925479323,-0.12289334925479323,-0.07289334925479324
10.0,kappa,1.5750000000000002,0.0033721128566819992,-0.11649293247362154,-0.14149293247362155,-0.09149293247362154
10.0,kappa,1.625,0.003084340370513435,-0.09100906690112787,-0.11600906690112786,-0.06600906690112787
10.0,kappa,1.6750000000000003,0.0029189579021518483,-0.11061929772697211,-0.13561929772697212,-0.08561929772697212
10.0,kappa,1.725,0.0025925907696046605,-0.0968115822799787,-0.1218115822799787,-0.0718115822799787
10.0,kappa,1.775,0.002332906366377151,-0.11121397022347364,-0.13621397022347365,-0.08621397022347364
10.0,kappa,1.8250000000000002,0.002050810299616385,-0.11401263010425884,-0.13901263010425885,-0.08901263010425885
10.0,kappa,1.875,0.001892798303205553,-0.12195786034419963,-0.1469578603441996,-0.09695786034419963
10.0,kappa,1.9250000000000003,0.0017246737108861643,-0.13298045880953557,-0.15798045880953557,-0.10798045880953558
10.0,kappa,1.975,0.001656902193480236,-0.0990128478295262,-0.1240128478295262,-0.0740128478295262
10.0,kappa,2.0250000000000004,0.00148638298873817,-0.09013159145181353,-0.11513159145181352,-0.06513159145181353
10.0,kappa,2.075,0.0012712819638809798,-0.12003764545122142,-0.14503764545122141,-0.09503764545122143
10.0,kappa,2.125,0.0012497300057788844,-0.12665945843488616,-0.15165945843488615,-0.10165945843488616
10.0,kappa,2.175,0.001228010980553458,-0.1310078860492535,-0.1560078860492535,-0.10600788604925351
10.0,kappa,2.225,0.0010288546143733704,-0.1330905667155804,-0.1580905667155804,-0.1080905667155804
10.0,kappa,2.2750000000000004,0.0010258773473083489,-0.1333069965008042,-0.15830699650080418,-0.10830699650080419
10.0,kappa,2.325,0.0009548011080996502,-0.15156486040333012,-0.1765648604033301,-0.12656486040333012
10.0,kappa,2.375,0.000871229036714966,-0.12958607487388765,-0.16708607487388766,-0.09208607487388765
10.0,kappa,2.4250000000000003,0.0008221665605291423,-0.13156547842343327,-0.15656547842343327,-0.10656547842343328
10.0,kappa,2.475,0.0007228975143131469,-0.15640011865836953,-0.18140011865836952,-0.13140011865836954
10.0,kappa,2.5250000000000004,0.0006523760428311497,-0.13815545975802793,-0.16315545975802792,-0.11315545975802793
10.0,kappa,2.575,0.0006223128904679302,-0.17972100648664482,-0.20472100648664482,-0.15472100648664483
10.0,kappa,2.625,0.0006223065649614266,-0.14585565330293807,-0.17085565330293806,-0.12085565330293807
10.0,kappa,2.6750000000000003,0.0005189797081085046,-0.13558692854821003,-0.17308692854821003,-0.09808692854821002
10.0,kappa,2.725,0.0005755222175748978,-0.12049762374491542,-0.14549762374491543,-0.09549762374491542
10.0,kappa,2.7750000000000004,0.00043742159109645847,-0.12361554995444045,-0.14861554995444043,-0.09861554995444045
10.0,kappa,2.825,0.0004492074941703127,-0.17476327094385705,-0.22476327094385704,-0.12476327094385706
10.0,kappa,2.875,0.00042541202408024774,-0.1346082025938654,-0.1596082025938654,-0.10960820259386542
10.0,kappa,2.9250000000000003,0.0004169530745759539,-0.1626256362886089,-0.1876256362886089,-0.1376256362886089
10.0,kappa,2.975,0.00038400460530597143,-0.18103260887639744,-0.20603260887639743,-0.15603260887639744
10.0,kappa,3.0250000000000004,0.0004168340552060296,-0.16536687673014822,-0.1903668767301482,-0.14036687673014822
10.0,kappa,3.075,0.0003093332139528733,-0.11920703601575278,-0.18170703601575278,-0.056707036015752776
10.0,kappa,3.125,0.0002893947891818976,-0.11155893704926848,-0.14905893704926848,-0.07405893704926847
10.0,kappa,3.1750000000000003,0.0002644587831774441,-0.16292655874349135,-0.18792655874349135,-0.13792655874349136
10.0,kappa,3.225,0.00028935186006774963,-0.12239414638737858,-0.14739414638737858,-0.09739414638737859
10.0,kappa,3.2750000000000004,0.00025130524332079283,-0.14933497404393972,-0.17433497404393972,-0.12433497404393973
10.0,kappa,3.325,0.0002589344754531371,-0.15771570786890135,-0.18271570786890134,-0.13271570786890136
10.0,kappa,3.375,0.0002267135077362858,-0.11083782814025686,-0.13583782814025686,-0.08583782814025687
10.0,kappa,3.4250000000000003,0.0002363052133514056,-0.10414406408524661,-0.1291440640852466,-0.07914406408524662
10.0,kappa,3.475,0.00020793408809971836,-0.16361022748733875,-0.18861022748733874,-0.13861022748733876
10.0,kappa,3.5250000000000004,0.00022315962638782953,-0.1947980060974847,-0.2447980060974847,-0.14479800609748472
10.0,kappa,3.575,0.00016001504692166518,-0.14907127703910167,-0.17407127703910166,-0.12407127703910167
10.0,kappa,3.625,0.00016076717799421412,-0.13949109932686862,-0.16449109932686862,-0.11449109932686863
10.0,kappa,3.6750000000000003,0.00014469463365648252,-0.1615954409147468,-0.19909544091474682,-0.12409544091474681
10.0,kappa,3.725,0.00016389908750780326,-0.10476155461528877,-0.14226155461528878,-0.06726155461528877
10.0,kappa,3.7750000000000004,0.00014427125904435006,-0.13961357010809677,-0.16461357010809677,-0.11461357010809678
10.0,kappa,3.825,0.00012043466733275417,-0.11967817555268695,-0.14467817555268694,-0.09467817555268696
10.0,kappa,3.875,0.00015929514213263007,-0.18337597554823754,-0.20837597554823753,-0.15837597554823754
10.0,kappa,3.9250000000000003,0.00013001134224400148,-0.1279112715602769,-0.1529112715602769,-0.1029112715602769
10.0,kappa,3.975,0.0001108859565405833,-0.19628755808964354,-0.23378755808964355,-0.15878755808964354
10.0,kappa,4.025,9.654436045617386e-05,-0.10264816420022715,-0.12764816420022715,-0.07764816420022716
10.0,kappa,4.075,0.00012002554868045542,-0.10290507718185106,-0.12790507718185107,-0.07790507718185107
10.0,kappa,4.125,0.00010144558881670026,-0.08235665990027435,-0.11985665990027436,-0.04485665990027435
10.0,kappa,4.175000000000001,0.00011630757146266363,-0.1647144693424472,-0.1897144693424472,-0.13971446934244722
10.0,kappa,4.225,8.25430217788437e-05,-0.1565525471230453,-0.1815525471230453,-0.13155254712304532
10.0,kappa,4.275,7.562334976216116e-05,-0.10769638523552752,-0.13269638523552751,-0.08269638523552753
10.0,kappa,4.325,8.434535446002983e-05,-0.1676644277401892,-0.1926644277401892,-0.1426644277401892
10.0,kappa,4.375,9.061855575829377e-05,-0.18241496079723085,-0.20741496079723085,-0.15741496079723086
10.0,kappa,4.425000000000001,8.458382713465539e-05,-0.2199391484075428,-0.2449391484075428,-0.1949391484075428
10.0,kappa,4.475,7.207276535269071e-05,-0.1960111592500979,-0.2210111592500979,-0.1710111592500979
10.0,kappa,4.525,6.51804308831159e-05,-0.19246981611912015,-0.21746981611912014,-0.16746981611912015
10.0,kappa,4.575,7.647863216364541e-05,-0.14926276857556878,-0.17426276857556877,-0.12426276857556878
10.0,kappa,4.625,6.916633667139112e-05,-0.10412340384338485,-0.14162340384338484,-0.06662340384338485
10.0,kappa,4.675000000000001,6.748810372900783e-05,-0.14897689423219332,-0.1739768942321933,-0.12397689423219332
10.0,kappa,4.725,7.207222163489395e-05,-0.2227279540799278,-0.2477279540799278,-0.1977279540799278
10.0,kappa,4.775,4.699983363412826e-05,-0.16773516439328537,-0.19273516439328536,-0.14273516439328537
10.0,kappa,4.825000000000001,5.774885473102012e-05,-0.2242043258031579,-0.2492043258031579,-0.19920432580315792
10.0,kappa,4.875,6.316319603914028e-05,-0.14321723641740441,-0.1682172364174044,-0.11821723641740442
10.0,kappa,4.925000000000001,4.636633522499578e-05,-0.10589859224404939,-0.13089859224404937,-0.0808985922440494
10.0,kappa,4.975,4.6478400463342376e-05,-0.21617623030521144,-0.24117623030521143,-0.19117623030521144
10.0,kappa_prime,-15.84,8.50320293541247e-05,-0.06715251173121083,-0.09215251173121082,-0.04215251173121083
10.0,kappa_prime,-15.52,8.708246669801658e-05,-0.0984797293015543,-0.1359797293015543,-0.06097972930155429
10.0,kappa_prime,-15.2,9.928152356374801e-05,-0.08707868937608834,-0.11207868937608834,-0.06207868937608835
10.0,kappa_prime,-14.879999999999999,9.224725261975961e-05,-0.015955198915705782,-0.053455198915705784,0.021544801084294223
10.0,kappa_prime,-14.56,0.00010879354118526618,-0.05021019275275039,-0.07521019275275038,-0.025210192752750396
10.0,kappa_prime,-14.24,9.682912721338729e-05,-0.1330682033917976,-0.1705682033917976,-0.09556820339179758
10.0,kappa_prime,-13.92,9.25433842736157e-05,-0.0024565142074122817,-0.03995651420741229,0.035043485792587724
10.0,kappa_prime,-13.6,0.00012010338924068535,-0.13819561917782552,-0.17569561917782553,-0.10069561917782552
10.0,kappa_prime,-13.280000000000001,0.00012972820567784988,0.0006791713213307856,-0.02432082867866921,0.02567917132133078
10.0,kappa_prime,-12.96,0.00016299636792636228,-0.053001955661671575,-0.07800195566167156,-0.02800195566167158
10.0,kappa_prime,-12.64,0.00010954734231273363,-0.04933526348938782,-0.07433526348938782,-0.024335263489387825
10.0,kappa_prime,-12.32,0.00013958118453833714,-0.032160434869050056,-0.05716043486905005,-0.007160434869050061
10.0,kappa_prime,-12.0,0.00014122083264798366,-0.10376915128056777,-0.12876915128056776,-0.07876915128056777
10.0,kappa_prime,-11.68,0.00016950762804720864,-0.043609291158123495,-0.06860929115812349,-0.0186092911581235
10.0,kappa_prime,-11.36,0.00019792286408996796,-0.11715882639975736,-0.14215882639975735,-0.09215882639975737
10.0,kappa_prime,-11.04,0.00017688657721673466,-0.04738673960333222,-0.08488673960333223,-0.009886739603332216
10.0,kappa_prime,-10.719999999999999,0.00023538873117371912,-0.03723063121035462,-0.06223063121035462,-0.012230631210354628
10.0,kappa_prime,-10.399999999999999,0.00019938350226133807,-0.015460928332119185,-0.05296092833211919,0.02203907166788082
10.0,kappa_prime,-10.08,0.0002487966658428147,-0.002381208730689416,-0.03988120873068942,0.03511879126931059
10.0,kappa_prime,-9.76,0.00023814851304720345,3.562804426690021e-05,-0.0624643719557331,0.0625356280442669
10.0,kappa_prime,-9.440000000000001,0.00028200299117578636,-0.07979757451758242,-0.1297975745175824,-0.02979757451758243
10.0,kappa_prime,-9.120000000000001,0.0002940117756179781,-0.010202972625106197,-0.03520297262510619,0.014797027374893797
10.0,kappa_prime,-8.8,0.0003154642380148385,-0.04697814245700724,-0.07197814245700723,-0.021978142457007244
10.0,kappa_prime,-8.48,0.0003213435664712705,-0.05550837861518799,-0.08050837861518798,-0.030508378615187993
10.0,kappa_prime,-8.16,0.00036915533649335507,-0.03298009776985418,-0.057980097769854175,-0.007980097769854186
10.0,kappa_prime,-7.84,0.00048487110952756323,-0.05353814441046815,-0.09103814441046815,-0.016038144410468143
10.0,kappa_prime,-7.52,0.0004792185139629912,0.006815622294318712,-0.018184377705681282,0.03181562229431871
10.0,kappa_prime,-7.199999999999999,0.00055420408004846,-0.05815269465289437,-0.08315269465289436,-0.033152694652894374
10.0,kappa_prime,-6.88,0.0006035071865785747,-0.011432216184353848,-0.03643221618435384,0.013567783815646146
10.0,kappa_prime,-6.5600000000000005,0.0006457993238866734,-0.008643718122786042,-0.033643718122786034,0.016356281877213955
10.0,kappa_prime,-6.24,0.0007343147121117472,-0.0324332279206468,-0.05743322792064679,-0.007433227920646802
10.0,kappa_prime,-5.92,0.000853615032595635,-0.05945586713823818,-0.08445586713823817,-0.034455867138238186
10.0,kappa_prime,-5.6,0.0010034278923427929,-0.06217941660224918,-0.08717941660224918,-0.03717941660224919
10.0,kappa_prime,-5.279999999999999,0.00121526305429663,-0.021457046648154263,-0.046457046648154254,0.003542953351845731
10.0,kappa_prime,-4.959999999999999,0.0012022889753055264,-0.0276820054436087,-0.0651820054436087,0.009817994556391305
10.0,kappa_prime,-4.64,0.0014894672754126588,-0.029226705088025037,-0.05422670508802503,-0.004226705088025043
10.0,kappa_prime,-4.32,0.001746287193960284,-0.030078319553887997,-0.05507831955388799,-0.005078319553888003
10.0,kappa_prime,-4.0,0.0021160514954403366,0.002479155960986042,-0.022520844039013953,0.027479155960986035
10.0,kappa_prime,-3.6799999999999997,0.0025173557834215522,-0.028218788527759834,-0.053218788527759825,-0.0032187885277598395
10.0,kappa_prime,-3.3599999999999994,0.0029096364016711145,0.0024195785213170892,-0.022580421478682906,0.027419578521317083
10.0,kappa_prime,-3.039999999999999,0.0036221481913721503,0.0086200445111242,-0.016379955488875796,0.03362004451112419
10.0,kappa_prime,-2.7199999999999998,0.004662254559754686,-0.005037475800078534,-0.03003747580007853,0.01996252419992146
10.0,kappa_prime,-2.4000000000000004,0.005993166585930965,-0.012266972111479342,-0.037266972111479335,0.012733027888520652
10.0,kappa_prime,-2.08,0.008103731691257155,0.002983886530003115,-0.02201611346999688,0.02798388653000311
10.0,kappa_prime,-1.7599999999999998,0.011451651325028137,0.007645880099257027,-0.017354119900742968,0.03264588009925702
10.0,kappa_prime,-1.4399999999999995,0.01681508655340087,0.03947903927875519,0.014479039278755199,0.06447903927875519
10.0,kappa_prime,-1.1199999999999992,0.027034524306119422,0.0487629598729983,0.023762959872998306,0.0737629598729983
10.0,kappa_prime,-0.7999999999999998,0.04593604577002486,0.0927513715978396,0.0677513715978396,0.11775137159783959
10.0,kappa_prime,-0.4800000000000004,0.09671266030491682,0.18277174269229746,0.15777174269229746,0.20777174269229745
10.0,kappa_prime,-0.16000000000000014,0.25486102633648705,0.3926328288477313,0.19263282884773136,0.5926328288477313
10.0,kappa_prime,0.16000000000000014,0.25392622721301705,0.39626578769959225,0.17126578769959228,0.6212657876995922
10.0,kappa_prime,0.4800000000000004,0.09534134140754137,0.18280229602315004,0.15780229602315005,0.20780229602315003
10.0,kappa_prime,0.8000000000000007,0.04566928553204553,0.10277059845039722,0.07777059845039723,0.12777059845039723
10.0,kappa_prime,1.120000000000001,0.02698169028131153,0.060954629523921625,0.03595462952392163,0.08595462952392162
10.0,kappa_prime,1.4400000000000013,0.016881348094796023,0.028203570143658492,0.0032035701436584976,0.053203570143658487
10.0,kappa_prime,1.7600000000000016,0.011272529687691428,0.02600974317291232,0.0010097431729123273,0.05100974317291232
10.0,kappa_prime,2.080000000000002,0.008180141634650778,0.007459164738081562,-0.017540835261918433,0.03245916473808155
10.0,kappa_prime,2.4000000000000004,0.006177057923433888,0.0137805272107313,-0.011219472789268695,0.038780527210731296
10.0,kappa_prime,2.719999999999999,0.0046475769324211425,-0.004496292509576505,-0.0294962925095765,0.02050370749042349
10.0,kappa_prime,3.039999999999999,0.0037882823890240604,0.010894580585995002,-0.014105419414004993,0.035894580585995
10.0,kappa_prime,3.3599999999999994,0.0029455983999979963,-0.017166042227146745,-0.05466604222714675,0.02033395777285326
10.0,kappa_prime,3.6799999999999997,0.002449964567551441,-0.012877205027278989,-0.03787720502727898,0.012122794972721005
10.0,kappa_prime,4.0,0.0019976631853296546,-0.011995892458520643,-0.03699589245852064,0.013004107541479352
10.0,kappa_prime,4.32,0.001743827481126861,-0.03796801001913333,-0.06296801001913332,-0.012968010019133336
10.0,kappa_prime,4.640000000000001,0.0014377833602826195,-0.018404761553048547,-0.04340476155304854,0.006595238446951448
10.0,kappa_prime,4.960000000000001,0.0012360653557453862,-0.01792708998920846,-0.04292708998920845,0.007072910010791536
10.0,kappa_prime,5.280000000000001,0.0011278909309461733,0.0004726414061748345,-0.02452735859382516,0.02547264140617483
10.0,kappa_prime,5.600000000000001,0.0009787025457692901,-0.024780616480511327,-0.049780616480511325,0.00021938351948866744
10.0,kappa_prime,5.920000000000002,0.0008188519571002177,-0.03896885899465936,-0.06396885899465934,-0.013968858994659362
10.0,kappa_prime,6.240000000000002,0.0008490688968548514,-0.02605042504035733,-0.051050425040357325,-0.0010504250403573362
10.0,kappa_prime,6.5600000000000005,0.0006750502295889381,-0.026965316225850952,-0.05196531622585095,-0.0019653162258509577
10.0,kappa_prime,6.879999999999999,0.000621461714997642,-0.027697415120831854,-0.06519741512083185,0.009802584879168151
10.0,kappa_prime,7.199999999999999,0.0005674765986151947,-0.012107766145854763,-0.03710776614585476,0.012892233854145231
10.0,kappa_prime,7.52,0.0005243210397248811,-0.024919227262342764,-0.049919227262342755,8.077273765723023e-05
10.0,kappa_prime,7.84,0.0004930523925811562,-0.039230412946610387,-0.06423041294661039,-0.014230412946610392
10.0,kappa_prime,8.16,0.00046393883303776974,-0.024152729745077973,-0.049152729745077964,0.0008472702549220217
10.0,kappa_prime,8.48,0.0003705108362841834,0.03593665896340945,0.010936658963409458,0.06093665896340945
10.0,kappa_prime,8.8,0.0003002433190494303,-0.07461823067663838,-0.09961823067663837,-0.049618230676638383
10.0,kappa_prime,9.120000000000001,0.0002991349413802107,-0.06238917899469804,-0.09988917899469804,-0.024889178994698037
10.0,kappa_prime,9.440000000000001,0.0002736653734098672,-0.08770428464818432,-0.12520428464818434,-0.050204284648184314
10.0,kappa_prime,9.760000000000002,0.0002729769199426428,-0.05623853279665981,-0.0812385327966598,-0.031238532796659814
10.0,kappa_prime,10.080000000000002,0.00027916865551427155,-0.020138743115478655,-0.04513874311547865,0.004861256884521339
10.0,kappa_prime,10.400000000000002,0.0002569979489139437,-0.04448668575073885,-0.09448668575073885,0.005513314249261138
10.0,kappa_prime,10.72,0.000239357619365946,-0.009915864377344763,-0.04741586437734477,0.027584135622655243
10.0,kappa_prime,11.04,0.00020617818361049695,0.02121293942200973,-0.04128706057799027,0.08371293942200973
10.0,kappa_prime,11.36,0.00016193912486072137,-0.06633860506214628,-0.09133860506214628,-0.04133860506214629
10.0,kappa_prime,11.68,0.00016643416768600074,0.011521628103061598,-0.013478371896938396,0.036521628103061594
10.0,kappa_prime,12.0,0.00015441270188292937,-0.08225253949419262,-0.10725253949419261,-0.05725253949419262
10.0,kappa_prime,12.32,0.00012580673309186765,0.013887442352473689,-0.08611255764752632,0.1138874423524737
10.0,kappa_prime,12.64,0.00015046291405076511,0.01574293596361383,-0.021757064036386175,0.05324293596361383
10.0,kappa_prime,12.96,0.00012784189725695256,0.007184112870054586,-0.017815887129945408,0.03218411287005458
10.0,kappa_prime,13.280000000000001,0.00012230855827044364,-0.019736686313732186,-0.04473668631373218,0.005263313686267809
10.0,kappa_prime,13.600000000000001,0.00013367211340336059,-0.03935748493612453,-0.07685748493612454,-0.0018574849361245246
10.0,kappa_prime,13.920000000000002,0.00011093184548270381,0.009281782125781754,-0.01571821787421824,0.03428178212578175
10.0,kappa_prime,14.240000000000002,0.00010345705799620739,-0.08917237361360238,-0.11417237361360237,-0.06417237361360238
10.0,kappa_prime,14.56,0.0001009570309062759,-0.026240598297992898,-0.05124059829799289,-0.0012405982979929037
10.0,kappa_prime,14.879999999999999,0.0001063064415147963,-0.1095254122221949,-0.13452541222219488,-0.08452541222219491
10.0,kappa_prime,15.2,0.0001047742098180715,-0.04887856765216881,-0.13637856765216883,0.03862143234783121
10.0,kappa_prime,15.52,7.645678947507296e-05,0.029840110850878968,-0.03265988914912103,0.09234011085087897
10.0,kappa_prime,15.84,7.139878274815324e-05,-0.04247877890716717,-0.06747877890716716,-0.017478778907167175
10.0,kappa_tau,-5.9399999999999995,6.0957285948359845e-05,-0.11395345590427519,-0.1514534559042752,-0.07645345590427519
10.0,kappa_tau,-5.82,4.6240703521852954e-05,-0.2271659791007109,-0.2646659791007109,-0.1896659791007109
10.0,kappa_tau,-5.699999999999999,7.06141585989879e-05,-0.22769175354448445,-0.2526917535444845,-0.20269175354448446
10.0,kappa_tau,-5.58,5.771106677920338e-05,-0.16933029890352772,-0.1943302989035277,-0.14433029890352772
10.0,kappa_tau,-5.46,6.813259390369818e-05,-0.22300446130125076,-0.24800446130125076,-0.19800446130125077
10.0,kappa_tau,-5.34,6.626192428041086e-05,-0.22245507906803733,-0.24745507906803732,-0.19745507906803733
10.0,kappa_tau,-5.220000000000001,8.66550835337052e-05,-0.1647807867530003,-0.1897807867530003,-0.13978078675300032
10.0,kappa_tau,-5.1,8.916165205945958e-05,-0.18970275487485094,-0.21470275487485094,-0.16470275487485095
10.0,kappa_tau,-4.98,0.00010173939016021991,-0.21325690833537952,-0.25075690833537956,-0.17575690833537952
10.0,kappa_tau,-4.859999999999999,0.00013053981829250655,-0.16339593161318652,-0.18839593161318652,-0.13839593161318653
10.0,kappa_tau,-4.74,0.00011785229732134736,-0.1626250404119098,-0.20012504041190982,-0.1251250404119098
10.0,kappa_tau,-4.62,0.00012561538574337594,-0.19159654637352266,-0.21659654637352266,-0.16659654637352267
10.0,kappa_tau,-4.5,0.00013059239661688767,-0.18442205953958662,-0.20942205953958662,-0.15942205953958663
10.0,kappa_tau,-4.38,0.0001531732834617794,-0.18462371024121355,-0.20962371024121354,-0.15962371024121355
10.0,kappa_tau,-4.26,0.0001795560098567267,-0.16425387834457725,-0.18925387834457724,-0.13925387834457725
10.0,kappa_tau,-4.140000000000001,0.00017781399105447067,-0.2109934677717579,-0.2359934677717579,-0.1859934677717579
10.0,kappa_tau,-4.02,0.0001674731121421016,-0.19994014536739227,-0.22494014536739226,-0.17494014536739227
10.0,kappa_tau,-3.9,0.0002013706447510931,-0.18826485889004752,-0.2132648588900475,-0.16326485889004752
10.0,kappa_tau,-3.7800000000000002,0.00024261779251123528,-0.18347467987835492,-0.2084746798783549,-0.15847467987835492
10.0,kappa_tau,-3.66,0.0002630528604198386,-0.19003219268275418,-0.22753219268275418,-0.15253219268275417
10.0,kappa_tau,-3.54,0.00027991827561317767,-0.13089666740104572,-0.1558966674010457,-0.10589666740104572
10.0,kappa_tau,-3.42,0.00035845964798779167,-0.18466423068325022,-0.2096642306832502,-0.15966423068325022
10.0,kappa_tau,-3.3000000000000003,0.00038570204497704664,-0.17253815507237066,-0.19753815507237066,-0.14753815507237067
10.0,kappa_tau,-3.18,0.00039994164620912897,-0.1372002636957846,-0.1622002636957846,-0.11220026369578462
10.0,kappa_tau,-3.06,0.0004500063445779098,-0.19502710864823616,-0.22002710864823616,-0.17002710864823617
10.0,kappa_tau,-2.94,0.0005592170061496529,-0.14965683235026198,-0.18715683235026198,-0.11215683235026197
10.0,kappa_tau,-2.8200000000000003,0.0005260013797959416,-0.17786532386366538,-0.20286532386366538,-0.1528653238636654
10.0,kappa_tau,-2.7,0.000686708147409371,-0.16418241711794315,-0.20168241711794316,-0.12668241711794315
10.0,kappa_tau,-2.58,0.0008276401580210469,-0.1656666040742558,-0.19066660407425579,-0.1406666040742558
10.0,kappa_tau,-2.46,0.0009284983057405864,-0.13763046784162666,-0.16263046784162666,-0.11263046784162667
10.0,kappa_tau,-2.3400000000000003,0.0010670461303541783,-0.14388933269827386,-0.16888933269827386,-0.11888933269827387
10.0,kappa_tau,-2.22,0.0011801434009913246,-0.13039569127613296,-0.15539569127613295,-0.10539569127613296
10.0,kappa_tau,-2.1,0.0013974699207489943,-0.15024036810787,-0.18774036810787,-0.11274036810787
10.0,kappa_tau,-1.98,0.0017318197738354058,-0.12032062362257366,-0.14532062362257364,-0.09532062362257367
10.0,kappa_tau,-1.8599999999999999,0.002037501508635642,-0.1278662174467931,-0.1528662174467931,-0.10286621744679311
10.0,kappa_tau,-1.7399999999999998,0.0024788333797308403,-0.12492498635352885,-0.14992498635352886,-0.09992498635352885
10.0,kappa_tau,-1.62,0.0027708711297713172,-0.11455847126082144,-0.13955847126082144,-0.08955847126082145
10.0,kappa_tau,-1.5000000000000004,0.003371567140013492,-0.09185251868452561,-0.1168525186845256,-0.06685251868452562
10.0,kappa_tau,-1.3800000000000003,0.004200232384662443,-0.07866422616117907,-0.10366422616117907,-0.05366422616117908
10.0,kappa_tau,-1.2600000000000002,0.005341403747142857,-0.07445595572483911,-0.0994559557248391,-0.049455955724839115
10.0,kappa_tau,-1.1400000000000001,0.006848156541116625,-0.050772640226133765,-0.07577264022613375,-0.02577264022613377
10.0,kappa_tau,-1.02,0.009018956979679768,-0.033494019571397235,-0.05849401957139723,-0.00849401957139724
10.0,kappa_tau,-0.8999999999999999,0.011245509777765825,-0.02780212549660362,-0.05280212549660361,-0.0028021254966036253
10.0,kappa_tau,-0.7800000000000002,0.015474703544206457,-0.01210322672878005,-0.037103226728780046,0.012896773271219944
10.0,kappa_tau,-0.6600000000000006,0.02104142630997035,0.021177265924651377,-0.0038227340753486175,0.04617726592465137
10.0,kappa_tau,-0.5400000000000005,0.02926856116650321,0.08790518193437964,0.06290518193437965,0.11290518193437964
10.0,kappa_tau,-0.4200000000000004,0.04298378331182347,0.1349446141808453,0.10994461418084531,0.1599446141808453
10.0,kappa_tau,-0.30000000000000027,0.06494958843144708,0.22882834623042614,0.20382834623042614,0.25382834623042616
10.0,kappa_tau,-0.18000000000000016,0.10439715346930582,0.32788860230222444,0.3028886023022245,0.3528886023022244
10.0,kappa_tau,-0.06000000000000005,0.1603326991619982,0.44234395245057795,0.267343952450578,0.6173439524505779
10.0,kappa_tau,0.06000000000000005,0.15831896358569114,0.44201680547291483,0.2670168054729149,0.6170168054729148
10.0,kappa_tau,0.18000000000000016,0.10592437219185205,0.3392661776573826,0.31426617765738263,0.36426617765738256
10.0,kappa_tau,0.2999999999999998,0.06563132853543771,0.22615028117933592,0.20115028117933592,0.2511502811793359
10.0,kappa_tau,0.4199999999999995,0.043551934225906176,0.13423990547593342,0.10923990547593343,0.15923990547593342
10.0,kappa_tau,0.5399999999999996,0.029426846587533192,0.08078241128956253,0.05578241128956253,0.10578241128956252
10.0,kappa_tau,0.6599999999999997,0.020287490141059725,0.0385959062103093,0.013595906210309303,0.06359590621030929
10.0,kappa_tau,0.7799999999999998,0.015024152006579748,0.010241370762056192,-0.014758629237943802,0.03524137076205619
10.0,kappa_tau,0.8999999999999999,0.011528675074848447,-0.024406305578505837,-0.04940630557850583,0.0005936944214941578
10.0,kappa_tau,1.02,0.008831397931705409,-0.03927179590528404,-0.06427179590528403,-0.014271795905284046
10.0,kappa_tau,1.1399999999999997,0.006884354229722451,-0.07831834050874278,-0.10331834050874278,-0.05331834050874279
10.0,kappa_tau,1.2599999999999993,0.00557162781443348,-0.08014521722740682,-0.10514521722740681,-0.055145217227406826
10.0,kappa_tau,1.3799999999999994,0.004346842665933031,-0.09351083728985701,-0.11851083728985701,-0.06851083728985702
10.0,kappa_tau,1.4999999999999996,0.0034599419675822372,-0.08409425345576066,-0.12159425345576066,-0.046594253455760654
10.0,kappa_tau,1.6199999999999997,0.002744224921338259,-0.10577817089358904,-0.13077817089358904,-0.08077817089358905
10.0,kappa_tau,1.7399999999999998,0.0022465157755237972,-0.115990033689545,-0.140990033689545,-0.090990033689545
10.0,kappa_tau,1.8599999999999999,0.0020599095084640794,-0.14297690955118908,-0.16797690955118907,-0.11797690955118909
10.0,kappa_tau,1.9799999999999995,0.0016865691654369644,-0.12807468043292522,-0.15307468043292521,-0.10307468043292523
10.0,kappa_tau,2.0999999999999996,0.0013446970967259477,-0.1324286386018434,-0.1574286386018434,-0.1074286386018434
10.0,kappa_tau,2.2199999999999998,0.0011989401191029214,-0.14191821803176458,-0.16691821803176457,-0.11691821803176458
10.0,kappa_tau,2.34,0.0009840911627348942,-0.1308679707557311,-0.15586797075573108,-0.1058679707557311
10.0,kappa_tau,2.46,0.0009246085988514564,-0.16310440378930247,-0.20060440378930247,-0.12560440378930246
10.0,kappa_tau,2.58,0.0008122337777288405,-0.14518154774464384,-0.18268154774464385,-0.10768154774464384
10.0,kappa_tau,2.7,0.0006616778491354044,-0.14191105399100884,-0.16691105399100883,-0.11691105399100885
10.0,kappa_tau,2.8199999999999994,0.0005878861538160125,-0.16632016177755765,-0.19132016177755765,-0.14132016177755766
10.0,kappa_tau,2.9399999999999995,0.0005319317803622062,-0.1334273262256103,-0.1584273262256103,-0.1084273262256103
10.0,kappa_tau,3.0599999999999996,0.0004919505292207402,-0.1614492116933181,-0.1989492116933181,-0.1239492116933181
10.0,kappa_tau,3.1799999999999997,0.0004475858704103468,-0.1655917580353399,-0.1905917580353399,-0.1405917580353399
10.0,kappa_tau,3.3,0.00033599590525722504,-0.17857737478738192,-0.20357737478738192,-0.15357737478738193
10.0,kappa_tau,3.42,0.00032535827328691945,-0.1738296430792686,-0.1988296430792686,-0.1488296430792686
10.0,kappa_tau,3.54,0.0002794620465565639,-0.18527950609576005,-0.21027950609576004,-0.16027950609576005
10.0,kappa_tau,3.6599999999999993,0.0002516323464166302,-0.20277748247920233,-0.22777748247920232,-0.17777748247920233
10.0,kappa_tau,3.7799999999999994,0.00021037174418353424,-0.1934365972573219,-0.2184365972573219,-0.1684365972573219
10.0,kappa_tau,3.8999999999999995,0.00022631923428757247,-0.15914755290027688,-0.18414755290027687,-0.13414755290027688
10.0,kappa_tau,4.02,0.00020816633477345687,-0.19332784067324627,-0.23082784067324627,-0.15582784067324626
10.0,kappa_tau,4.14,0.00017184076810424398,-0.1294288226206757,-0.1544288226206757,-0.10442882262067571
10.0,kappa_tau,4.26,0.00014896477849528144,-0.10613301418099721,-0.23113301418099721,0.018866985819002785
10.0,kappa_tau,4.38,0.00015824266744280204,-0.19928730010317283,-0.23678730010317284,-0.16178730010317283
10.0,kappa_tau,4.499999999999999,0.00013706951070893404,-0.23851174750391724,-0.26351174750391726,-0.21351174750391724
10.0,kappa_tau,4.619999999999999,0.00011343511978237377,-0.1622453584482457,-0.1872453584482457,-0.1372453584482457
10.0,kappa_tau,4.739999999999999,0.00013835300655688386,-0.17514936991961078,-0.21264936991961078,-0.13764936991961077
10.0,kappa_tau,4.859999999999999,9.547206030625689e-05,-0.15697236561762098,-0.18197236561762098,-0.131972365617621
10.0,kappa_tau,4.9799999999999995,0.00010144900411124014,-0.22087869753069556,-0.25837869753069553,-0.18337869753069555
10.0,kappa_tau,5.1,9.681175503126069e-05,-0.2404167081827265,-0.2654167081827265,-0.2154167081827265
10.0,kappa_tau,5.22,7.436883807341868e-05,-0.22203243555833616,-0.24703243555833615,-0.19703243555833616
10.0,kappa_tau,5.34,7.587771853795569e-05,-0.17820369777041414,-0.20320369777041414,-0.15320369777041415
10.0,kappa_tau,5.46,5.322407347427386e-05,-0.18549758272825564,-0.21049758272825564,-0.16049758272825565
10.0,kappa_tau,5.579999999999999,7.630570868796517e-05,-0.132104536658525,-0.157104536658525,-0.10710453665852501
10.0,kappa_tau,5.699999999999999,6.610232893444642e-05,-0.19526436520420698,-0.22026436520420697,-0.17026436520420699
10.0,kappa_tau,5.819999999999999,6.582732187796567e-05,-0.1878490649685619,-0.2128490649685619,-0.1628490649685619
10.0,kappa_tau,5.9399999999999995,5.124917211623896e-05,-0.15522297844858535,-0.18022297844858534,-0.13022297844858535
24.0,kappa,0.025,0.02537450079117464,0.7237492060702668,0.6362492060702669,0.8112492060702667
24.0,kappa,0.07500000000000001,0.06769510409802432,0.7078413279042216,0.6328413279042217,0.7828413279042216
24.0,kappa,0.125,0.08665066877701838,0.666432501753152,0.5789325017531521,0.753932501753152
24.0,kappa,0.17500000000000002,0.0897178998780902,0.614020686521436,0.48902068652143604,0.739020686521436
24.0,kappa,0.225,0.0827998298091429,0.5635424290043729,0.4010424290043729,0.7260424290043729
24.0,kappa,0.275,0.07488000573390234,0.503168087947872,0.290668087947872,0.7156680879478721
24.0,kappa,0.32500000000000007,0.06561592658951423,0.44276225798417024,0.13026225798417024,0.7552622579841702
24.0,kappa,0.375,0.055845112460752265,0.3850043752611859,0.34750437526118594,0.4225043752611859
24.0,kappa,0.42500000000000004,0.04934950108346246,0.33669686169552365,0.3116968616955237,0.3616968616955236
24.0,kappa,0.475,0.04315312781402859,0.2728318477900386,0.2478318477900386,0.2978318477900386
24.0,kappa,0.525,0.036342799639566326,0.23907063464049827,0.21407063464049828,0.2640706346404983
24.0,kappa,0.5750000000000001,0.03272451120054294,0.19891394737781778,0.1739139473778178,0.22391394737781778
24.0,kappa,0.625,0.028749364165264902,0.16947085787400915,0.14447085787400915,0.19447085787400914
24.0,kappa,0.675,0.02484049690821441,0.12996645206990495,0.10496645206990496,0.15496645206990495
24.0,kappa,0.7250000000000001,0.022176172660336595,0.1040932782160329,0.0790932782160329,0.1290932782160329
24.0,kappa,0.775,0.01950895623387748,0.07045334692845989,0.0454533469284599,0.09545334692845989
24.0,kappa,0.8250000000000001,0.017863881113113926,0.06406641480674047,0.039066414806740474,0.08906641480674046
24.0,kappa,0.875,0.01578088440471294,0.02969435285431017,0.004694352854310177,0.054694352854310166
24.0,kappa,0.925,0.014001862465046882,0.004684536155413541,-0.020315463844586455,0.029684536155413534
24.0,kappa,0.9750000000000001,0.012876588160493963,-0.0016537199550668363,-0.02665371995506683,0.02334628004493316
24.0,kappa,1.025,0.01135683872598052,-0.014716975420887402,-0.039716975420887396,0.010283024579112593
24.0,kappa,1.0750000000000002,0.010230472741427788,-0.02498910530569379,-0.04998910530569378,1.0894694306203684e-05
24.0,kappa,1.125,0.008705883055328111,-0.04471151589927273,-0.06971151589927273,-0.01971151589927274
24.0,kappa,1.1750000000000003,0.008220213896987686,-0.04735255701727277,-0.07235255701727276,-0.022352557017272776
24.0,kappa,1.225,0.007712984299921987,-0.07468097579878893,-0.09968097579878893,-0.04968097579878894
24.0,kappa,1.275,0.006580279292518754,-0.07291639601162046,-0.09791639601162046,-0.04791639601162047
24.0,kappa,1.3250000000000002,0.006040877180694496,-0.07855706262498624,-0.11605706262498625,-0.041057062624986235
24.0,kappa,1.375,0.005536859658963333,-0.08758732813519621,-0.1250873281351962,-0.0500873281351962
24.0,kappa,1.4250000000000003,0.005158352775429573,-0.09032158090291574,-0.11532158090291574,-0.06532158090291575
24.0,kappa,1.475,0.004734170294111091,-0.10994901202270255,-0.13494901202270254,-0.08494901202270255
24.0,kappa,1.525,0.00426174541017768,-0.10874899620277247,-0.13374899620277247,-0.08374899620277247
24.0,kappa,1.5750000000000002,0.003957188992406238,-0.10879701276229735,-0.13379701276229733,-0.08379701276229735
24.0,kappa,1.625,0.003584893930628583,-0.12319145017035833,-0.14819145017035834,-0.09819145017035834
24.0,kappa,1.6750000000000003,0.003298357819207326,-0.131676266446135,-0.156676266446135,-0.10667626644613501
24.0,kappa,1.725,0.002983395234217291,-0.12553247487416297,-0.15053247487416296,-0.10053247487416297
24.0,kappa,1.775,0.0027950759497985065,-0.1479871590827433,-0.17298715908274329,-0.1229871590827433
24.0,kappa,1.8250000000000002,0.0024464354445795627,-0.14545476605131383,-0.17045476605131382,-0.12045476605131383
24.0,kappa,1.875,0.002361421116080233,-0.1299799610714347,-0.1674799610714347,-0.09247996107143469
24.0,kappa,1.9250000000000003,0.002001602354920015,-0.1341504266446198,-0.15915042664461979,-0.1091504266446198
24.0,kappa,1.975,0.0019723775206829768,-0.1497510442927759,-0.17475104429277588,-0.12475104429277589
24.0,kappa,2.0250000000000004,0.00185816289966898,-0.1701671140253284,-0.19516711402532838,-0.1451671140253284
24.0,kappa,2.075,0.0016503272884119968,-0.14872312931511034,-0.17372312931511033,-0.12372312931511034
24.0,kappa,2.125,0.0016618996374081676,-0.1614454797892559,-0.1864454797892559,-0.13644547978925592
24.0,kappa,2.175,0.0013730378588031307,-0.14739195888144419,-0.17239195888144418,-0.12239195888144419
24.0,kappa,2.225,0.0013577089461352142,-0.1558798161511659,-0.18087981615116588,-0.1308798161511659
24.0,kappa,2.2750000000000004,0.0011609593142181051,-0.15094124442034915,-0.17594124442034914,-0.12594124442034915
24.0,kappa,2.325,0.0011666259200091666,-0.15059048158454574,-0.17559048158454574,-0.12559048158454575
24.0,kappa,2.375,0.0010474098357312464,-0.1779157780594805,-0.2029157780594805,-0.1529157780594805
24.0,kappa,2.4250000000000003,0.000879456723289141,-0.17368253838550968,-0.19868253838550967,-0.14868253838550968
24.0,kappa,2.475,0.0008918078833781845,-0.18652486632378967,-0.21152486632378967,-0.16152486632378968
24.0,kappa,2.5250000000000004,0.000845713911667314,-0.1482912989567052,-0.1732912989567052,-0.12329129895670521
24.0,kappa,2.575,0.0008052371231087281,-0.17363183171018853,-0.19863183171018853,-0.14863183171018854
24.0,kappa,2.625,0.0006871282149597177,-0.146459567684654,-0.171459567684654,-0.12145956768465402
24.0,kappa,2.6750000000000003,0.0006309291361417853,-0.15198426279056346,-0.18948426279056346,-0.11448426279056345
24.0,kappa,2.725,0.0007136204835413444,-0.16444045003649366,-0.18944045003649365,-0.13944045003649366
24.0,kappa,2.7750000000000004,0.0006656794605807307,-0.18650921770312898,-0.21150921770312897,-0.16150921770312898
24.0,kappa,2.825,0.0005776336094796996,-0.1859488990353599,-0.2109488990353599,-0.16094889903535992
24.0,kappa,2.875,0.0005521306407120386,-0.19824326804797238,-0.22324326804797237,-0.17324326804797238
24.0,kappa,2.9250000000000003,0.0005240325390124457,-0.17029037270495145,-0.19529037270495145,-0.14529037270495146
24.0,kappa,2.975,0.0005201294978086745,-0.17416414050984025,-0.19916414050984024,-0.14916414050984025
24.0,kappa,3.0250000000000004,0.0004896429872660929,-0.18980840723345627,-0.21480840723345626,-0.16480840723345627
24.0,kappa,3.075,0.0004490987289092427,-0.2030446761285981,-0.2280446761285981,-0.17804467612859812
24.0,kappa,3.125,0.0004122242250068445,-0.18690442821172737,-0.21190442821172736,-0.16190442821172737
24.0,kappa,3.1750000000000003,0.00040605116284621963,-0.23687737570138742,-0.2618773757013874,-0.21187737570138743
24.0,kappa,3.225,0.00038355164513947194,-0.2010223468636411,-0.2260223468636411,-0.1760223468636411
24.0,kappa,3.2750000000000004,0.0003742053426818673,-0.18308974526738614,-0.23308974526738613,-0.13308974526738615
24.0,kappa,3.325,0.00032909689702544673,-0.19635175987936046,-0.22135175987936045,-0.17135175987936047
24.0,kappa,3.375,0.0003258436675657476,-0.18592765311413675,-0.21092765311413675,-0.16092765311413676
24.0,kappa,3.4250000000000003,0.00026793060247393016,-0.19551524896605313,-0.22051524896605312,-0.17051524896605313
24.0,kappa,3.475,0.00030077898791045995,-0.2104319350344117,-0.2354319350344117,-0.18543193503441172
24.0,kappa,3.5250000000000004,0.0002919406921695667,-0.19396828732282817,-0.23146828732282818,-0.15646828732282816
24.0,kappa,3.575,0.00026318681888861046,-0.186568221513711,-0.224068221513711,-0.149068221513711
24.0,kappa,3.625,0.0002110695867148908,-0.17202478535717203,-0.19702478535717202,-0.14702478535717203
24.0,kappa,3.6750000000000003,0.0002407568127276832,-0.2004524108186842,-0.2254524108186842,-0.1754524108186842
24.0,kappa,3.725,0.00024067204550387735,-0.2084798908091392,-0.2334798908091392,-0.1834798908091392
24.0,kappa,3.7750000000000004,0.00019617237146933543,-0.17468552505248058,-0.19968552505248058,-0.1496855250524806
24.0,kappa,3.825,0.00019254689920029233,-0.14879350083411697,-0.17379350083411696,-0.12379350083411697
24.0,kappa,3.875,0.00021359895589249586,-0.19480754239686432,-0.2198075423968643,-0.16980754239686432
24.0,kappa,3.9250000000000003,0.0001910894154240582,-0.19369525426659032,-0.2186952542665903,-0.16869525426659032
24.0,kappa,3.975,0.00014289079454855147,-0.22968636408479484,-0.26718636408479485,-0.19218636408479484
24.0,kappa,4.025,0.00014468623915177094,-0.15278235778939683,-0.19028235778939684,-0.11528235778939683
24.0,kappa,4.075,0.00014738413134520855,-0.18757119841701447,-0.21257119841701447,-0.16257119841701448
24.0,kappa,4.125,0.0001749239596710211,-0.18118837346225466,-0.20618837346225466,-0.15618837346225467
24.0,kappa,4.175000000000001,0.0001368001867655857,-0.2367085562811019,-0.2742085562811019,-0.1992085562811019
24.0,kappa,4.225,0.0001161916971073916,-0.22741092976754285,-0.2649109297675428,-0.18991092976754284
24.0,kappa,4.275,0.00010898370019996352,-0.24423959369334003,-0.26923959369334005,-0.21923959369334003
24.0,kappa,4.325,0.00011417022038489213,-0.18908016778000977,-0.21408016778000977,-0.16408016778000978
24.0,kappa,4.375,0.0001286590938215704,-0.20941813561573214,-0.24691813561573214,-0.17191813561573213
24.0,kappa,4.425000000000001,0.00012090583539257557,-0.2053280585911142,-0.2428280585911142,-0.1678280585911142
24.0,kappa,4.475,0.00010510132598969017,-0.1783244576628025,-0.2033244576628025,-0.1533244576628025
24.0,kappa,4.525,0.00012589960097618717,-0.18571569854344705,-0.21071569854344704,-0.16071569854344706
24.0,kappa,4.575,9.23105899951602e-05,-0.1901591775620416,-0.2151591775620416,-0.1651591775620416
24.0,kappa,4.625,0.00010314098842391179,-0.21309194741202414,-0.2505919474120242,-0.17559194741202414
24.0,kappa,4.675000000000001,9.093899208618447e-05,-0.2141703021718202,-0.2391703021718202,-0.1891703021718202
24.0,kappa,4.725,5.617024506204414e-05,-0.15479818557346614,-0.17979818557346613,-0.12979818557346615
24.0,kappa,4.775,8.683001723067277e-05,-0.1773562886048176,-0.2398562886048176,-0.11485628860481761
24.0,kappa,4.825000000000001,8.147419758795419e-05,-0.173458130578186,-0.19845813057818598,-0.148458130578186
24.0,kappa,4.875,8.417918822734848e-05,-0.2380714941575032,-0.2630714941575032,-0.2130714941575032
24.0,kappa,4.925000000000001,5.859316177268997e-05,-0.21300945306678273,-0.23800945306678273,-0.18800945306678274
24.0,kappa,4.975,6.854640435639154e-05,-0.09986500099957711,-0.1373650009995771,-0.062365000999577105
24.0,kappa_prime,-15.84,9.3097544344184e-05,-0.04362250910614774,-0.06862250910614773,-0.018622509106147746
24.0,kappa_prime,-15.52,0.0001087606041851116,-0.10298162471281296,-0.12798162471281294,-0.07798162471281296
24.0,kappa_prime,-15.2,0.00011605986258487653,-0.022235055544347977,-0.04723505554434797,0.002764944455652018
24.0,kappa_prime,-14.879999999999999,0.00011263822454645233,-0.030216958123958724,-0.08021695812395871,0.019783041876041265
24.0,kappa_prime,-14.56,0.00012483376303767246,-0.10366890888522344,-0.15366890888522344,-0.05366890888522345
24.0,kappa_prime,-14.24,0.000144881188773468,-0.06803553685429402,-0.14303553685429404,0.006964463145705993
24.0,kappa_prime,-13.92,0.0001377669770262496,0.05965278436092324,0.022152784360923237,0.09715278436092326
24.0,kappa_prime,-13.6,0.00014844691425988765,0.002234397615172032,-0.022765602384827964,0.027234397615172025
24.0,kappa_prime,-13.280000000000001,0.00015828652675288463,0.020621314082897767,-0.004378685917102228,0.04562131408289776
24.0,kappa_prime,-12.96,0.00016894213675366516,-0.031194356192696917,-0.056194356192696915,-0.0061943561926969225
24.0,kappa_prime,-12.64,0.00017425569641657366,-0.017275860614045353,-0.04227586061404535,0.007724139385954641
24.0,kappa_prime,-12.32,0.00015840284803429934,-0.062213158724724604,-0.0872131587247246,-0.03721315872472461
24.0,kappa_prime,-12.0,0.00021158224270540426,-0.07921606354258223,-0.10421606354258223,-0.05421606354258224
24.0,kappa_prime,-11.68,0.00023437082442757723,-0.0704080484652882,-0.09540804846528819,-0.0454080484652882
24.0,kappa_prime,-11.36,0.00021967220184526093,-0.07386573525570551,-0.09886573525570551,-0.04886573525570552
24.0,kappa_prime,-11.04,0.0002391917462892644,-0.08669043879559707,-0.1741904387955971,0.0008095612044029532
24.0,kappa_prime,-10.719999999999999,0.0003039301509393923,-0.06176907478482543,-0.08676907478482543,-0.03676907478482543
24.0,kappa_prime,-10.399999999999999,0.00030431839597508403,-0.06345220824666471,-0.0884522082466647,-0.03845220824666472
24.0,kappa_prime,-10.08,0.0002789048558584775,-0.06266726099956248,-0.08766726099956247,-0.03766726099956248
24.0,kappa_prime,-9.76,0.0003177604699145001,-0.04588203567238439,-0.10838203567238439,0.016617964327615607
24.0,kappa_prime,-9.440000000000001,0.00035485144905224547,-0.07947380208968513,-0.11697380208968514,-0.041973802089685125
24.0,kappa_prime,-9.120000000000001,0.00039599133267816474,-0.04077974223912714,-0.06577974223912714,-0.015779742239127148
24.0,kappa_prime,-8.8,0.00044537666009869786,-0.05307356237399915,-0.09057356237399916,-0.015573562373999143
24.0,kappa_prime,-8.48,0.0004520451590074668,-0.017692707491516104,-0.0426927074915161,0.00730729250848389
24.0,kappa_prime,-8.16,0.0005247579040179503,-0.03642774362178956,-0.06142774362178956,-0.011427743621789568
24.0,kappa_prime,-7.84,0.0005402724645761319,-0.046012888739275615,-0.07101288873927561,-0.02101288873927562
24.0,kappa_prime,-7.52,0.0005811500413971481,-0.027546468574633665,-0.05254646857463366,-0.00254646857463367
24.0,kappa_prime,-7.199999999999999,0.0006100153696307023,-0.022502941916026187,-0.04750294191602618,0.002497058083973807
24.0,kappa_prime,-6.88,0.000707739820822852,-0.022402307253520784,-0.04740230725352078,0.0025976927464792104
24.0,kappa_prime,-6.5600000000000005,0.0007953222731152493,-0.012138333748378683,-0.037138333748378674,0.012861666251621311
24.0,kappa_prime,-6.24,0.0009915199266028571,-0.05590714731446991,-0.08090714731446991,-0.030907147314469918
24.0,kappa_prime,-5.92,0.0011486394966960312,-0.021621812942206258,-0.046621812942206256,0.0033781870577937363
24.0,kappa_prime,-5.6,0.001321211700880277,-0.018310493876498714,-0.04331049387649871,0.00668950612350128
24.0,kappa_prime,-5.279999999999999,0.001364410670122486,-0.01015925426889865,-0.03515925426889864,0.014840745731101345
24.0,kappa_prime,-4.959999999999999,0.0013631212412750096,-0.008055468599065377,-0.04555546859906538,0.02944453140093463
24.0,kappa_prime,-4.64,0.0016816672199258327,-0.03694415307004766,-0.07444415307004768,0.000555846929952343
24.0,kappa_prime,-4.32,0.0018844034679304973,0.0060568469598469505,-0.031443153040153056,0.043556846959846955
24.0,kappa_prime,-4.0,0.002507374790174344,-0.018115312747681217,-0.04311531274768121,0.006884687252318777
24.0,kappa_prime,-3.6799999999999997,0.0028786042521986017,0.005276229154787207,-0.019723770845212787,0.030276229154787202
24.0,kappa_prime,-3.3599999999999994,0.003401169609807419,0.007043435964645454,-0.01795656403535454,0.03204343596464545
24.0,kappa_prime,-3.039999999999999,0.004310692167729378,0.020613310525543178,-0.004386689474456817,0.04561331052554317
24.0,kappa_prime,-2.7199999999999998,0.005402862455989467,0.0033890913120820246,-0.02161090868791797,0.028389091312082018
24.0,kappa_prime,-2.4000000000000004,0.00693890000765706,0.014096266758552122,-0.010903733241447873,0.039096266758552115
24.0,kappa_prime,-2.08,0.008868964625509205,0.017861718123743778,-0.007138281876256217,0.04286171812374377
24.0,kappa_prime,-1.7599999999999998,0.01246890796644062,0.04285526529440197,0.017855265294401977,0.06785526529440197
24.0,kappa_prime,-1.4399999999999995,0.017400505236657177,0.05549887401621798,0.030498874016217987,0.08049887401621797
24.0,kappa_prime,-1.1199999999999992,0.026558158726341912,0.09838611665355845,0.07338611665355846,0.12338611665355845
24.0,kappa_prime,-0.7999999999999998,0.043200157289107956,0.16057968936337402,0.13557968936337403,0.18557968936337402
24.0,kappa_prime,-0.4800000000000004,0.08698496806249482,0.2874304644537759,0.26243046445377594,0.31243046445377587
24.0,kappa_prime,-0.16000000000000014,0.25779975043988795,0.5535906214069106,0.4410906214069107,0.6660906214069106
24.0,kappa_prime,0.16000000000000014,0.2563842741442479,0.5564673425568984,0.43146734255689845,0.6814673425568984
24.0,kappa_prime,0.4800000000000004,0.08569857039937491,0.2891800501358607,0.26418005013586066,0.3141800501358607
24.0,kappa_prime,0.8000000000000007,0.043614201795744656,0.16578178031298793,0.14078178031298794,0.19078178031298793
24.0,kappa_prime,1.120000000000001,0.025983046599429387,0.11339008317965786,0.08839008317965787,0.13839008317965784
24.0,kappa_prime,1.4400000000000013,0.01727574794542138,0.0752703773530302,0.05027037735303021,0.1002703773530302
24.0,kappa_prime,1.7600000000000016,0.012388256325761599,0.053048820170142945,0.02804882017014295,0.07804882017014295
24.0,kappa_prime,2.080000000000002,0.009012947576101937,0.030300468609940696,0.005300468609940701,0.05530046860994069
24.0,kappa_prime,2.4000000000000004,0.007004226732514591,0.010926009101367502,-0.014073990898632493,0.03592600910136749
24.0,kappa_prime,2.719999999999999,0.005287377170025786,-0.005826457003391242,-0.030826457003391237,0.019173542996608752
24.0,kappa_prime,3.039999999999999,0.004201503249091883,-0.002507580424119232,-0.027507580424119226,0.022492419575880763
24.0,kappa_prime,3.3599999999999994,0.0034876351358507033,-0.00723639641074753,-0.03223639641074753,0.017763603589252466
24.0,kappa_prime,3.6799999999999997,0.0028470256109090417,0.013297379037914796,-0.011702620962085198,0.03829737903791479
24.0,kappa_prime,4.0,0.002466913888418979,-0.00716187386008585,-0.03216187386008584,0.017838126139914146
24.0,kappa_prime,4.32,0.0020735201379275844,-0.01644994387777891,-0.04144994387777891,0.008550056122221084
24.0,kappa_prime,4.640000000000001,0.00172024845031115,-0.0188664110768714,-0.04386641107687139,0.006133588923128593
24.0,kappa_prime,4.960000000000001,0.0015241612066277683,0.017259203714628024,-0.00774079628537197,0.04225920371462802
24.0,kappa_prime,5.280000000000001,0.0013274149471053497,-0.008977884212121874,-0.03397788421212187,0.01602211578787812
24.0,kappa_prime,5.600000000000001,0.001165471543412872,0.016298548868320002,-0.008701451131679992,0.04129854886832
24.0,kappa_prime,5.920000000000002,0.0010428120375539631,-0.0658728439636371,-0.1033728439636371,-0.028372843963637095
24.0,kappa_prime,6.240000000000002,0.0008822314715479737,-0.06971958463213775,-0.09471958463213774,-0.04471958463213775
24.0,kappa_prime,6.5600000000000005,0.0008246286441018764,-0.03346629584947895,-0.05846629584947895,-0.008466295849478958
24.0,kappa_prime,6.879999999999999,0.0007263293044678617,-0.014836169921790108,-0.0398361699217901,0.010163830078209887
24.0,kappa_prime,7.199999999999999,0.0006989389837877266,-0.0030625438423330285,-0.02806254384233302,0.021937456157666967
24.0,kappa_prime,7.52,0.0006183762850251132,-0.052566607806070906,-0.0775666078060709,-0.02756660780607091
24.0,kappa_prime,7.84,0.0005922626728827437,-0.006286433450326037,-0.03128643345032603,0.018713566549673957
24.0,kappa_prime,8.16,0.0005485384633188293,-0.0202371751433633,-0.05773717514336331,0.017262824856636706
24.0,kappa_prime,8.48,0.00046237022930312947,-0.04355417774566699,-0.068554177745667,-0.018554177745667
24.0,kappa_prime,8.8,0.0004180055895312116,0.022503359515537023,-0.002496640484462971,0.04750335951553702
24.0,kappa_prime,9.120000000000001,0.00040559193979122673,-0.01059878283722775,-0.03559878283722774,0.014401217162772244
24.0,kappa_prime,9.440000000000001,0.00038116009422447573,-0.05683127570275129,-0.08183127570275128,-0.031831275702751294
24.0,kappa_prime,9.760000000000002,0.00037115883265803433,-0.06426482744383785,-0.08926482744383785,-0.03926482744383786
24.0,kappa_prime,10.080000000000002,0.0002897148529521724,-0.013710414430038583,-0.03871041443003858,0.011289585569961411
24.0,kappa_prime,10.400000000000002,0.0002947257883809339,-0.021879628577479385,-0.08437962857747938,0.04062037142252062
24.0,kappa_prime,10.72,0.0002865879999105059,-0.005554104810080623,-0.04305410481008063,0.03194589518991938
24.0,kappa_prime,11.04,0.00027400676107132004,-0.010013613316488396,-0.03501361331648839,0.014986386683511599
24.0,kappa_prime,11.36,0.0002672884555239655,-0.07830479704472683,-0.10330479704472682,-0.053304797044726834
24.0,kappa_prime,11.68,0.00024075483460745935,-0.0014242571056688083,-0.051424257105668794,0.048575742894331184
24.0,kappa_prime,12.0,0.00022569386222065648,-0.05162191705233407,-0.07662191705233407,-0.026621917052334076
24.0,kappa_prime,12.32,0.00019884557675040247,0.016502383710062057,-0.008497616289937938,0.041502383710062055
24.0,kappa_prime,12.64,0.0001690399879502779,-0.05082663410223954,-0.07582663410223953,-0.025826634102239544
24.0,kappa_prime,12.96,0.00015069210758890847,-0.10813061673296902,-0.145630616732969,-0.07063061673296901
24.0,kappa_prime,13.280000000000001,0.00020032057168116945,-0.018952861460925424,-0.04395286146092542,0.00604713853907457
24.0,kappa_prime,13.600000000000001,0.0001634523079401735,-0.02053872039896551,-0.045538720398965504,0.004461279601034485
24.0,kappa_prime,13.920000000000002,0.00014307560517105758,-0.05407026222505757,-0.07907026222505756,-0.029070262225057576
24.0,kappa_prime,14.240000000000002,0.00015289658368845946,-0.06304015370269475,-0.12554015370269475,-0.0005401537026947512
24.0,kappa_prime,14.56,0.00012227985527693086,-0.09161326951494682,-0.11661326951494681,-0.06661326951494682
24.0,kappa_prime,14.879999999999999,0.0001313822192138556,-0.05873713225668098,-0.10873713225668097,-0.00873713225668099
24.0,kappa_prime,15.2,0.00011003215924025845,-0.08735707891804288,-0.12485707891804289,-0.04985707891804288
24.0,kappa_prime,15.52,0.00011681373183346696,-0.035566351061232716,-0.06056635106123271,-0.010566351061232722
24.0,kappa_prime,15.84,9.333089255473265e-05,-0.029593046945949053,-0.05459304694594905,-0.004593046945949059
24.0,kappa_tau,-5.9399999999999995,7.412449039541885e-05,-0.22036843790811866,-0.27036843790811865,-0.17036843790811868
24.0,kappa_tau,-5.82,6.672286725314655e-05,-0.24594415475996612,-0.27094415475996614,-0.22094415475996612
24.0,kappa_tau,-5.699999999999999,7.411476243007474e-05,-0.20815176019973422,-0.23315176019973421,-0.18315176019973423
24.0,kappa_tau,-5.58,8.89403679410316e-05,-0.21346252121696901,-0.238462521216969,-0.18846252121696902
24.0,kappa_tau,-5.46,9.994990718210861e-05,-0.2005638835938059,-0.2505638835938059,-0.1505638835938059
24.0,kappa_tau,-5.34,0.0001111838688262399,-0.256355596636274,-0.28135559663627396,-0.231355596636274
24.0,kappa_tau,-5.220000000000001,0.00011224772174643227,-0.21178955688469533,-0.23678955688469533,-0.18678955688469534
24.0,kappa_tau,-5.1,9.429715877876407e-05,-0.2032937888493652,-0.2282937888493652,-0.1782937888493652
24.0,kappa_tau,-4.98,0.00013376516875477943,-0.2878751738305125,-0.31287517383051244,-0.2628751738305125
24.0,kappa_tau,-4.859999999999999,0.00015011816167282614,-0.21973105117448366,-0.25723105117448364,-0.18223105117448365
24.0,kappa_tau,-4.74,0.00016209051393293315,-0.22779819841738988,-0.2652981984173899,-0.19029819841738987
24.0,kappa_tau,-4.62,0.00015349023352636035,-0.21068236626525355,-0.26068236626525354,-0.16068236626525356
24.0,kappa_tau,-4.5,0.00016538290828375783,-0.22135736816345303,-0.271357368163453,-0.17135736816345304
24.0,kappa_tau,-4.38,0.00018581386291604375,-0.19407878712451462,-0.21907878712451462,-0.16907878712451463
24.0,kappa_tau,-4.26,0.00019435735948038677,-0.232324450788577,-0.269824450788577,-0.194824450788577
24.0,kappa_tau,-4.140000000000001,0.00020527778104513527,-0.20336329951969395,-0.22836329951969395,-0.17836329951969396
24.0,kappa_tau,-4.02,0.000239081391909761,-0.19661532047152447,-0.22161532047152446,-0.17161532047152447
24.0,kappa_tau,-3.9,0.00024458065760998393,-0.2121555477957598,-0.23715554779575979,-0.1871555477957598
24.0,kappa_tau,-3.7800000000000002,0.0002877497935772754,-0.20359710120400656,-0.22859710120400656,-0.17859710120400657
24.0,kappa_tau,-3.66,0.0003349041325515536,-0.18941744176521577,-0.21441744176521577,-0.16441744176521578
24.0,kappa_tau,-3.54,0.00037624761846790885,-0.23840685904501593,-0.26340685904501593,-0.21340685904501594
24.0,kappa_tau,-3.42,0.0004443430165918426,-0.20830420267857944,-0.24580420267857944,-0.17080420267857943
24.0,kappa_tau,-3.3000000000000003,0.0004848754274932183,-0.2002487443639095,-0.2252487443639095,-0.1752487443639095
24.0,kappa_tau,-3.18,0.0004717634343347532,-0.20026289880418474,-0.22526289880418474,-0.17526289880418475
24.0,kappa_tau,-3.06,0.0005756309098853631,-0.17504739604448452,-0.20004739604448452,-0.15004739604448453
24.0,kappa_tau,-2.94,0.0006130758963600795,-0.1760251862986562,-0.2010251862986562,-0.15102518629865622
24.0,kappa_tau,-2.8200000000000003,0.0006849463935110153,-0.17415202400739274,-0.19915202400739274,-0.14915202400739275
24.0,kappa_tau,-2.7,0.0008179968984025469,-0.20477062185582076,-0.22977062185582076,-0.17977062185582077
24.0,kappa_tau,-2.58,0.0008926872242647264,-0.16172553355290437,-0.18672553355290436,-0.13672553355290437
24.0,kappa_tau,-2.46,0.0011271874027963347,-0.20531738387695703,-0.23031738387695702,-0.18031738387695703
24.0,kappa_tau,-2.3400000000000003,0.0012271520825282633,-0.1396330445157292,-0.1646330445157292,-0.1146330445157292
24.0,kappa_tau,-2.22,0.0013140061299937932,-0.1639315287417751,-0.1889315287417751,-0.1389315287417751
24.0,kappa_tau,-2.1,0.0015688071212758394,-0.16370084287653808,-0.18870084287653807,-0.13870084287653808
24.0,kappa_tau,-1.98,0.001886816508005831,-0.12496318214235523,-0.1499631821423552,-0.09996318214235524
24.0,kappa_tau,-1.8599999999999999,0.00216366515261562,-0.1486473071540439,-0.1736473071540439,-0.1236473071540439
24.0,kappa_tau,-1.7399999999999998,0.002649854609210219,-0.11022628365679318,-0.13522628365679318,-0.08522628365679319
24.0,kappa_tau,-1.62,0.003055239691277731,-0.1323440418919888,-0.1573440418919888,-0.10734404189198882
24.0,kappa_tau,-1.5000000000000004,0.0038007703342846453,-0.1030264459946497,-0.12802644599464968,-0.07802644599464971
24.0,kappa_tau,-1.3800000000000003,0.004368425188616408,-0.08898472521722074,-0.11398472521722074,-0.06398472521722075
24.0,kappa_tau,-1.2600000000000002,0.0053309321993869644,-0.08507672232736738,-0.11007672232736737,-0.06007672232736738
24.0,kappa_tau,-1.1400000000000001,0.006739078093875689,-0.05809406261315788,-0.08309406261315788,-0.033094062613157886
24.0,kappa_tau,-1.02,0.008439259362971529,-0.04266923219416509,-0.06766923219416508,-0.017669232194165094
24.0,kappa_tau,-0.8999999999999999,0.011223627081127358,-0.00915167380196149,-0.034151673801961484,0.015848326198038505
24.0,kappa_tau,-0.7800000000000002,0.014361217109340527,0.0314229790935713,0.006422979093571306,0.056422979093571295
24.0,kappa_tau,-0.6600000000000006,0.018872723263160834,0.06996680280740805,0.04496680280740806,0.09496680280740805
24.0,kappa_tau,-0.5400000000000005,0.025709872929217198,0.11835385170191853,0.09335385170191854,0.14335385170191853
24.0,kappa_tau,-0.4200000000000004,0.038022997822200574,0.21006981173590838,0.1850698117359084,0.23506981173590838
24.0,kappa_tau,-0.30000000000000027,0.058773335313486184,0.31049012459921704,0.2854901245992171,0.335490124599217
24.0,kappa_tau,-0.18000000000000016,0.0994001458359803,0.4556873303863315,0.20568733038633152,0.7056873303863316
24.0,kappa_tau,-0.06000000000000005,0.1795668328446624,0.6009710981037548,0.5009710981037548,0.7009710981037548
24.0,kappa_tau,0.06000000000000005,0.1799697032221425,0.6014065497175065,0.5014065497175065,0.7014065497175065
24.0,kappa_tau,0.18000000000000016,0.10094853565760141,0.4601367608423222,0.22263676084232226,0.6976367608423222
24.0,kappa_tau,0.2999999999999998,0.058309213706152024,0.31573764614390804,0.29073764614390807,0.340737646143908
24.0,kappa_tau,0.4199999999999995,0.03780705438571717,0.19988345644021052,0.17488345644021053,0.22488345644021052
24.0,kappa_tau,0.5399999999999996,0.026181205104654964,0.1317062679082363,0.10670626790823631,0.1567062679082363
24.0,kappa_tau,0.6599999999999997,0.018592266852934615,0.07289794498458349,0.047897944984583496,0.09789794498458348
24.0,kappa_tau,0.7799999999999998,0.014301284209920422,0.022275284109056877,-0.002724715890943117,0.047275284109056875
24.0,kappa_tau,0.8999999999999999,0.01091988852051624,0.0032822805628403545,-0.021717719437159638,0.02828228056284035
24.0,kappa_tau,1.02,0.008354352023661547,-0.028948045763764682,-0.053948045763764677,-0.003948045763764688
24.0,kappa_tau,1.1399999999999997,0.006682614075775242,-0.05621103256776466,-0.08121103256776466,-0.03121103256776467
24.0,kappa_tau,1.2599999999999993,0.0055244243620485006,-0.06751268730238671,-0.09251268730238671,-0.04251268730238672
24.0,kappa_tau,1.3799999999999994,0.004545766044132515,-0.11324296953596623,-0.1382429695359662,-0.08824296953596623
24.0,kappa_tau,1.4999999999999996,0.0037353201494209343,-0.1035155841182008,-0.1285155841182008,-0.07851558411820081
24.0,kappa_tau,1.6199999999999997,0.002925625712939293,-0.12768631846761364,-0.15268631846761363,-0.10268631846761364
24.0,kappa_tau,1.7399999999999998,0.0025898226416021164,-0.12707570240216504,-0.15207570240216503,-0.10207570240216504
24.0,kappa_tau,1.8599999999999999,0.0021520941286897527,-0.16054164721485614,-0.19804164721485615,-0.12304164721485614
24.0,kappa_tau,1.9799999999999995,0.0018691293912292185,-0.16598190582024497,-0.20348190582024497,-0.12848190582024496
24.0,kappa_tau,2.0999999999999996,0.0015809758242399516,-0.15019874489121998,-0.17519874489121998,-0.12519874489122
24.0,kappa_tau,2.2199999999999998,0.0013281848987261573,-0.14607332889780592,-0.1710733288978059,-0.12107332889780592
24.0,kappa_tau,2.34,0.001242790962700892,-0.14608398730056252,-0.1710839873005625,-0.12108398730056252
24.0,kappa_tau,2.46,0.0011189248250228203,-0.17231141298573824,-0.19731141298573823,-0.14731141298573824
24.0,kappa_tau,2.58,0.0008976421025238278,-0.18550936298278062,-0.2105093629827806,-0.16050936298278062
24.0,kappa_tau,2.7,0.0007747095664154513,-0.19741527084302413,-0.22241527084302412,-0.17241527084302413
24.0,kappa_tau,2.8199999999999994,0.0006810937566637514,-0.19246321639746938,-0.21746321639746938,-0.1674632163974694
24.0,kappa_tau,2.9399999999999995,0.0006239523290065051,-0.18735886415948838,-0.2248588641594884,-0.14985886415948838
24.0,kappa_tau,3.0599999999999996,0.0005290067292037766,-0.165994118389735,-0.19099411838973498,-0.140994118389735
24.0,kappa_tau,3.1799999999999997,0.0005181399748890459,-0.1775299141129213,-0.2150299141129213,-0.1400299141129213
24.0,kappa_tau,3.3,0.0004796565619105326,-0.17807542888327993,-0.21557542888327993,-0.14057542888327992
24.0,kappa_tau,3.42,0.00037388428266023745,-0.19293123746304047,-0.21793123746304047,-0.16793123746304048
24.0,kappa_tau,3.54,0.00033284014330003215,-0.20654759434684444,-0.23154759434684444,-0.18154759434684445
24.0,kappa_tau,3.6599999999999993,0.0003486055264168589,-0.2041803372764162,-0.2291803372764162,-0.17918033727641622
24.0,kappa_tau,3.7799999999999994,0.0002808376962263016,-0.20523972959317305,-0.23023972959317304,-0.18023972959317305
24.0,kappa_tau,3.8999999999999995,0.00026603316863823515,-0.20186566308729206,-0.22686566308729206,-0.17686566308729207
24.0,kappa_tau,4.02,0.00025512502819356487,-0.21798724188151977,-0.24298724188151977,-0.19298724188151978
24.0,kappa_tau,4.14,0.00023549804392893452,-0.21137532362088887,-0.23637532362088887,-0.18637532362088888
24.0,kappa_tau,4.26,0.00021339704930269907,-0.2063310655808125,-0.2438310655808125,-0.16883106558081248
24.0,kappa_tau,4.38,0.00017198446964656174,-0.16813390673136097,-0.20563390673136098,-0.13063390673136097
24.0,kappa_tau,4.499999999999999,0.0001532662266202705,-0.17867137233060973,-0.20367137233060972,-0.15367137233060973
24.0,kappa_tau,4.619999999999999,0.00017717384207904528,-0.25242518882422593,-0.27742518882422595,-0.22742518882422594
24.0,kappa_tau,4.739999999999999,0.0001570440901823174,-0.19804364445323105,-0.22304364445323105,-0.17304364445323106
24.0,kappa_tau,4.859999999999999,0.00012077887158031916,-0.19665596655438036,-0.22165596655438036,-0.17165596655438037
24.0,kappa_tau,4.9799999999999995,0.00011391990692310043,-0.23227118965587204,-0.26977118965587205,-0.19477118965587203
24.0,kappa_tau,5.1,0.00011590724907631827,-0.2372183325336967,-0.2622183325336967,-0.2122183325336967
24.0,kappa_tau,5.22,9.818681292028554e-05,-0.26372520673024685,-0.2887252067302468,-0.23872520673024686
24.0,kappa_tau,5.34,0.00010281228660304069,-0.22992604902343883,-0.2674260490234388,-0.19242604902343882
24.0,kappa_tau,5.46,9.037032448706432e-05,-0.24408646344515986,-0.26908646344515985,-0.21908646344515986
24.0,kappa_tau,5.579999999999999,9.863462080899081e-05,-0.24580935220691677,-0.2833093522069168,-0.20830935220691676
24.0,kappa_tau,5.699999999999999,8.349943980528474e-05,-0.2043561345274476,-0.2418561345274476,-0.1668561345274476
24.0,kappa_tau,5.819999999999999,7.623741257687763e-05,-0.2228693211970927,-0.2478693211970927,-0.19786932119709272
24.0,kappa_tau,5.9399999999999995,6.894648250724914e-05,-0.24739720923311856,-0.27239720923311855,-0.22239720923311856
40.0,kappa,0.025,0.034940450645773294,0.8192888456665685,0.7692888456665685,0.8692888456665684
40.0,kappa,0.07500000000000001,0.08614905154178248,0.8007119923889111,0.7382119923889111,0.8632119923889111
40.0,kappa,0.125,0.10134335484365627,0.760948248763193,0.685948248763193,0.835948248763193
40.0,kappa,0.17500000000000002,0.09495814893280201,0.7109232457865766,0.6109232457865766,0.8109232457865766
40.0,kappa,0.225,0.08187913275110016,0.6529593317269633,0.5154593317269633,0.7904593317269633
40.0,kappa,0.275,0.07057666933223815,0.5906174124606595,0.3906174124606595,0.7906174124606594
40.0,kappa,0.32500000000000007,0.0586388417259337,0.5337192936192974,0.2837192936192974,0.7837192936192974
40.0,kappa,0.375,0.04980458904723948,0.4776959929536366,0.2026959929536366,0.7526959929536365
40.0,kappa,0.42500000000000004,0.0422384737820969,0.4169382944452786,0.05443829444527859,0.7794382944452786
40.0,kappa,0.475,0.03641131446086595,0.3634084237766277,0.3384084237766277,0.38840842377662765
40.0,kappa,0.525,0.03268693188942607,0.3289578302092207,0.30395783020922074,0.35395783020922067
40.0,kappa,0.5750000000000001,0.02745754985651789,0.2784250708308067,0.2534250708308067,0.3034250708308067
40.0,kappa,0.625,0.024895008435920577,0.23281104282577067,0.19531104282577066,0.2703110428257707
40.0,kappa,0.675,0.02142785911056143,0.20469047993619066,0.17969047993619067,0.22969047993619066
40.0,kappa,0.7250000000000001,0.01923102971118327,0.17435491663139438,0.13685491663139437,0.21185491663139439
40.0,kappa,0.775,0.017307093494170332,0.1492366140915521,0.1242366140915521,0.17423661409155208
40.0,kappa,0.8250000000000001,0.01572569926019387,0.11963668584240748,0.09463668584240749,0.14463668584240746
40.0,kappa,0.875,0.014089975811483278,0.09357398819403805,0.05607398819403804,0.13107398819403804
40.0,kappa,0.925,0.013118481932673575,0.06118519313693876,0.03618519313693876,0.08618519313693876
40.0,kappa,0.9750000000000001,0.011602783360675065,0.03971832629963872,0.014718326299638727,0.06471832629963872
40.0,kappa,1.025,0.010531992804742405,0.046571564474383355,0.02157156447438336,0.07157156447438334
40.0,kappa,1.0750000000000002,0.009558142099347425,0.008761628925141476,-0.016238371074858517,0.03376162892514147
40.0,kappa,1.125,0.008925066494839925,-0.012115689312441821,-0.037115689312441816,0.012884310687558173
40.0,kappa,1.1750000000000003,0.00806394323811438,-0.018008866354687476,-0.04300886635468747,0.006991133645312519
40.0,kappa,1.225,0.007309050067426737,-0.022160107563694624,-0.04716010756369462,0.0028398924363053704
40.0,kappa,1.275,0.006628176321843054,-0.04080369968500685,-0.07830369968500686,-0.003303699685006843
40.0,kappa,1.3250000000000002,0.006173258891434712,-0.05155258169672575,-0.07655258169672574,-0.026552581696725752
40.0,kappa,1.375,0.005587555356408581,-0.05925172644893425,-0.08425172644893425,-0.034251726448934254
40.0,kappa,1.4250000000000003,0.005435305444012277,-0.07135699820110449,-0.09635699820110448,-0.04635699820110449
40.0,kappa,1.475,0.0051067918854593684,-0.08059569333062906,-0.10559569333062906,-0.05559569333062907
40.0,kappa,1.525,0.0044205859673384085,-0.09579322154194804,-0.12079322154194803,-0.07079322154194805
40.0,kappa,1.5750000000000002,0.004088604199979784,-0.09364605828580878,-0.11864605828580878,-0.06864605828580879
40.0,kappa,1.625,0.003874463357981785,-0.11450156370184239,-0.13950156370184238,-0.0895015637018424
40.0,kappa,1.6750000000000003,0.003470085138239846,-0.11073430509882852,-0.1357343050988285,-0.08573430509882853
40.0,kappa,1.725,0.003387940601908752,-0.10795085534716653,-0.13295085534716652,-0.08295085534716654
40.0,kappa,1.775,0.003044153991418422,-0.11744751446671324,-0.14244751446671322,-0.09244751446671325
40.0,kappa,1.8250000000000002,0.0027657722940215056,-0.12054679684353942,-0.15804679684353942,-0.08304679684353941
40.0,kappa,1.875,0.002576927344666288,-0.12415881278576849,-0.14915881278576848,-0.09915881278576849
40.0,kappa,1.9250000000000003,0.00265947191265321,-0.14415190306535972,-0.1691519030653597,-0.11915190306535972
40.0,kappa,1.975,0.0023431121784550724,-0.14889315548705362,-0.1738931554870536,-0.12389315548705362
40.0,kappa,2.0250000000000004,0.002237449940578807,-0.15654710186601822,-0.18154710186601822,-0.13154710186601823
40.0,kappa,2.075,0.002081331971509095,-0.171103633051606,-0.196103633051606,-0.146103633051606
40.0,kappa,2.125,0.0018853129124102115,-0.16267429330144406,-0.18767429330144406,-0.13767429330144407
40.0,kappa,2.175,0.0018147865668981648,-0.153722850248378,-0.178722850248378,-0.128722850248378
40.0,kappa,2.225,0.001614637348067674,-0.16863805009097543,-0.19363805009097543,-0.14363805009097544
40.0,kappa,2.2750000000000004,0.0014690729410200755,-0.17851043105511427,-0.21601043105511428,-0.14101043105511427
40.0,kappa,2.325,0.0013711123124333807,-0.17341065400975544,-0.19841065400975544,-0.14841065400975545
40.0,kappa,2.375,0.001388203996173594,-0.16941578382521166,-0.19441578382521166,-0.14441578382521167
40.0,kappa,2.4250000000000003,0.0012759679707548724,-0.16881787275954493,-0.19381787275954493,-0.14381787275954494
40.0,kappa,2.475,0.0011261811682237468,-0.15085248242834048,-0.17585248242834048,-0.1258524824283405
40.0,kappa,2.5250000000000004,0.0010724299353864946,-0.17194343251991293,-0.19694343251991292,-0.14694343251991293
40.0,kappa,2.575,0.0011102447620114776,-0.1987899692314022,-0.23628996923140222,-0.1612899692314022
40.0,kappa,2.625,0.0010207261536023479,-0.1790613533137587,-0.2040613533137587,-0.1540613533137587
40.0,kappa,2.6750000000000003,0.0009926125787316365,-0.21272135401530656,-0.23772135401530656,-0.18772135401530657
40.0,kappa,2.725,0.000880665116895144,-0.2038531316404074,-0.22885313164040738,-0.1788531316404074
40.0,kappa,2.7750000000000004,0.0007713631627790064,-0.19035130647159068,-0.21535130647159068,-0.1653513064715907
40.0,kappa,2.825,0.0007377215091152095,-0.18900781746129655,-0.21400781746129655,-0.16400781746129656
40.0,kappa,2.875,0.0006507603553652113,-0.17899664517052102,-0.21649664517052103,-0.14149664517052102
40.0,kappa,2.9250000000000003,0.0006824424077297956,-0.1704213430534403,-0.1954213430534403,-0.14542134305344032
40.0,kappa,2.975,0.0005810123150419261,-0.2126312512894989,-0.23763125128949888,-0.1876312512894989
40.0,kappa,3.0250000000000004,0.0006377143182651816,-0.21200298859273486,-0.23700298859273486,-0.18700298859273487
40.0,kappa,3.075,0.0005348067386488915,-0.17878975693341162,-0.20378975693341161,-0.15378975693341163
40.0,kappa,3.125,0.0005591998711948497,-0.20692902316247905,-0.23192902316247904,-0.18192902316247905
40.0,kappa,3.1750000000000003,0.0004663602389468253,-0.16305924323924675,-0.18805924323924675,-0.13805924323924676
40.0,kappa,3.225,0.0004628228148473425,-0.2134263034671197,-0.23842630346711968,-0.1884263034671197
40.0,kappa,3.2750000000000004,0.0005019160057183815,-0.15509319782366088,-0.18009319782366087,-0.13009319782366088
40.0,kappa,3.325,0.00044596373176975597,-0.17052593441050404,-0.19552593441050403,-0.14552593441050404
40.0,kappa,3.375,0.00040292862479359245,-0.18935657011568982,-0.21435657011568982,-0.16435657011568983
40.0,kappa,3.4250000000000003,0.00042799556572081223,-0.19236170409308462,-0.22986170409308462,-0.1548617040930846
40.0,kappa,3.475,0.0003820051843973415,-0.20175858897861285,-0.22675858897861284,-0.17675858897861285
40.0,kappa,3.5250000000000004,0.00036875583507398155,-0.1922896301759163,-0.2297896301759163,-0.1547896301759163
40.0,kappa,3.575,0.000365712362823646,-0.2067321909301322,-0.2317321909301322,-0.1817321909301322
40.0,kappa,3.625,0.00031690962276555005,-0.20171480775276646,-0.22671480775276645,-0.17671480775276646
40.0,kappa,3.6750000000000003,0.0003162869200497627,-0.23261738538875829,-0.2576173853887583,-0.2076173853887583
40.0,kappa,3.725,0.00030372682153356236,-0.24697475315743578,-0.2719747531574358,-0.22197475315743578
40.0,kappa,3.7750000000000004,0.0002727660935996505,-0.20335180211127796,-0.22835180211127795,-0.17835180211127796
40.0,kappa,3.825,0.0003321218365423602,-0.22988272195534662,-0.2548827219553466,-0.20488272195534663
40.0,kappa,3.875,0.00027402254505767576,-0.25548315355912204,-0.280483153559122,-0.23048315355912205
40.0,kappa,3.9250000000000003,0.00025942017228442924,-0.20854401451913945,-0.23354401451913945,-0.18354401451913946
40.0,kappa,3.975,0.00020120355000348333,-0.20935072072626598,-0.23435072072626598,-0.184350720726266
40.0,kappa,4.025,0.0002614780513681025,-0.2220015911725115,-0.2470015911725115,-0.1970015911725115
40.0,kappa,4.075,0.0002746034929965959,-0.24270348664908284,-0.26770348664908283,-0.21770348664908284
40.0,kappa,4.125,0.00022440233237451746,-0.2561670335779386,-0.29366703357793855,-0.21866703357793857
40.0,kappa,4.175000000000001,0.00018652796065029783,-0.20842250873649182,-0.2584225087364918,-0.15842250873649183
40.0,kappa,4.225,0.00018735748590749762,-0.19472400614829993,-0.21972400614829993,-0.16972400614829994
40.0,kappa,4.275,0.00019631084072374593,-0.24960957983389173,-0.28710957983389174,-0.21210957983389173
40.0,kappa,4.325,0.0001681838732475888,-0.2555215027547332,-0.2805215027547332,-0.23052150275473318
40.0,kappa,4.375,0.0001822101345195398,-0.23052601819799498,-0.255526018197995,-0.205526018197995
40.0,kappa,4.425000000000001,0.00015611382140712855,-0.19251477154861502,-0.255014771548615,-0.13001477154861502
40.0,kappa,4.475,0.00020143527930527698,-0.24412937948292818,-0.26912937948292814,-0.21912937948292818
40.0,kappa,4.525,0.00016792677826583095,-0.24083017001342563,-0.2658301700134256,-0.21583017001342564
40.0,kappa,4.575,0.0001299176718078761,-0.23694630064409372,-0.26194630064409374,-0.21194630064409373
40.0,kappa,4.625,0.00012289009567809702,-0.1990398082735999,-0.2240398082735999,-0.1740398082735999
40.0,kappa,4.675000000000001,0.0001387790263105312,-0.22215290537490204,-0.24715290537490203,-0.19715290537490204
40.0,kappa,4.725,0.00012714276354014865,-0.2340553015689563,-0.2590553015689563,-0.2090553015689563
40.0,kappa,4.775,0.00011951045329141711,-0.23406171431698067,-0.2715617143169807,-0.19656171431698066
40.0,kappa,4.825000000000001,0.00010451352864657897,-0.24284682133201482,-0.2678468213320148,-0.21784682133201483
40.0,kappa,4.875,0.00012100432904360453,-0.22538270573122637,-0.2628827057312264,-0.18788270573122637
40.0,kappa,4.925000000000001,0.0001134514980821687,-0.2246690095596756,-0.24966900955967558,-0.1996690095596756
40.0,kappa,4.975,0.000116570117036975,-0.2582318553489293,-0.28323185534892925,-0.2332318553489293
40.0,kappa_prime,-15.84,0.0001351775233847935,-0.02045384982031006,-0.10795384982031009,0.06704615017968996
40.0,kappa_prime,-15.52,0.0001527976996256561,-0.03960770120454713,-0.11460770120454714,0.03539229879545288
40.0,kappa_prime,-15.2,0.00018331657951763548,-0.009090665546102692,-0.03409066554610268,0.015909334453897302
40.0,kappa_prime,-14.879999999999999,0.00018655334265020942,0.0017439695374430878,-0.03575603046255692,0.039243969537443094
40.0,kappa_prime,-14.56,0.00019673853048226398,0.039821103865257015,-0.12267889613474299,0.20232110386525703
40.0,kappa_prime,-14.24,0.00020790990796298734,0.012193655567776135,-0.02530634443222387,0.04969365556777614
40.0,kappa_prime,-13.92,0.0001886845332238551,-0.0776451330307281,-0.1276451330307281,-0.027645133030728117
40.0,kappa_prime,-13.6,0.00022639880698713922,-0.00764459080088497,-0.032644590800884964,0.017355409199115025
40.0,kappa_prime,-13.280000000000001,0.00023749627534846212,-0.04078666286329165,-0.06578666286329164,-0.015786662863291653
40.0,kappa_prime,-12.96,0.00024511967563728133,-0.03590690369161741,-0.06090690369161741,-0.010906903691617419
40.0,kappa_prime,-12.64,0.0002199380513008732,-0.11385929534455566,-0.13885929534455566,-0.08885929534455567
40.0,kappa_prime,-12.32,0.0003005354192817227,-0.0980534568839943,-0.1230534568839943,-0.07305345688399431
40.0,kappa_prime,-12.0,0.0002440812939702848,-0.06686394961865035,-0.09186394961865034,-0.04186394961865035
40.0,kappa_prime,-11.68,0.00030974902084422826,-0.020541008778008473,-0.07054100877800847,0.029458991221991516
40.0,kappa_prime,-11.36,0.0002902748522164925,-0.08575844325776268,-0.14825844325776266,-0.023258443257762676
40.0,kappa_prime,-11.04,0.00033026870992260084,-0.0621905034725893,-0.0871905034725893,-0.03719050347258931
40.0,kappa_prime,-10.719999999999999,0.0003379085813680794,-0.019528549408147744,-0.06952854940814773,0.030471450591852245
40.0,kappa_prime,-10.399999999999999,0.0003523301698323228,-0.0010365412872776945,-0.0385365412872777,0.03646345871272231
40.0,kappa_prime,-10.08,0.0003925421543158063,-0.08633381327567125,-0.13633381327567123,-0.036333813275671256
40.0,kappa_prime,-9.76,0.00041975136184636103,-0.09769865818703195,-0.12269865818703195,-0.07269865818703196
40.0,kappa_prime,-9.440000000000001,0.00046509116653285825,-0.02751811033797214,-0.052518110337972136,-0.0025181103379721473
40.0,kappa_prime,-9.120000000000001,0.0005356404959310046,-0.0031442537923162487,-0.04064425379231625,0.03435574620768376
40.0,kappa_prime,-8.8,0.000533628591973344,-0.03463797927724675,-0.05963797927724675,-0.009637979277246758
40.0,kappa_prime,-8.48,0.0006161709798447742,0.0051174322697880945,-0.044882567730211896,0.05511743226978808
40.0,kappa_prime,-8.16,0.0006532670615779847,-0.062087609634020643,-0.08708760963402064,-0.03708760963402065
40.0,kappa_prime,-7.84,0.0007276540534373141,-0.03988754836068312,-0.06488754836068311,-0.014887548360683123
40.0,kappa_prime,-7.52,0.0008155262755030347,0.00909213809114132,-0.028407861908858686,0.04659213809114132
40.0,kappa_prime,-7.199999999999999,0.0008431653840624881,-0.02251664332826192,-0.060016643328261926,0.014983356671738085
40.0,kappa_prime,-6.88,0.0008807061702138712,-0.00480072365663708,-0.029800723656637072,0.020199276343362917
40.0,kappa_prime,-6.5600000000000005,0.000991895557658809,0.03320736822655138,-0.004292631773448623,0.07070736822655138
40.0,kappa_prime,-6.24,0.0011439784787097233,-0.014835523765870688,-0.06483552376587068,0.0351644762341293
40.0,kappa_prime,-5.92,0.0013209606704802535,-0.01549873233298522,-0.04049873233298522,0.009501267667014774
40.0,kappa_prime,-5.6,0.001546890129598175,-0.003233409068466689,-0.028233409068466685,0.021766590931533304
40.0,kappa_prime,-5.279999999999999,0.0016197342692357724,0.011011577231838399,-0.013988422768161595,0.03601157723183839
40.0,kappa_prime,-4.959999999999999,0.0017931502917859663,0.011669639280288545,-0.01333036071971145,0.03666963928028854
40.0,kappa_prime,-4.64,0.0022014841445332943,-0.01952473617422669,-0.044524736174226684,0.005475263825773305
40.0,kappa_prime,-4.32,0.002539857770069346,0.004765134706443335,-0.02023486529355666,0.02976513470644333
40.0,kappa_prime,-4.0,0.002957316601786835,0.01660193799795324,-0.008398062002046753,0.04160193799795324
40.0,kappa_prime,-3.6799999999999997,0.003545067559937219,0.004825027328590279,-0.020174972671409715,0.029825027328590274
40.0,kappa_prime,-3.3599999999999994,0.004117242073017016,0.019768448366641853,-0.005231551633358141,0.044768448366641844
40.0,kappa_prime,-3.039999999999999,0.00476605844806082,0.04175990461175915,0.004259904611759145,0.07925990461175916
40.0,kappa_prime,-2.7199999999999998,0.00638205905283583,0.03499772702372256,0.009997727023722563,0.05999772702372255
40.0,kappa_prime,-2.4000000000000004,0.0076460910447622155,0.05039017092474154,0.025390170924741544,0.07539017092474154
40.0,kappa_prime,-2.08,0.009764195118485218,0.05436966665575419,0.029369666655754197,0.07936966665575418
40.0,kappa_prime,-1.7599999999999998,0.012734504827082237,0.07951966779851724,0.054519667798517246,0.10451966779851724
40.0,kappa_prime,-1.4399999999999995,0.017369834383736748,0.1304692937006317,0.10546929370063171,0.1554692937006317
40.0,kappa_prime,-1.1199999999999992,0.025088461566819747,0.1598799821326888,0.1348799821326888,0.1848799821326888
40.0,kappa_prime,-0.7999999999999998,0.040045419437137686,0.250265479243335,0.22526547924333498,0.275265479243335
40.0,kappa_prime,-0.4800000000000004,0.076803590821307,0.4021439742645906,0.37714397426459056,0.4271439742645906
40.0,kappa_prime,-0.16000000000000014,0.25971828859450996,0.6751676416348731,0.5876676416348732,0.762667641634873
40.0,kappa_prime,0.16000000000000014,0.2602497836218728,0.6728081558502182,0.5853081558502183,0.7603081558502182
40.0,kappa_prime,0.4800000000000004,0.07578080578887965,0.40147754939793917,0.3764775493979392,0.42647754939793914
40.0,kappa_prime,0.8000000000000007,0.04021854256877559,0.25289815174577995,0.22789815174577996,0.2778981517457799
40.0,kappa_prime,1.120000000000001,0.025342870641686575,0.1859835200231883,0.1609835200231883,0.2109835200231883
40.0,kappa_prime,1.4400000000000013,0.017170758705886347,0.1236805563529409,0.0986805563529409,0.1486805563529409
40.0,kappa_prime,1.7600000000000016,0.012340196089779999,0.10389227809163183,0.06639227809163183,0.14139227809163185
40.0,kappa_prime,2.080000000000002,0.00963254746931997,0.08093075104757826,0.05593075104757826,0.10593075104757825
40.0,kappa_prime,2.4000000000000004,0.007547444487624904,0.052012821533930886,0.027012821533930892,0.07701282153393088
40.0,kappa_prime,2.719999999999999,0.006065846911344689,0.03377442550521641,0.008774425505216413,0.0587744255052164
40.0,kappa_prime,3.039999999999999,0.004915817957341461,0.03260927620003502,0.007609276200035028,0.05760927620003502
40.0,kappa_prime,3.3599999999999994,0.003986800801458919,0.037290253710193275,0.01229025371019328,0.06229025371019327
40.0,kappa_prime,3.6799999999999997,0.003282532131747894,0.03434304588529075,0.009343045885290759,0.05934304588529075
40.0,kappa_prime,4.0,0.003135021540280616,0.00582695562163546,-0.019173044378364534,0.030826955621635455
40.0,kappa_prime,4.32,0.0026043186712958423,-0.0300298293699507,-0.06752982936995071,0.007470170630049306
40.0,kappa_prime,4.640000000000001,0.0022145293798828958,0.01886215451008244,-0.006137845489917554,0.043862154510082435
40.0,kappa_prime,4.960000000000001,0.0018614619440311948,-0.012392854894971208,-0.037392854894971204,0.012607145105028786
40.0,kappa_prime,5.280000000000001,0.0016555769112719223,-0.04911100733202521,-0.0741110073320252,-0.024111007332025217
40.0,kappa_prime,5.600000000000001,0.0014211507756640607,0.004198042197808817,-0.020801957802191177,0.02919804219780881
40.0,kappa_prime,5.920000000000002,0.001283910881550494,-0.01653067472295879,-0.04153067472295878,0.008469325277041206
40.0,kappa_prime,6.240000000000002,0.001132418556816185,-0.014563953591712262,-0.039563953591712255,0.010436046408287733
40.0,kappa_prime,6.5600000000000005,0.0010212085874515572,-0.047363774493250875,-0.07236377449325088,-0.02236377449325088
40.0,kappa_prime,6.879999999999999,0.0009470065337615872,-0.033967501971040315,-0.07146750197104032,0.003532498028959691
40.0,kappa_prime,7.199999999999999,0.0008089395270190539,0.0068437777506243445,-0.030656222249375663,0.04434377775062435
40.0,kappa_prime,7.52,0.0007739528780030503,0.034331190839596126,0.009331190839596132,0.05933119083959612
40.0,kappa_prime,7.84,0.0007446102496266071,-0.04027684126221825,-0.06527684126221825,-0.015276841262218253
40.0,kappa_prime,8.16,0.0007147097364393758,-0.012576936428218098,-0.0500769364282181,0.02492306357178191
40.0,kappa_prime,8.48,0.0006276364803580487,-0.02278363640191381,-0.047783636401913805,0.0022163635980861837
40.0,kappa_prime,8.8,0.0005426063898797376,0.025940708015064824,0.0009407080150648298,0.05094070801506482
40.0,kappa_prime,9.120000000000001,0.0005381862800104688,0.005767862175333166,-0.019232137824666828,0.03076786217533316
40.0,kappa_prime,9.440000000000001,0.0005248354885226826,-0.05688867965527307,-0.09438867965527308,-0.019388679655273064
40.0,kappa_prime,9.760000000000002,0.00044471849842212213,-0.03723467380804993,-0.06223467380804992,-0.012234673808049934
40.0,kappa_prime,10.080000000000002,0.0004386260016215431,-0.01209146972220918,-0.037091469722209176,0.012908530277790814
40.0,kappa_prime,10.400000000000002,0.00035465264878082096,0.022816145751741252,-0.014683854248258753,0.060316145751741254
40.0,kappa_prime,10.72,0.00039106870976454277,0.024255219002554104,-0.013244780997445901,0.06175521900255411
40.0,kappa_prime,11.04,0.0003264987046422485,0.010625634540702367,-0.014374365459297628,0.03562563454070236
40.0,kappa_prime,11.36,0.00033850215980204385,0.0036364163332907704,-0.021363583666709225,0.028636416333290764
40.0,kappa_prime,11.68,0.0003353880853961061,-0.07570735959752009,-0.1132073595975201,-0.038207359597520085
40.0,kappa_prime,12.0,0.0002829307648146447,-0.07633577314861922,-0.11383577314861923,-0.03883577314861922
40.0,kappa_prime,12.32,0.0002799767609915671,-0.03904226253633116,-0.06404226253633116,-0.014042262536331167
40.0,kappa_prime,12.64,0.00024526633034419753,-0.01970433630907582,-0.05720433630907583,0.017795663690924186
40.0,kappa_prime,12.96,0.00027329592343399225,-0.04358932781021867,-0.06858932781021866,-0.018589327810218673
40.0,kappa_prime,13.280000000000001,0.00022941137047155762,-0.00869382392773385,-0.04619382392773386,0.028806176072266154
40.0,kappa_prime,13.600000000000001,0.00018784462358383683,-0.05408156146568536,-0.07908156146568535,-0.029081561465685364
40.0,kappa_prime,13.920000000000002,0.00022430824987417863,-0.03702768584767328,-0.06202768584767328,-0.012027685847673289
40.0,kappa_prime,14.240000000000002,0.0001948826056942536,0.013192276294374524,-0.01180772370562547,0.03819227629437452
40.0,kappa_prime,14.56,0.00015861386646490183,-0.039689279647670966,-0.08968927964767096,0.010310720352329023
40.0,kappa_prime,14.879999999999999,0.00014224493036325353,0.04871234791679808,-0.013787652083201922,0.11121234791679807
40.0,kappa_prime,15.2,0.00018554448833547633,-0.029703097414436393,-0.05470309741443639,-0.004703097414436398
40.0,kappa_prime,15.52,0.000135609027645162,-0.022080870510024195,-0.047080870510024186,0.002919129489975799
40.0,kappa_prime,15.84,0.00015955151612831765,-0.0647941344403826,-0.08979413444038259,-0.0397941344403826
40.0,kappa_tau,-5.9399999999999995,9.216244076491833e-05,-0.25840297943700175,-0.2959029794370017,-0.22090297943700174
40.0,kappa_tau,-5.82,0.00010112039786276465,-0.2169146198722054,-0.2419146198722054,-0.1919146198722054
40.0,kappa_tau,-5.699999999999999,0.00011189495859014453,-0.23987588520719533,-0.2648758852071953,-0.21487588520719533
40.0,kappa_tau,-5.58,0.00011796911533239418,-0.2201537910994456,-0.25765379109944564,-0.1826537910994456
40.0,kappa_tau,-5.46,0.00014282889063420344,-0.19944270494474664,-0.22444270494474663,-0.17444270494474665
40.0,kappa_tau,-5.34,0.0001485807304535819,-0.274506661520875,-0.312006661520875,-0.237006661520875
40.0,kappa_tau,-5.220000000000001,0.00012253725942383374,-0.22878540085817614,-0.25378540085817614,-0.20378540085817615
40.0,kappa_tau,-5.1,0.0001903129015510971,-0.23395726948626847,-0.25895726948626846,-0.20895726948626847
40.0,kappa_tau,-4.98,0.00018302514728599226,-0.24004958578017108,-0.26504958578017107,-0.21504958578017108
40.0,kappa_tau,-4.859999999999999,0.00018679331997705813,-0.23218292292367226,-0.2571829229236723,-0.20718292292367227
40.0,kappa_tau,-4.74,0.00016039757230863554,-0.2896396838728744,-0.31463968387287444,-0.2646396838728744
40.0,kappa_tau,-4.62,0.0002284491302535898,-0.24080570419116654,-0.2908057041911665,-0.19080570419116655
40.0,kappa_tau,-4.5,0.00022125981146351313,-0.25390154024652334,-0.27890154024652336,-0.22890154024652334
40.0,kappa_tau,-4.38,0.000274543393497375,-0.19277822069189193,-0.21777822069189193,-0.16777822069189194
40.0,kappa_tau,-4.26,0.0002517057600272861,-0.2183550305637004,-0.2433550305637004,-0.1933550305637004
40.0,kappa_tau,-4.140000000000001,0.0002962870769017532,-0.2511214370416713,-0.27612143704167125,-0.22612143704167129
40.0,kappa_tau,-4.02,0.00035659705860705384,-0.21881443912854717,-0.2563144391285472,-0.18131443912854717
40.0,kappa_tau,-3.9,0.00032777688030480453,-0.21418690549725697,-0.23918690549725696,-0.18918690549725697
40.0,kappa_tau,-3.7800000000000002,0.00038763175568897433,-0.21190821531049753,-0.23690821531049752,-0.18690821531049753
40.0,kappa_tau,-3.66,0.0003829653812576498,-0.23309904666808925,-0.25809904666808925,-0.20809904666808926
40.0,kappa_tau,-3.54,0.00046579674283341195,-0.22883613574633607,-0.2663361357463361,-0.19133613574633607
40.0,kappa_tau,-3.42,0.0005123648641331873,-0.23538197917161155,-0.26038197917161154,-0.21038197917161156
40.0,kappa_tau,-3.3000000000000003,0.0006129190153695517,-0.17979434720140283,-0.20479434720140283,-0.15479434720140284
40.0,kappa_tau,-3.18,0.0006000369045110604,-0.17587337177004228,-0.21337337177004229,-0.13837337177004227
40.0,kappa_tau,-3.06,0.0006582655528492263,-0.18100952754359428,-0.20600952754359428,-0.1560095275435943
40.0,kappa_tau,-2.94,0.0008122010355751314,-0.18169533996289464,-0.20669533996289463,-0.15669533996289464
40.0,kappa_tau,-2.8200000000000003,0.0008942866887128992,-0.17920070501519186,-0.20420070501519186,-0.15420070501519187
40.0,kappa_tau,-2.7,0.000937670053769812,-0.18805371045712646,-0.21305371045712646,-0.16305371045712647
40.0,kappa_tau,-2.58,0.0010966518408018953,-0.17123550705422477,-0.19623550705422477,-0.14623550705422478
40.0,kappa_tau,-2.46,0.0012350819265484277,-0.16083494822216504,-0.18583494822216504,-0.13583494822216505
40.0,kappa_tau,-2.3400000000000003,0.0014170325483775649,-0.16792541995672705,-0.20542541995672706,-0.13042541995672705
40.0,kappa_tau,-2.22,0.001626754422748641,-0.14155602527155908,-0.16655602527155908,-0.11655602527155909
40.0,kappa_tau,-2.1,0.0019611184086012687,-0.13213561607840013,-0.15713561607840013,-0.10713561607840014
40.0,kappa_tau,-1.98,0.0020506163809821142,-0.15268247324888284,-0.17768247324888284,-0.12768247324888285
40.0,kappa_tau,-1.8599999999999999,0.002417765394523488,-0.130111738295737,-0.155111738295737,-0.105111738295737
40.0,kappa_tau,-1.7399999999999998,0.0027917545830543062,-0.11406262950390364,-0.13906262950390363,-0.08906262950390365
40.0,kappa_tau,-1.62,0.003067920341094379,-0.08769610109194308,-0.11269610109194307,-0.06269610109194308
40.0,kappa_tau,-1.5000000000000004,0.003818454155331068,-0.09397600186990498,-0.11897600186990498,-0.06897600186990499
40.0,kappa_tau,-1.3800000000000003,0.00475596998239208,-0.06487803843267714,-0.08987803843267714,-0.03987803843267715
40.0,kappa_tau,-1.2600000000000002,0.005493761899810351,-0.05678708254544803,-0.08178708254544803,-0.031787082545448035
40.0,kappa_tau,-1.1400000000000001,0.006900038445567086,-0.03301471630131284,-0.05801471630131284,-0.008014716301312848
40.0,kappa_tau,-1.02,0.008098947956750053,-0.004210188165363717,-0.02921018816536371,0.02078981183463628
40.0,kappa_tau,-0.8999999999999999,0.010151870048559244,0.027714684006649837,0.0027146840066498423,0.05271468400664983
40.0,kappa_tau,-0.7800000000000002,0.01317209645011813,0.07914039987064712,0.05414039987064713,0.10414039987064712
40.0,kappa_tau,-0.6600000000000006,0.017196037954897946,0.13371224394146847,0.09621224394146846,0.17121224394146847
40.0,kappa_tau,-0.5400000000000005,0.023424739256066578,0.19231152401166093,0.16731152401166094,0.21731152401166093
40.0,kappa_tau,-0.4200000000000004,0.03324668988641166,0.27738889033334735,0.2523888903333473,0.30238889033334737
40.0,kappa_tau,-0.30000000000000027,0.052192552174511124,0.39708107146267035,0.05958107146267039,0.7345810714626704
40.0,kappa_tau,-0.18000000000000016,0.09332576693388855,0.5518861509205796,0.3518861509205796,0.7518861509205795
40.0,kappa_tau,-0.06000000000000005,0.1980400673100373,0.7082502589346075,0.6332502589346075,0.7832502589346074
40.0,kappa_tau,0.06000000000000005,0.19924315237835238,0.7091207923303171,0.6341207923303172,0.7841207923303171
40.0,kappa_tau,0.18000000000000016,0.094505899245717,0.55107113840599,0.35107113840599,0.7510711384059899
40.0,kappa_tau,0.2999999999999998,0.05226179255255989,0.4012375305608042,0.05123753056080421,0.7512375305608041
40.0,kappa_tau,0.4199999999999995,0.03277142642840677,0.2822700620844104,0.2572700620844104,0.30727006208441043
40.0,kappa_tau,0.5399999999999996,0.022952936242782024,0.2028196339144147,0.17781963391441472,0.2278196339144147
40.0,kappa_tau,0.6599999999999997,0.017296243809632288,0.12192856217465489,0.0969285621746549,0.1469285621746549
40.0,kappa_tau,0.7799999999999998,0.013280501438228221,0.07373542055232375,0.03623542055232375,0.11123542055232376
40.0,kappa_tau,0.8999999999999999,0.010362269055870062,0.04149167430569019,0.016491674305690193,0.06649167430569018
40.0,kappa_tau,1.02,0.00818847999684041,0.008002465267942996,-0.016997534732057,0.03300246526794299
40.0,kappa_tau,1.1399999999999997,0.0066028308027647736,-0.027904249787762903,-0.0529042497877629,-0.002904249787762908
40.0,kappa_tau,1.2599999999999993,0.005398805303774676,-0.045563447765414725,-0.07056344776541472,-0.02056344776541473
40.0,kappa_tau,1.3799999999999994,0.004794841196174788,-0.07216399678193625,-0.09716399678193624,-0.04716399678193625
40.0,kappa_tau,1.4999999999999996,0.003886486852171844,-0.08954103861382232,-0.11454103861382231,-0.06454103861382232
40.0,kappa_tau,1.6199999999999997,0.0030134214514764158,-0.09847562506816708,-0.12347562506816707,-0.07347562506816709
40.0,kappa_tau,1.7399999999999998,0.0028145341132639885,-0.1268925948706151,-0.1518925948706151,-0.10189259487061511
40.0,kappa_tau,1.8599999999999999,0.0023281587857836867,-0.12092343711618522,-0.14592343711618522,-0.09592343711618523
40.0,kappa_tau,1.9799999999999995,0.0020029565899328146,-0.12392450722240689,-0.14892450722240688,-0.0989245072224069
40.0,kappa_tau,2.0999999999999996,0.001910846050469933,-0.15538696575805078,-0.18038696575805077,-0.13038696575805078
40.0,kappa_tau,2.2199999999999998,0.0016041772434169175,-0.17477856347052095,-0.19977856347052095,-0.14977856347052096
40.0,kappa_tau,2.34,0.001368216025234839,-0.1566608167561255,-0.1816608167561255,-0.1316608167561255
40.0,kappa_tau,2.46,0.0012482306836100409,-0.18206709114780792,-0.2070670911478079,-0.15706709114780792
40.0,kappa_tau,2.58,0.0010795731223827978,-0.1706105262884528,-0.2081105262884528,-0.1331105262884528
40.0,kappa_tau,2.7,0.000978955089431178,-0.19198189884164768,-0.22948189884164769,-0.15448189884164767
40.0,kappa_tau,2.8199999999999994,0.0008244480240423032,-0.1809293879200762,-0.2059293879200762,-0.1559293879200762
40.0,kappa_tau,2.9399999999999995,0.0008307202109843595,-0.17891621259797594,-0.20391621259797593,-0.15391621259797594
40.0,kappa_tau,3.0599999999999996,0.0007571143502189747,-0.20812693637886176,-0.23312693637886175,-0.18312693637886177
40.0,kappa_tau,3.1799999999999997,0.0006445961332054705,-0.2052006457691189,-0.2552006457691189,-0.1552006457691189
40.0,kappa_tau,3.3,0.0005631852300019671,-0.17839932182402754,-0.20339932182402753,-0.15339932182402755
40.0,kappa_tau,3.42,0.00045575911693631607,-0.19357370548391536,-0.21857370548391536,-0.16857370548391537
40.0,kappa_tau,3.54,0.0005559316704006759,-0.20946060636039976,-0.24696060636039976,-0.17196060636039975
40.0,kappa_tau,3.6599999999999993,0.00040176049527044047,-0.19928218671533254,-0.23678218671533255,-0.16178218671533254
40.0,kappa_tau,3.7799999999999994,0.0003723648105867942,-0.20195479561211002,-0.22695479561211002,-0.17695479561211003
40.0,kappa_tau,3.8999999999999995,0.00038385024795781116,-0.21950195391516758,-0.24450195391516757,-0.19450195391516759
40.0,kappa_tau,4.02,0.00033655770969108674,-0.1998156689065889,-0.22481566890658888,-0.1748156689065889
40.0,kappa_tau,4.14,0.00028926499646487834,-0.2525924717599989,-0.2775924717599989,-0.2275924717599989
40.0,kappa_tau,4.26,0.00022695286136181485,-0.21688913306825366,-0.25438913306825367,-0.17938913306825366
40.0,kappa_tau,4.38,0.00024304901062061453,-0.1983255856930875,-0.2233255856930875,-0.1733255856930875
40.0,kappa_tau,4.499999999999999,0.0002102922443808817,-0.1791956354969374,-0.2291956354969374,-0.1291956354969374
40.0,kappa_tau,4.619999999999999,0.00018059736976744822,-0.18629784041906616,-0.21129784041906616,-0.16129784041906617
40.0,kappa_tau,4.739999999999999,0.00017135775411723818,-0.26328587404782594,-0.2882858740478259,-0.23828587404782595
40.0,kappa_tau,4.859999999999999,0.00018698161752885446,-0.26255246491786194,-0.2875524649178619,-0.23755246491786194
40.0,kappa_tau,4.9799999999999995,0.00019330016300821336,-0.222170776512564,-0.247170776512564,-0.197170776512564
40.0,kappa_tau,5.1,0.00013929702550748602,-0.2135365333819743,-0.23853653338197428,-0.1885365333819743
40.0,kappa_tau,5.22,0.0001562682651449976,-0.21827980668859928,-0.24327980668859928,-0.1932798066885993
40.0,kappa_tau,5.34,0.00013707650002762038,-0.19418131963573806,-0.21918131963573806,-0.16918131963573807
40.0,kappa_tau,5.46,0.00011490682706904422,-0.26201160531402085,-0.2870116053140208,-0.23701160531402085
40.0,kappa_tau,5.579999999999999,0.00011394571203087084,-0.24315487336120997,-0.26815487336120997,-0.21815487336120998
40.0,kappa_tau,5.699999999999999,0.00011366709523836145,-0.2331606596142612,-0.25816065961426116,-0.2081606596142612
40.0,kappa_tau,5.819999999999999,0.00011588954725391047,-0.1927036786574981,-0.2177036786574981,-0.1677036786574981
40.0,kappa_tau,5.9399999999999995,8.537906494338903e-05,-0.27392321070607406,-0.2989232107060741,-0.24892321070607407
55.0,kappa,0.025,0.03050238197647997,0.8488130218311101,0.7988130218311101,0.89881302183111
55.0,kappa,0.07500000000000001,0.07711450561834135,0.8331980703625799,0.7831980703625799,0.8831980703625798
55.0,kappa,0.125,0.09236610772461873,0.8017642535969423,0.7392642535969423,0.8642642535969423
55.0,kappa,0.17500000000000002,0.08944675264945046,0.765586932480263,0.690586932480263,0.840586932480263
55.0,kappa,0.225,0.07828191110845567,0.7137549005772382,0.6012549005772383,0.8262549005772382
55.0,kappa,0.275,0.06729285870375054,0.6671940459155536,0.5171940459155537,0.8171940459155536
55.0,kappa,0.32500000000000007,0.05689125546066231,0.6100747564628167,0.41007475646281677,0.8100747564628167
55.0,kappa,0.375,0.0488551910401446,0.5623069570179927,0.3248069570179928,0.7998069570179926
55.0,kappa,0.42500000000000004,0.042136849629257796,0.5144110891837697,0.2394110891837697,0.7894110891837696
55.0,kappa,0.475,0.036059381617694404,0.4620737631107414,0.12457376311074142,0.7995737631107414
55.0,kappa,0.525,0.03182131272556379,0.4178430930105425,0.05534309301054252,0.7803430930105425
55.0,kappa,0.5750000000000001,0.028250698644917978,0.3799796983281981,-0.07002030167180184,0.8299796983281981
55.0,kappa,0.625,0.024707018096528203,0.3425660496164834,0.3050660496164834,0.3800660496164834
55.0,kappa,0.675,0.021824275445657668,0.3043478510650023,0.27934785106500226,0.3293478510650023
55.0,kappa,0.7250000000000001,0.020030201884649955,0.2690529877764845,0.24405298777648451,0.2940529877764845
55.0,kappa,0.775,0.017963897834702123,0.23311798668930717,0.19561798668930716,0.27061798668930714
55.0,kappa,0.8250000000000001,0.01614622479016462,0.21215706231840653,0.18715706231840654,0.23715706231840653
55.0,kappa,0.875,0.014652287409894844,0.1794519154223497,0.1544519154223497,0.2044519154223497
55.0,kappa,0.925,0.01311062330680335,0.16383859099699766,0.13883859099699766,0.18883859099699765
55.0,kappa,0.9750000000000001,0.012358621549728412,0.1306760615941748,0.0931760615941748,0.1681760615941748
55.0,kappa,1.025,0.011378200867600356,0.12292595888348541,0.0854259588834854,0.16042595888348543
55.0,kappa,1.0750000000000002,0.010683048867352737,0.08659320094781112,0.06159320094781112,0.11159320094781111
55.0,kappa,1.125,0.009913609072170319,0.07238980683794707,0.04738980683794708,0.09738980683794707
55.0,kappa,1.1750000000000003,0.008537554984923899,0.048544998063611254,0.02354499806361126,0.07354499806361126
55.0,kappa,1.225,0.008514481544511548,0.028650433618920796,0.0036504336189208016,0.05365043361892079
55.0,kappa,1.275,0.007469458372513954,0.03457692683334315,0.009576926833343158,0.05957692683334315
55.0,kappa,1.3250000000000002,0.0068924742833792,0.008837983785600982,-0.016162016214399014,0.033837983785600975
55.0,kappa,1.375,0.006518390168966485,-0.00013036843035165309,-0.025130368430351647,0.024869631569648342
55.0,kappa,1.4250000000000003,0.006151011354901181,-0.010558180189055497,-0.03555818018905549,0.014441819810944497
55.0,kappa,1.475,0.005574288227811272,-0.016023322858154748,-0.04102332285815474,0.008976677141845246
55.0,kappa,1.525,0.005185441365555474,-0.02795252896298613,-0.05295252896298612,-0.0029525289629861347
55.0,kappa,1.5750000000000002,0.0048039337010217925,-0.05711032931015004,-0.09461032931015004,-0.019610329310150033
55.0,kappa,1.625,0.0047016248348100975,-0.04920326420476556,-0.07420326420476556,-0.024203264204765568
55.0,kappa,1.6750000000000003,0.004435323738403085,-0.04642791769295875,-0.07142791769295875,-0.021427917692958758
55.0,kappa,1.725,0.004128201882333042,-0.07289023300423578,-0.09789023300423577,-0.04789023300423578
55.0,kappa,1.775,0.0038825057038095892,-0.07097275892134178,-0.09597275892134177,-0.04597275892134178
55.0,kappa,1.8250000000000002,0.0036508453497505478,-0.0921433585602697,-0.1171433585602697,-0.0671433585602697
55.0,kappa,1.875,0.0034829762339415073,-0.08854589585658931,-0.11354589585658931,-0.06354589585658932
55.0,kappa,1.9250000000000003,0.003311027191643573,-0.12216518365914539,-0.14716518365914538,-0.0971651836591454
55.0,kappa,1.975,0.0029423293766013365,-0.10622970731789402,-0.13122970731789402,-0.08122970731789403
55.0,kappa,2.0250000000000004,0.002814105262139325,-0.11956187998003902,-0.157061879980039,-0.08206187998003901
55.0,kappa,2.075,0.0025621430757508893,-0.0880585699939298,-0.1130585699939298,-0.06305856999392981
55.0,kappa,2.125,0.002410097779805749,-0.12724300885432266,-0.15224300885432265,-0.10224300885432266
55.0,kappa,2.175,0.002299978463226979,-0.11050654799692343,-0.1355065479969234,-0.08550654799692343
55.0,kappa,2.225,0.0021745029923137997,-0.13424672755183095,-0.15924672755183095,-0.10924672755183096
55.0,kappa,2.2750000000000004,0.0021071434297056757,-0.12617332717459404,-0.15117332717459403,-0.10117332717459404
55.0,kappa,2.325,0.002038973623257861,-0.15612997951175764,-0.18112997951175763,-0.13112997951175764
55.0,kappa,2.375,0.0019147435586785318,-0.14612725871509163,-0.17112725871509163,-0.12112725871509164
55.0,kappa,2.4250000000000003,0.0018200090678274282,-0.15328546261431553,-0.19078546261431553,-0.11578546261431552
55.0,kappa,2.475,0.0015485414643009554,-0.17219442668701562,-0.19719442668701562,-0.14719442668701563
55.0,kappa,2.5250000000000004,0.0016145123154503224,-0.16067276631611768,-0.18567276631611768,-0.1356727663161177
55.0,kappa,2.575,0.0015323452636500207,-0.1498089102311277,-0.17480891023112768,-0.1248089102311277
55.0,kappa,2.625,0.001435074769059374,-0.17710593917062134,-0.20210593917062133,-0.15210593917062135
55.0,kappa,2.6750000000000003,0.0012563171215939904,-0.17688891890689848,-0.20188891890689847,-0.15188891890689848
55.0,kappa,2.725,0.0012151312656364208,-0.16560159764494287,-0.19060159764494286,-0.14060159764494287
55.0,kappa,2.7750000000000004,0.0012526315404598305,-0.17773474669894954,-0.20273474669894953,-0.15273474669894954
55.0,kappa,2.825,0.0012159944983922968,-0.16348957822163634,-0.18848957822163634,-0.13848957822163635
55.0,kappa,2.875,0.0011113268098934485,-0.18160713738720763,-0.20660713738720762,-0.15660713738720763
55.0,kappa,2.9250000000000003,0.000958533947946263,-0.17299830315634496,-0.21049830315634496,-0.13549830315634495
55.0,kappa,2.975,0.0010237434731221098,-0.18210230337836045,-0.20710230337836044,-0.15710230337836045
55.0,kappa,3.0250000000000004,0.0009521090564421574,-0.18817990549351787,-0.21317990549351787,-0.16317990549351788
55.0,kappa,3.075,0.0008250322676177083,-0.19400809830491306,-0.21900809830491305,-0.16900809830491306
55.0,kappa,3.125,0.0007814048685827138,-0.16569737960404582,-0.1906973796040458,-0.14069737960404582
55.0,kappa,3.1750000000000003,0.0008589533951792691,-0.22124802745161853,-0.24624802745161853,-0.19624802745161854
55.0,kappa,3.225,0.0007787047695296593,-0.18675142523234806,-0.21175142523234805,-0.16175142523234806
55.0,kappa,3.2750000000000004,0.0007022376748392233,-0.18898743285041378,-0.21398743285041377,-0.16398743285041378
55.0,kappa,3.325,0.0007073767663652791,-0.1987880940518001,-0.22378809405180008,-0.1737880940518001
55.0,kappa,3.375,0.0006257648101332803,-0.18401133090212815,-0.20901133090212815,-0.15901133090212816
55.0,kappa,3.4250000000000003,0.0005518176013538,-0.1794919296471621,-0.2044919296471621,-0.1544919296471621
55.0,kappa,3.475,0.0005749848146398792,-0.17333262166603433,-0.19833262166603433,-0.14833262166603434
55.0,kappa,3.5250000000000004,0.0005640840511800915,-0.18583533477765232,-0.21083533477765232,-0.16083533477765233
55.0,kappa,3.575,0.0005432936189134713,-0.19224328207573937,-0.21724328207573937,-0.16724328207573938
55.0,kappa,3.625,0.0005462919247071147,-0.205089765762595,-0.230089765762595,-0.180089765762595
55.0,kappa,3.6750000000000003,0.00043978242244714785,-0.19986155832297806,-0.22486155832297805,-0.17486155832297806
55.0,kappa,3.725,0.00047883217158605694,-0.2158498219260793,-0.2408498219260793,-0.1908498219260793
55.0,kappa,3.7750000000000004,0.0004512256898032412,-0.20458833720957348,-0.24208833720957348,-0.16708833720957347
55.0,kappa,3.825,0.0004778629261639924,-0.19656827397449203,-0.23406827397449204,-0.15906827397449202
55.0,kappa,3.875,0.00042675051014961335,-0.20671637977045665,-0.23171637977045664,-0.18171637977045665
55.0,kappa,3.9250000000000003,0.00038185506006271203,-0.19316821135234294,-0.21816821135234293,-0.16816821135234294
55.0,kappa,3.975,0.00039165199611696346,-0.20104832518787358,-0.22604832518787357,-0.17604832518787358
55.0,kappa,4.025,0.0003696411028235011,-0.19051437534363966,-0.24051437534363965,-0.14051437534363967
55.0,kappa,4.075,0.0003174277638898665,-0.20206186575400784,-0.22706186575400783,-0.17706186575400784
55.0,kappa,4.125,0.00031593224475693813,-0.23428280064637888,-0.2717828006463789,-0.19678280064637887
55.0,kappa,4.175000000000001,0.00030497813682563624,-0.17872896890134607,-0.20372896890134606,-0.15372896890134607
55.0,kappa,4.225,0.00026788435821742125,-0.21676016341318555,-0.24176016341318554,-0.19176016341318555
55.0,kappa,4.275,0.00032965850305234656,-0.21379203184606232,-0.23879203184606232,-0.18879203184606233
55.0,kappa,4.325,0.00027498192213520624,-0.16297190633471825,-0.18797190633471825,-0.13797190633471826
55.0,kappa,4.375,0.00033149183513048674,-0.20264968966017066,-0.24014968966017067,-0.16514968966017066
55.0,kappa,4.425000000000001,0.00024184700419278021,-0.22947608296868421,-0.2544760829686842,-0.20447608296868422
55.0,kappa,4.475,0.00026398786419098974,-0.194846293616479,-0.219846293616479,-0.16984629361647902
55.0,kappa,4.525,0.00022725233479003302,-0.21915724670194536,-0.24415724670194536,-0.19415724670194537
55.0,kappa,4.575,0.000247976052174028,-0.25004933089953485,-0.27504933089953487,-0.22504933089953486
55.0,kappa,4.625,0.00022002508501040697,-0.26160062643926035,-0.2866006264392603,-0.23660062643926036
55.0,kappa,4.675000000000001,0.0002488145039497851,-0.2581581403840443,-0.2831581403840443,-0.23315814038404428
55.0,kappa,4.725,0.00022075667094865299,-0.2015109611962413,-0.2390109611962413,-0.16401096119624128
55.0,kappa,4.775,0.00022829476147180898,-0.23338632265632775,-0.25838632265632777,-0.20838632265632775
55.0,kappa,4.825000000000001,0.00021362689790849118,-0.22096287500792627,-0.24596287500792627,-0.19596287500792628
55.0,kappa,4.875,0.0001934638863523537,-0.21966686583336112,-0.2446668658333611,-0.19466686583336112
55.0,kappa,4.925000000000001,0.00020696562725373074,-0.2503010796009766,-0.2753010796009766,-0.2253010796009766
55.0,kappa,4.975,0.0001543915362763502,-0.24508181513825736,-0.27008181513825735,-0.22008181513825736
55.0,kappa_prime,-15.84,0.00025045961725070993,-0.03178761980872186,-0.08178761980872185,0.018212380191278126
55.0,kappa_prime,-15.52,0.0002486611523874712,-0.019662173038184284,-0.057162173038184286,0.017837826961815722
55.0,kappa_prime,-15.2,0.00021661528074652013,-0.008173005356098625,-0.09567300535609864,0.0793269946439014
55.0,kappa_prime,-14.879999999999999,0.00021510654718973467,-0.06662139089906431,-0.10412139089906432,-0.029121390899064306
55.0,kappa_prime,-14.56,0.0002821769048774389,-0.06806291667205326,-0.09306291667205326,-0.04306291667205327
55.0,kappa_prime,-14.24,0.0003032798647072863,0.014192348501719689,-0.010807651498280306,0.03919234850171968
55.0,kappa_prime,-13.92,0.0003175115204981368,0.011942621065730194,-0.0130573789342698,0.03694262106573019
55.0,kappa_prime,-13.6,0.00035693294553238467,-0.03332628095156451,-0.0583262809515645,-0.008326280951564513
55.0,kappa_prime,-13.280000000000001,0.00033255832400735355,-0.05584228796328948,-0.08084228796328947,-0.030842287963289486
55.0,kappa_prime,-12.96,0.00034695560073675345,-0.01853819219733889,-0.08103819219733889,0.04396180780266111
55.0,kappa_prime,-12.64,0.00039629932106127286,-0.042095936338358876,-0.06709593633835886,-0.01709593633835888
55.0,kappa_prime,-12.32,0.00043350290280275627,-0.022238365180052577,-0.07223836518005257,0.027761634819947412
55.0,kappa_prime,-12.0,0.0004507295937655458,-0.030069703265931003,-0.055069703265931,-0.005069703265931008
55.0,kappa_prime,-11.68,0.0004527940520686074,0.015430542874924076,-0.009569457125075918,0.04043054287492407
55.0,kappa_prime,-11.36,0.0005090475167659836,-0.01849072804808741,-0.0434907280480874,0.006509271951912584
55.0,kappa_prime,-11.04,0.0004904107878861443,-0.04033138678650682,-0.07783138678650683,-0.0028313867865068162
55.0,kappa_prime,-10.719999999999999,0.0005259862825533989,0.03469038270092361,0.009690382700923615,0.059690382700923604
55.0,kappa_prime,-10.399999999999999,0.000584565678604155,0.01891910479449069,-0.018580895205509314,0.05641910479449069
55.0,kappa_prime,-10.08,0.0006165123556024462,-0.025416210506034747,-0.050416210506034745,-0.0004162105060347525
55.0,kappa_prime,-9.76,0.0006369576655198677,-0.032343475800120244,-0.05734347580012024,-0.00734347580012025
55.0,kappa_prime,-9.440000000000001,0.0007618119365158534,-0.012835761815478056,-0.03783576181547805,0.012164238184521938
55.0,kappa_prime,-9.120000000000001,0.0007621467808219337,-0.06169081548476504,-0.08669081548476504,-0.03669081548476504
55.0,kappa_prime,-8.8,0.0008676326564924861,-0.014355781345427757,-0.03935578134542775,0.010644218654572237
55.0,kappa_prime,-8.48,0.0009314327810744829,0.027650470259087574,0.0026504702590875798,0.05265047025908757
55.0,kappa_prime,-8.16,0.0010443016599886493,-0.025506228374916395,-0.05050622837491639,-0.0005062283749164009
55.0,kappa_prime,-7.84,0.0010540316561377622,0.011115221721685664,-0.02638477827831434,0.04861522172168567
55.0,kappa_prime,-7.52,0.0011125611396168166,0.01815283029967355,-0.006847169700326443,0.043152830299673546
55.0,kappa_prime,-7.199999999999999,0.001230004768459144,-0.0011617669921096937,-0.02616176699210969,0.0238382330078903
55.0,kappa_prime,-6.88,0.0013066118397464283,0.015393604162347635,-0.022106395837652372,0.05289360416234764
55.0,kappa_prime,-6.5600000000000005,0.001481802357891906,0.02087927250419928,-0.016620727495800725,0.05837927250419929
55.0,kappa_prime,-6.24,0.0017416161524191989,0.005861532398392869,-0.019138467601607125,0.030861532398392864
55.0,kappa_prime,-5.92,0.0020017864296293054,0.019743335833645924,-0.01775666416635408,0.05724333583364593
55.0,kappa_prime,-5.6,0.0020210734001449284,-0.02177777947614961,-0.059277779476149615,0.015722220523850396
55.0,kappa_prime,-5.279999999999999,0.0024003292136670954,0.02875678255735286,-0.008743217442647146,0.06625678255735287
55.0,kappa_prime,-4.959999999999999,0.002727666322970798,0.035313294169397824,-0.0021867058306021814,0.07281329416939783
55.0,kappa_prime,-4.64,0.0029364964956679297,0.016550783866797147,-0.008449216133202847,0.04155078386679714
55.0,kappa_prime,-4.32,0.003550921392105633,0.033002773104375945,0.00800277310437595,0.05800277310437594
55.0,kappa_prime,-4.0,0.00401998827063357,0.0352056938229044,0.010205693822904406,0.060205693822904395
55.0,kappa_prime,-3.6799999999999997,0.0045110568458957626,0.03655211836698999,0.011552118366989994,0.06155211836698998
55.0,kappa_prime,-3.3599999999999994,0.005298069521594239,0.06381175422675255,0.03881175422675255,0.08881175422675254
55.0,kappa_prime,-3.039999999999999,0.00640340959206563,0.06069434904544597,0.035694349045445974,0.08569434904544596
55.0,kappa_prime,-2.7199999999999998,0.007924797101684925,0.09480663816648874,0.06980663816648874,0.11980663816648873
55.0,kappa_prime,-2.4000000000000004,0.009068220951686256,0.08961533989003811,0.06461533989003812,0.11461533989003811
55.0,kappa_prime,-2.08,0.010988110102803355,0.14201824616073394,0.11701824616073395,0.16701824616073394
55.0,kappa_prime,-1.7599999999999998,0.014656291043439457,0.16890424927560826,0.14390424927560827,0.19390424927560826
55.0,kappa_prime,-1.4399999999999995,0.019347917167510442,0.1911329826534474,0.1661329826534474,0.21613298265344738
55.0,kappa_prime,-1.1199999999999992,0.026656444948629097,0.2854655309561844,0.2604655309561844,0.31046553095618434
55.0,kappa_prime,-0.7999999999999998,0.04069935788115667,0.36288427536987744,0.3378842753698774,0.38788427536987746
55.0,kappa_prime,-0.4800000000000004,0.07497009253012107,0.5126770747960507,0.2751770747960508,0.7501770747960507
55.0,kappa_prime,-0.16000000000000014,0.23159352903965208,0.7357095196651519,0.6732095196651519,0.7982095196651519
55.0,kappa_prime,0.16000000000000014,0.23104922950614726,0.7347460151947645,0.6597460151947645,0.8097460151947644
55.0,kappa_prime,0.4800000000000004,0.07601794150681797,0.5124316252184504,0.2624316252184504,0.7624316252184504
55.0,kappa_prime,0.8000000000000007,0.03977438328693785,0.3684840629134419,0.3434840629134419,0.39348406291344185
55.0,kappa_prime,1.120000000000001,0.027359509177797576,0.2792670935856565,0.25426709358565647,0.3042670935856565
55.0,kappa_prime,1.4400000000000013,0.018898789874616323,0.21420763497641715,0.18920763497641716,0.23920763497641714
55.0,kappa_prime,1.7600000000000016,0.014489796728240016,0.17315184171030304,0.14815184171030304,0.19815184171030303
55.0,kappa_prime,2.080000000000002,0.011020373441625975,0.1392108427156857,0.11421084271568571,0.1642108427156857
55.0,kappa_prime,2.4000000000000004,0.009275947335342174,0.11448153780423045,0.08948153780423046,0.13948153780423045
55.0,kappa_prime,2.719999999999999,0.007354670993579276,0.0907911015458893,0.0532911015458893,0.1282911015458893
55.0,kappa_prime,3.039999999999999,0.006189655453094536,0.09321309959760836,0.06821309959760836,0.11821309959760835
55.0,kappa_prime,3.3599999999999994,0.005302668244837111,0.06580945430406096,0.040809454304060966,0.09080945430406095
55.0,kappa_prime,3.6799999999999997,0.004509519830374991,0.06542469899774843,0.040424698997748434,0.09042469899774842
55.0,kappa_prime,4.0,0.003790384337099787,0.05714697936559866,0.03214697936559867,0.08214697936559866
55.0,kappa_prime,4.32,0.0034349737328415314,0.031765359467106596,0.006765359467106602,0.05676535946710659
55.0,kappa_prime,4.640000000000001,0.0029553104909165358,0.035009096723347406,0.010009096723347412,0.0600090967233474
55.0,kappa_prime,4.960000000000001,0.0025001850131589286,0.041660311484818704,0.01666031148481871,0.0666603114848187
55.0,kappa_prime,5.280000000000001,0.0023059301644092435,0.02013757095936297,-0.004862429040637023,0.045137570959362966
55.0,kappa_prime,5.600000000000001,0.002036421432567548,-0.007680919438363796,-0.045180919438363804,0.029819080561636208
55.0,kappa_prime,5.920000000000002,0.0019281756235225217,0.026908100998768725,0.0019081009987687303,0.05190810099876872
55.0,kappa_prime,6.240000000000002,0.0016484233593637712,-0.00450052175595056,-0.042000521755950565,0.032999478244049446
55.0,kappa_prime,6.5600000000000005,0.0015273575356262506,-0.0016849014737799004,-0.026684901473779894,0.023315098526220095
55.0,kappa_prime,6.879999999999999,0.0013730205201537464,0.007777905846547801,-0.029722094153452203,0.045277905846547804
55.0,kappa_prime,7.199999999999999,0.0014009068359114095,-0.018588912747648293,-0.043588912747648284,0.006411087252351701
55.0,kappa_prime,7.52,0.0011702625507421698,-0.039223039126376626,-0.08922303912637661,0.010776960873623363
55.0,kappa_prime,7.84,0.0009936538508869648,0.0050243438546204175,-0.019975656145379578,0.03002434385462041
55.0,kappa_prime,8.16,0.0009913688799468496,0.01638521397832021,-0.03361478602167978,0.0663852139783202
55.0,kappa_prime,8.48,0.0009453264164776776,-0.03147842249297644,-0.05647842249297644,-0.006478422492976449
55.0,kappa_prime,8.8,0.0008110936048175579,-0.047657374795400255,-0.07265737479540024,-0.02265737479540026
55.0,kappa_prime,9.120000000000001,0.0008310849465471916,-0.02472086352038844,-0.04972086352038843,0.0002791364796115546
55.0,kappa_prime,9.440000000000001,0.0006772340357750681,-0.02082157392072263,-0.04582157392072263,0.004178426079277365
55.0,kappa_prime,9.760000000000002,0.0006331507994835812,-0.039106824001625094,-0.0641068240016251,-0.0141068240016251
55.0,kappa_prime,10.080000000000002,0.0006091603490581196,0.04878692496235777,0.023786924962357778,0.07378692496235777
55.0,kappa_prime,10.400000000000002,0.0006033220590573272,-0.026142031697282637,-0.05114203169728263,-0.001142031697282643
55.0,kappa_prime,10.72,0.0005852926129251376,0.027062494801748004,-0.010437505198252001,0.06456249480174801
55.0,kappa_prime,11.04,0.0005193744223308884,-0.04289943841579744,-0.06789943841579743,-0.01789943841579745
55.0,kappa_prime,11.36,0.0004956979661842499,-0.015518697626962855,-0.05301869762696286,0.02198130237303715
55.0,kappa_prime,11.68,0.0004881384230929293,0.008361404910258528,-0.016638595089741467,0.03336140491025852
55.0,kappa_prime,12.0,0.00047964322215357974,0.024258833268378355,-0.0007411667316216397,0.04925883326837835
55.0,kappa_prime,12.32,0.00043606976869898286,-0.026156477338818714,-0.05115647733881871,-0.0011564773388187191
55.0,kappa_prime,12.64,0.0004354258850188579,-0.0009314271516692854,-0.02593142715166928,0.024068572848330708
55.0,kappa_prime,12.96,0.0003496285955128925,-0.05573080229412575,-0.10573080229412574,-0.005730802294125759
55.0,kappa_prime,13.280000000000001,0.0003634681032998074,0.017885774295413156,-0.007114225704586839,0.042885774295413154
55.0,kappa_prime,13.600000000000001,0.0003615754114496631,-0.012076330805994752,-0.03707633080599475,0.012923669194005243
55.0,kappa_prime,13.920000000000002,0.0002689443626252894,0.03173962620063109,0.006739626200631094,0.05673962620063108
55.0,kappa_prime,14.240000000000002,0.0002786542003066234,-0.022438804569961824,-0.047438804569961815,0.0025611954300381705
55.0,kappa_prime,14.56,0.00026269503868953884,-0.030352944709233394,-0.05535294470923339,-0.0053529447092333995
55.0,kappa_prime,14.879999999999999,0.00023178183568624592,0.0068091997465895985,-0.018190800253410397,0.03180919974658959
55.0,kappa_prime,15.2,0.00025750714767665793,-0.05039966847372036,-0.08789966847372037,-0.012899668473720358
55.0,kappa_prime,15.52,0.0002579114410453301,-0.027067155741102817,-0.17706715574110285,0.12293284425889721
55.0,kappa_prime,15.84,0.00027212888888759705,0.005979583904612425,-0.05652041609538758,0.06847958390461242
55.0,kappa_tau,-5.9399999999999995,0.00017378831682539244,-0.2041676479115553,-0.2291676479115553,-0.17916764791155532
55.0,kappa_tau,-5.82,0.00019942304184109795,-0.23060940557300683,-0.2556094055730068,-0.20560940557300683
55.0,kappa_tau,-5.699999999999999,0.00021870681115051307,-0.2594951485633215,-0.2844951485633215,-0.23449514856332151
55.0,kappa_tau,-5.58,0.00022562170057405787,-0.20293818535521543,-0.24043818535521544,-0.16543818535521543
55.0,kappa_tau,-5.46,0.00023713568266184385,-0.2545905479770064,-0.27959054797700644,-0.22959054797700643
55.0,kappa_tau,-5.34,0.0002695424189100473,-0.2484530060972355,-0.2734530060972355,-0.2234530060972355
55.0,kappa_tau,-5.220000000000001,0.00026135675111452737,-0.21827474238003608,-0.24327474238003607,-0.19327474238003609
55.0,kappa_tau,-5.1,0.00028253745000936633,-0.2530449798554146,-0.2905449798554146,-0.21554497985541457
55.0,kappa_tau,-4.98,0.0003414265818580839,-0.2256507927377693,-0.2506507927377693,-0.2006507927377693
55.0,kappa_tau,-4.859999999999999,0.00030587806563173593,-0.22973948226632743,-0.2547394822663274,-0.20473948226632743
55.0,kappa_tau,-4.74,0.00036155210570340546,-0.2090619176069236,-0.2340619176069236,-0.18406191760692361
55.0,kappa_tau,-4.62,0.0003889515506342883,-0.20400766419077768,-0.22900766419077767,-0.17900766419077768
55.0,kappa_tau,-4.5,0.0003528615905683516,-0.1705561427284889,-0.1955561427284889,-0.1455561427284889
55.0,kappa_tau,-4.38,0.0004765589225537071,-0.2313466420295852,-0.2563466420295852,-0.2063466420295852
55.0,kappa_tau,-4.26,0.0004649807456815056,-0.20087059852733674,-0.22587059852733674,-0.17587059852733675
55.0,kappa_tau,-4.140000000000001,0.0005291439304957972,-0.20444313067746714,-0.22944313067746713,-0.17944313067746714
55.0,kappa_tau,-4.02,0.0005672074298999135,-0.23662234365892712,-0.2616223436589271,-0.21162234365892713
55.0,kappa_tau,-3.9,0.0006108616438595844,-0.19626888240267967,-0.22126888240267967,-0.17126888240267968
55.0,kappa_tau,-3.7800000000000002,0.0006546561508199375,-0.15600103070674404,-0.18100103070674403,-0.13100103070674404
55.0,kappa_tau,-3.66,0.0007358595468541885,-0.15389713546689274,-0.17889713546689273,-0.12889713546689274
55.0,kappa_tau,-3.54,0.0008080489106310805,-0.16269411222035043,-0.18769411222035043,-0.13769411222035044
55.0,kappa_tau,-3.42,0.0008833398312590724,-0.1595710721417133,-0.20957107214171328,-0.1095710721417133
55.0,kappa_tau,-3.3000000000000003,0.0009576893841280216,-0.1777965329581371,-0.2027965329581371,-0.1527965329581371
55.0,kappa_tau,-3.18,0.0010507208965889884,-0.18259499507122032,-0.2075949950712203,-0.15759499507122032
55.0,kappa_tau,-3.06,0.0010461667142582965,-0.12227249331463941,-0.1472724933146394,-0.09727249331463941
55.0,kappa_tau,-2.94,0.0013313062864685338,-0.15552996819927284,-0.18052996819927283,-0.13052996819927284
55.0,kappa_tau,-2.8200000000000003,0.0013623048858627074,-0.15287382451222442,-0.17787382451222442,-0.12787382451222443
55.0,kappa_tau,-2.7,0.001536707772059112,-0.12806025333005971,-0.1530602533300597,-0.10306025333005972
55.0,kappa_tau,-2.58,0.001588170716216323,-0.13424700628344668,-0.15924700628344668,-0.10924700628344669
55.0,kappa_tau,-2.46,0.0018839765757451994,-0.1182332651903376,-0.14323326519033758,-0.0932332651903376
55.0,kappa_tau,-2.3400000000000003,0.0019019193535928952,-0.09994647749112066,-0.12494647749112066,-0.07494647749112067
55.0,kappa_tau,-2.22,0.0022456600486848188,-0.10742231860094671,-0.13242231860094672,-0.08242231860094672
55.0,kappa_tau,-2.1,0.0025790165557285946,-0.11723413049452207,-0.14223413049452205,-0.09223413049452207
55.0,kappa_tau,-1.98,0.0031410626979546984,-0.08486830016646042,-0.10986830016646042,-0.05986830016646043
55.0,kappa_tau,-1.8599999999999999,0.0033549793358797157,-0.0707857785063142,-0.0957857785063142,-0.04578577850631421
55.0,kappa_tau,-1.7399999999999998,0.0036928954196821778,-0.05177608001815962,-0.07677608001815961,-0.026776080018159627
55.0,kappa_tau,-1.62,0.004470743354979354,-0.043748799752118206,-0.0687487997521182,-0.01874879975211821
55.0,kappa_tau,-1.5000000000000004,0.0050512736573214015,-8.949231006621109e-05,-0.025089492310066207,0.024910507689933782
55.0,kappa_tau,-1.3800000000000003,0.005612879844513386,0.007801205360180673,-0.017198794639819322,0.03280120536018067
55.0,kappa_tau,-1.2600000000000002,0.006932721952584567,0.04124222133202187,0.016242221332021876,0.06624222133202187
55.0,kappa_tau,-1.1400000000000001,0.0078064358304279075,0.05425948270069588,0.029259482700695887,0.07925948270069588
55.0,kappa_tau,-1.02,0.009750365703763555,0.08505524681791377,0.04755524681791376,0.12255524681791377
55.0,kappa_tau,-0.8999999999999999,0.011409931382695996,0.14667383771464623,0.12167383771464624,0.17167383771464623
55.0,kappa_tau,-0.7800000000000002,0.014747136735543941,0.19443923573195804,0.16943923573195804,0.21943923573195803
55.0,kappa_tau,-0.6600000000000006,0.01874402250513315,0.2523045555182882,0.22730455551828818,0.27730455551828814
55.0,kappa_tau,-0.5400000000000005,0.025026863101334066,0.3096360077171315,0.2846360077171315,0.33463600771713153
55.0,kappa_tau,-0.4200000000000004,0.034524095729753394,0.4052451454413885,0.05524514544138853,0.7552451454413884
55.0,kappa_tau,-0.30000000000000027,0.05212771110411741,0.5169465453958162,0.2669465453958162,0.7669465453958162
55.0,kappa_tau,-0.18000000000000016,0.09046038633543635,0.6403361766007606,0.5028361766007606,0.7778361766007605
55.0,kappa_tau,-0.06000000000000005,0.1709648403516031,0.7563572516231961,0.6938572516231961,0.8188572516231961
55.0,kappa_tau,0.06000000000000005,0.17187339337750326,0.75580334327298,0.69330334327298,0.81830334327298
55.0,kappa_tau,0.18000000000000016,0.09283197839985884,0.639756491144548,0.514756491144548,0.764756491144548
55.0,kappa_tau,0.2999999999999998,0.05217538816637432,0.5137466622086406,0.2637466622086406,0.7637466622086406
55.0,kappa_tau,0.4199999999999995,0.03480261202744064,0.40443003916514675,0.05443003916514677,0.7544300391651467
55.0,kappa_tau,0.5399999999999996,0.02430153176078758,0.3223487681818215,0.29734876818182154,0.3473487681818215
55.0,kappa_tau,0.6599999999999997,0.01817398580643656,0.2636340892512589,0.23863408925125892,0.2886340892512589
55.0,kappa_tau,0.7799999999999998,0.014610705561396113,0.18911146213603472,0.1516114621360347,0.22661146213603472
55.0,kappa_tau,0.8999999999999999,0.011202848645974362,0.14191147738803905,0.11691147738803906,0.16691147738803905
55.0,kappa_tau,1.02,0.00984756663552403,0.0913155167504041,0.0663155167504041,0.1163155167504041
55.0,kappa_tau,1.1399999999999997,0.008096137275364157,0.059492306039286985,0.03449230603928699,0.08449230603928698
55.0,kappa_tau,1.2599999999999993,0.006987434849866262,0.045905744283474784,0.02090574428347479,0.07090574428347478
55.0,kappa_tau,1.3799999999999994,0.005936642928915932,0.008722774959580994,-0.016277225040419,0.03372277495958099
55.0,kappa_tau,1.4999999999999996,0.004933617435389907,-0.005968658142406151,-0.030968658142406146,0.019031341857593843
55.0,kappa_tau,1.6199999999999997,0.004248892131634626,-0.02751682147342204,-0.052516821473422036,-0.002516821473422047
55.0,kappa_tau,1.7399999999999998,0.003743037604363479,-0.04318827908179962,-0.06818827908179961,-0.018188279081799624
55.0,kappa_tau,1.8599999999999999,0.0033778952429122785,-0.07380164124042968,-0.09880164124042967,-0.04880164124042968
55.0,kappa_tau,1.9799999999999995,0.0028527108669551687,-0.10583587602389202,-0.13083587602389202,-0.08083587602389203
55.0,kappa_tau,2.0999999999999996,0.002617606082011123,-0.10865747179307726,-0.13365747179307724,-0.08365747179307727
55.0,kappa_tau,2.2199999999999998,0.0022137671460411216,-0.07847920340079609,-0.1159792034007961,-0.04097920340079608
55.0,kappa_tau,2.34,0.002095380315309772,-0.10880581554315276,-0.13380581554315274,-0.08380581554315276
55.0,kappa_tau,2.46,0.001786842512302088,-0.11546601851131212,-0.15296601851131214,-0.07796601851131212
55.0,kappa_tau,2.58,0.0017068629296873405,-0.1441124620959869,-0.1691124620959869,-0.11911246209598692
55.0,kappa_tau,2.7,0.0014476195500448962,-0.14948632722503835,-0.17448632722503835,-0.12448632722503836
55.0,kappa_tau,2.8199999999999994,0.0013799607215946466,-0.11403863971189049,-0.13903863971189048,-0.0890386397118905
55.0,kappa_tau,2.9399999999999995,0.0012112783574029604,-0.15483777721611833,-0.19233777721611833,-0.11733777721611832
55.0,kappa_tau,3.0599999999999996,0.001021112730025192,-0.14036394082425696,-0.16536394082425696,-0.11536394082425697
55.0,kappa_tau,3.1799999999999997,0.000971073077479681,-0.1523849639175754,-0.17738496391757538,-0.1273849639175754
55.0,kappa_tau,3.3,0.0009113274808492671,-0.17825917725327275,-0.21575917725327276,-0.14075917725327275
55.0,kappa_tau,3.42,0.0008778535981238439,-0.20786945330013815,-0.23286945330013814,-0.18286945330013815
55.0,kappa_tau,3.54,0.0008120256912122553,-0.1980522803503785,-0.2230522803503785,-0.1730522803503785
55.0,kappa_tau,3.6599999999999993,0.0007257484870738705,-0.18228684713938986,-0.21978684713938987,-0.14478684713938986
55.0,kappa_tau,3.7799999999999994,0.0006539357005260545,-0.20959383325018874,-0.23459383325018873,-0.18459383325018874
55.0,kappa_tau,3.8999999999999995,0.000652306005287897,-0.19393101016741382,-0.21893101016741381,-0.16893101016741383
55.0,kappa_tau,4.02,0.0006714730221642148,-0.21889621524902966,-0.25639621524902967,-0.18139621524902966
55.0,kappa_tau,4.14,0.000538143452899898,-0.18231269723060073,-0.20731269723060072,-0.15731269723060073
55.0,kappa_tau,4.26,0.0005327881178808198,-0.1923075477551317,-0.2173075477551317,-0.1673075477551317
55.0,kappa_tau,4.38,0.0004333339254901825,-0.19993983127383583,-0.23743983127383583,-0.16243983127383582
55.0,kappa_tau,4.499999999999999,0.0004316848670414766,-0.1820856301755434,-0.2070856301755434,-0.15708563017554342
55.0,kappa_tau,4.619999999999999,0.00035069526027540256,-0.19040372424304539,-0.21540372424304538,-0.1654037242430454
55.0,kappa_tau,4.739999999999999,0.00037347921412321956,-0.19204480690025758,-0.21704480690025757,-0.16704480690025758
55.0,kappa_tau,4.859999999999999,0.00033722775380970124,-0.18719389282081556,-0.21219389282081555,-0.16219389282081556
55.0,kappa_tau,4.9799999999999995,0.00033514569479725816,-0.21181394214906554,-0.24931394214906555,-0.17431394214906554
55.0,kappa_tau,5.1,0.0003078648271455537,-0.21674169797435286,-0.2667416979743529,-0.16674169797435287
55.0,kappa_tau,5.22,0.00030268215056101973,-0.21394372783212165,-0.23894372783212164,-0.18894372783212166
55.0,kappa_tau,5.34,0.0002599950712402231,-0.20701891510223233,-0.23201891510223233,-0.18201891510223234
55.0,kappa_tau,5.46,0.00021251378171516707,-0.24409668992961292,-0.2690966899296129,-0.21909668992961293
55.0,kappa_tau,5.579999999999999,0.0002068757758558633,-0.23524436511580957,-0.26024436511580956,-0.21024436511580957
55.0,kappa_tau,5.699999999999999,0.0002100042122476083,-0.22977342021195704,-0.25477342021195704,-0.20477342021195705
55.0,kappa_tau,5.819999999999999,0.00020532571182410028,-0.17974266079820114,-0.21724266079820115,-0.14224266079820114
55.0,kappa_tau,5.9399999999999995,0.0002141267506444546,-0.22740050996209243,-0.2524005099620924,-0.20240050996209244
70.0,kappa,0.025,0.01932609264232564,0.8336214113839252,0.7836214113839253,0.8836214113839251
70.0,kappa,0.07500000000000001,0.053296152797255934,0.8164699886078436,0.7664699886078437,0.8664699886078435
70.0,kappa,0.125,0.0702522744325169,0.7989478489319961,0.7364478489319961,0.8614478489319961
70.0,kappa,0.17500000000000002,0.07559650991801041,0.766111255172983,0.691111255172983,0.8411112551729829
70.0,kappa,0.225,0.07238780341082972,0.7359505601571699,0.64845056015717,0.8234505601571698
70.0,kappa,0.275,0.06391070751037028,0.687434850419434,0.574934850419434,0.7999348504194339
70.0,kappa,0.32500000000000007,0.05658565944949326,0.6464394605856104,0.4964394605856105,0.7964394605856103
70.0,kappa,0.375,0.051502019426895126,0.6031989489997687,0.41569894899976867,0.7906989489997687
70.0,kappa,0.42500000000000004,0.04404221579855937,0.5505945928788242,0.3255945928788242,0.7755945928788242
70.0,kappa,0.475,0.03978574392142413,0.515507103487713,0.25300710348771305,0.778007103487713
70.0,kappa,0.525,0.03507431959778317,0.47370489494908796,0.17370489494908797,0.7737048949490879
70.0,kappa,0.5750000000000001,0.03114969167687535,0.42581324472291593,0.10081324472291597,0.7508132447229159
70.0,kappa,0.625,0.027271331440969247,0.4025264605506392,0.01502646055063922,0.7900264605506391
70.0,kappa,0.675,0.025207051769087836,0.3676047892786342,0.34260478927863425,0.3926047892786342
70.0,kappa,0.7250000000000001,0.022909928986863826,0.33092020180851756,0.30592020180851753,0.3559202018085176
70.0,kappa,0.775,0.02063563816735304,0.29680454734502004,0.27180454734502,0.32180454734502006
70.0,kappa,0.8250000000000001,0.018815026961138327,0.2612908426798732,0.22379084267987318,0.2987908426798732
70.0,kappa,0.875,0.017515599351087915,0.23982230121972098,0.21482230121972098,0.26482230121972095
70.0,kappa,0.925,0.015671681992355795,0.2038326042305958,0.1663326042305958,0.2413326042305958
70.0,kappa,0.9750000000000001,0.014423545678685451,0.18747838109634588,0.16247838109634588,0.21247838109634587
70.0,kappa,1.025,0.013047058169416682,0.17716660038945695,0.13966660038945694,0.21466660038945695
70.0,kappa,1.0750000000000002,0.012200131059134593,0.14805816285766799,0.12305816285766799,0.17305816285766798
70.0,kappa,1.125,0.011273445651105104,0.13369918714967607,0.10869918714967608,0.15869918714967607
70.0,kappa,1.1750000000000003,0.010625257218918351,0.09918040122160611,0.07418040122160612,0.1241804012216061
70.0,kappa,1.225,0.010002623889634778,0.08266496198808354,0.057664961988083546,0.10766496198808354
70.0,kappa,1.275,0.009296464870294712,0.08574669791709352,0.06074669791709353,0.11074669791709352
70.0,kappa,1.3250000000000002,0.00887807405342498,0.055644253738768634,0.03064425373876864,0.08064425373876863
70.0,kappa,1.375,0.007753307788142303,0.03993583718651554,0.014935837186515546,0.06493583718651554
70.0,kappa,1.4250000000000003,0.007329011288051964,0.04742608654548969,0.022426086545489693,0.07242608654548968
70.0,kappa,1.475,0.006917703574349788,0.012298494655200007,-0.012701505344799987,0.0372984946552
70.0,kappa,1.525,0.006296481842948103,0.007110219006315359,-0.017889780993684636,0.03211021900631535
70.0,kappa,1.5750000000000002,0.006096834682133095,-0.005133063803677675,-0.030133063803677668,0.01986693619632232
70.0,kappa,1.625,0.0054492805379100185,-0.011341595031975661,-0.036341595031975656,0.013658404968024333
70.0,kappa,1.6750000000000003,0.005205155492575988,-0.011041426414082425,-0.03604142641408242,0.01395857358591757
70.0,kappa,1.725,0.005132061131292396,-0.02580560646967273,-0.05080560646967272,-0.0008056064696727351
70.0,kappa,1.775,0.0047637161740906545,-0.045482539239802694,-0.07048253923980269,-0.0204825392398027
70.0,kappa,1.8250000000000002,0.004361615272014572,-0.06203256811904231,-0.08703256811904231,-0.03703256811904231
70.0,kappa,1.875,0.004148893054136967,-0.043746267899441235,-0.06874626789944123,-0.01874626789944124
70.0,kappa,1.9250000000000003,0.004119399535668424,-0.06421966106024511,-0.10171966106024512,-0.026719661060245106
70.0,kappa,1.975,0.0037571419611512518,-0.06984199513696521,-0.0948419951369652,-0.04484199513696521
70.0,kappa,2.0250000000000004,0.0034739324516548107,-0.07073337225788505,-0.09573337225788504,-0.045733372257885055
70.0,kappa,2.075,0.003536315237451595,-0.0927370733294292,-0.11773707332942919,-0.0677370733294292
70.0,kappa,2.125,0.0032897416649372083,-0.10109735678168473,-0.1260973567816847,-0.07609735678168474
70.0,kappa,2.175,0.0032382197158301513,-0.10102211103008983,-0.1260221110300898,-0.07602211103008984
70.0,kappa,2.225,0.0029108958947953343,-0.10099010418199299,-0.12599010418199297,-0.07599010418199299
70.0,kappa,2.2750000000000004,0.002547823876889218,-0.11145896433193682,-0.13645896433193683,-0.08645896433193682
70.0,kappa,2.325,0.0025082237834928582,-0.08738597541717844,-0.11238597541717843,-0.06238597541717844
70.0,kappa,2.375,0.002458001618655235,-0.12472802322865749,-0.14972802322865747,-0.0997280232286575
70.0,kappa,2.4250000000000003,0.0022108657632872062,-0.11621671492788056,-0.14121671492788057,-0.09121671492788057
70.0,kappa,2.475,0.002165204047892804,-0.14651466239102823,-0.17151466239102822,-0.12151466239102823
70.0,kappa,2.5250000000000004,0.0019729943542917626,-0.11293415334160663,-0.15043415334160665,-0.07543415334160662
70.0,kappa,2.575,0.0019784998160870047,-0.1362493879445538,-0.1612493879445538,-0.1112493879445538
70.0,kappa,2.625,0.0018827158899507733,-0.1329619341369203,-0.1579619341369203,-0.10796193413692032
70.0,kappa,2.6750000000000003,0.0016734828662370448,-0.14015207861037396,-0.16515207861037395,-0.11515207861037396
70.0,kappa,2.725,0.0016989849739306746,-0.13557765636414673,-0.16057765636414673,-0.11057765636414674
70.0,kappa,2.7750000000000004,0.0017388258991814724,-0.14891151368789562,-0.17391151368789562,-0.12391151368789563
70.0,kappa,2.825,0.001507530282624077,-0.1520777082919608,-0.1770777082919608,-0.1270777082919608
70.0,kappa,2.875,0.0014507379913654072,-0.16480023849717365,-0.18980023849717365,-0.13980023849717366
70.0,kappa,2.9250000000000003,0.0013464929677534899,-0.14784672731623785,-0.18534672731623786,-0.11034672731623785
70.0,kappa,2.975,0.0012978720905182455,-0.15383774255841098,-0.191337742558411,-0.11633774255841098
70.0,kappa,3.0250000000000004,0.0012539580495645522,-0.14937342589158756,-0.17437342589158755,-0.12437342589158756
70.0,kappa,3.075,0.001260071167020741,-0.18156294476769513,-0.20656294476769513,-0.15656294476769514
70.0,kappa,3.125,0.001075905533455651,-0.16877171951275194,-0.20627171951275194,-0.13127171951275193
70.0,kappa,3.1750000000000003,0.0010797675982224834,-0.17600950504803378,-0.20100950504803378,-0.1510095050480338
70.0,kappa,3.225,0.0010531324969082674,-0.1692048389916711,-0.1942048389916711,-0.1442048389916711
70.0,kappa,3.2750000000000004,0.0009918177228436314,-0.18350580897094357,-0.22100580897094357,-0.14600580897094356
70.0,kappa,3.325,0.0009747382114304903,-0.1778146712615857,-0.2028146712615857,-0.1528146712615857
70.0,kappa,3.375,0.0008133280686390209,-0.18382310986204928,-0.20882310986204927,-0.15882310986204928
70.0,kappa,3.4250000000000003,0.000921958300795548,-0.18720486428820285,-0.22470486428820285,-0.14970486428820284
70.0,kappa,3.475,0.0007466498358487132,-0.15982615228641534,-0.18482615228641533,-0.13482615228641534
70.0,kappa,3.5250000000000004,0.0008199468720889172,-0.20126499861879713,-0.22626499861879712,-0.17626499861879713
70.0,kappa,3.575,0.0007413496456403516,-0.1862253036424226,-0.2112253036424226,-0.1612253036424226
70.0,kappa,3.625,0.0006956678781680411,-0.16523687583493518,-0.19023687583493518,-0.1402368758349352
70.0,kappa,3.6750000000000003,0.0006365603242060691,-0.17874557343915798,-0.20374557343915797,-0.15374557343915798
70.0,kappa,3.725,0.0006482815930406671,-0.21360125205674307,-0.23860125205674307,-0.18860125205674308
70.0,kappa,3.7750000000000004,0.0005845581374405852,-0.20280796099689538,-0.2403079609968954,-0.16530796099689538
70.0,kappa,3.825,0.0006237645888230082,-0.18080034034007417,-0.20580034034007416,-0.15580034034007417
70.0,kappa,3.875,0.0005908530555959388,-0.19233846703256766,-0.21733846703256765,-0.16733846703256766
70.0,kappa,3.9250000000000003,0.0005179237812490199,-0.18525970015045332,-0.2102597001504533,-0.16025970015045332
70.0,kappa,3.975,0.000521938791809779,-0.1841040890889787,-0.2091040890889787,-0.15910408908897872
70.0,kappa,4.025,0.00046648762981030343,-0.20714111210823338,-0.23214111210823338,-0.1821411121082334
70.0,kappa,4.075,0.0004888850452882558,-0.22022620394462156,-0.24522620394462155,-0.19522620394462156
70.0,kappa,4.125,0.00045684676137454404,-0.14204051362195147,-0.16704051362195146,-0.11704051362195148
70.0,kappa,4.175000000000001,0.00044676288208732166,-0.17998246192966164,-0.20498246192966163,-0.15498246192966164
70.0,kappa,4.225,0.0004226032531767244,-0.1970491189355277,-0.2345491189355277,-0.1595491189355277
70.0,kappa,4.275,0.00039763495731156,-0.208638517728805,-0.233638517728805,-0.18363851772880502
70.0,kappa,4.325,0.0003816023265684977,-0.19425110032463608,-0.23175110032463608,-0.15675110032463607
70.0,kappa,4.375,0.00039942076901042754,-0.21797861975259122,-0.25547861975259123,-0.18047861975259122
70.0,kappa,4.425000000000001,0.00038007189441699403,-0.1607189796064905,-0.1857189796064905,-0.13571897960649051
70.0,kappa,4.475,0.00038274839516862404,-0.18721000735062093,-0.22471000735062094,-0.14971000735062093
70.0,kappa,4.525,0.00030989232763291037,-0.18921419725449834,-0.21421419725449833,-0.16421419725449835
70.0,kappa,4.575,0.0003439655483311054,-0.20097698164075484,-0.22597698164075483,-0.17597698164075484
70.0,kappa,4.625,0.00037103860521675027,-0.19752406889817287,-0.22252406889817286,-0.17252406889817287
70.0,kappa,4.675000000000001,0.000306167951007112,-0.18858767663127374,-0.21358767663127373,-0.16358767663127374
70.0,kappa,4.725,0.00031395307783057706,-0.19468853745768833,-0.23218853745768833,-0.15718853745768832
70.0,kappa,4.775,0.00030152910089064136,-0.20672325302292155,-0.23172325302292154,-0.18172325302292155
70.0,kappa,4.825000000000001,0.00026940671678041316,-0.2286860549747034,-0.2536860549747034,-0.2036860549747034
70.0,kappa,4.875,0.00023417461004507682,-0.20165930515757852,-0.2266593051575785,-0.17665930515757852
70.0,kappa,4.925000000000001,0.00022511796875507664,-0.19116275311221284,-0.21616275311221284,-0.16616275311221285
70.0,kappa,4.975,0.0002716387424380295,-0.22863583302217927,-0.2536358330221793,-0.20363583302217927
70.0,kappa_prime,-15.84,0.00038249423146588556,-0.07650495709128124,-0.11400495709128125,-0.03900495709128124
70.0,kappa_prime,-15.52,0.0003639804725237979,-0.009833066443330258,-0.03483306644333025,0.015166933556669737
70.0,kappa_prime,-15.2,0.0003742551394554731,-0.045250311161036436,-0.09525031116103642,0.004749688838963553
70.0,kappa_prime,-14.879999999999999,0.0003633006609011024,-0.01867379637862273,-0.06867379637862273,0.03132620362137726
70.0,kappa_prime,-14.56,0.0004056700067829228,-0.046933825270384734,-0.07193382527038472,-0.02193382527038474
70.0,kappa_prime,-14.24,0.0003544510467354638,-0.0140829186463791,-0.0765829186463791,0.0484170813536209
70.0,kappa_prime,-13.92,0.0004140021385266411,-0.02832278537562053,-0.053322785375620525,-0.0033227853756205364
70.0,kappa_prime,-13.6,0.0004492776070145317,0.021546470438093518,-0.015953529561906488,0.059046470438093523
70.0,kappa_prime,-13.280000000000001,0.00044535400961865116,-0.005728553657609018,-0.030728553657609015,0.019271446342390974
70.0,kappa_prime,-12.96,0.0004836182169211837,0.006165076224738968,-0.018834923775261025,0.031165076224738963
70.0,kappa_prime,-12.64,0.0005416163550137505,-0.02272813279961448,-0.04772813279961448,0.002271867200385514
70.0,kappa_prime,-12.32,0.0006559187658426297,-0.015620379284065098,-0.04062037928406509,0.009379620715934896
70.0,kappa_prime,-12.0,0.0005647646299375372,-0.0323860874221394,-0.057386087422139395,-0.007386087422139406
70.0,kappa_prime,-11.68,0.0005891805462910947,0.020235404546810755,-0.0047645954531892395,0.04523540454681075
70.0,kappa_prime,-11.36,0.0006703492665459858,-0.03733967054305243,-0.09983967054305243,0.025160329456947572
70.0,kappa_prime,-11.04,0.0007256919183550906,-0.02528132571264411,-0.050281325712644105,-0.00028132571264411627
70.0,kappa_prime,-10.719999999999999,0.0007045595268743883,-0.07583941818525072,-0.11333941818525073,-0.03833941818525072
70.0,kappa_prime,-10.399999999999999,0.0008561297215877956,-0.018554072230747745,-0.04355407223074774,0.006445927769252249
70.0,kappa_prime,-10.08,0.0009589333207178464,0.003276913972888624,-0.03422308602711138,0.04077691397288863
70.0,kappa_prime,-9.76,0.0009231122493663927,-0.021789674955356084,-0.059289674955356086,0.01571032504464392
70.0,kappa_prime,-9.440000000000001,0.0009285221481011164,0.026031877999690825,-0.01146812200030918,0.06353187799969083
70.0,kappa_prime,-9.120000000000001,0.001052199853816033,0.03387266000533159,0.008872660005331594,0.05887266000533158
70.0,kappa_prime,-8.8,0.0011088560582704667,0.026753046705176094,-0.010746953294823912,0.06425304670517609
70.0,kappa_prime,-8.48,0.0012077196016528412,0.002002343768053656,-0.035497656231946347,0.039502343768053665
70.0,kappa_prime,-8.16,0.001351976212480325,-0.02440754026708792,-0.049407540267087914,0.0005924597329120748
70.0,kappa_prime,-7.84,0.0014095696256733324,0.0054791916644662845,-0.032020808335533724,0.04297919166446629
70.0,kappa_prime,-7.52,0.0014446236226902328,0.01718998204006999,-0.007810017959930006,0.04218998204006998
70.0,kappa_prime,-7.199999999999999,0.001639998790318301,-0.00388047810761419,-0.028880478107614183,0.021119521892385806
70.0,kappa_prime,-6.88,0.0020635036716996537,0.012931375891347725,-0.02456862410865228,0.05043137589134773
70.0,kappa_prime,-6.5600000000000005,0.0021662473153609835,-0.0019283618351874606,-0.026928361835187455,0.023071638164812534
70.0,kappa_prime,-6.24,0.0021534366656430206,-0.002599996538420603,-0.027599996538420598,0.02240000346157939
70.0,kappa_prime,-5.92,0.0025636072934639882,0.019631070213217923,-0.017868929786782083,0.05713107021321793
70.0,kappa_prime,-5.6,0.0027894853501842327,0.02887844915508262,0.0038784491550826264,0.053878449155082615
70.0,kappa_prime,-5.279999999999999,0.0030474080466904134,0.02015718168820704,-0.004842818311792955,0.04515718168820704
70.0,kappa_prime,-4.959999999999999,0.003575673450045442,0.020530891534332435,-0.0044691084656675595,0.04553089153433243
70.0,kappa_prime,-4.64,0.003951008962510543,0.06848276510194141,0.04348276510194142,0.09348276510194141
70.0,kappa_prime,-4.32,0.004174242004764974,0.05072447264403148,0.025724472644031486,0.07572447264403148
70.0,kappa_prime,-4.0,0.005041110718156533,0.04881448951939735,0.023814489519397353,0.07381448951939734
70.0,kappa_prime,-3.6799999999999997,0.005994182964690594,0.07584638055675381,0.05084638055675382,0.10084638055675381
70.0,kappa_prime,-3.3599999999999994,0.006689304208671686,0.05993929841403803,0.034939298414038034,0.08493929841403802
70.0,kappa_prime,-3.039999999999999,0.007683576573639866,0.09888304961429917,0.07388304961429917,0.12388304961429916
70.0,kappa_prime,-2.7199999999999998,0.009076939315229241,0.12478379805248745,0.09978379805248745,0.14978379805248743
70.0,kappa_prime,-2.4000000000000004,0.010966875168083073,0.14243610797259415,0.11743610797259416,0.16743610797259414
70.0,kappa_prime,-2.08,0.013356378248448944,0.1697757885790743,0.1447757885790743,0.1947757885790743
70.0,kappa_prime,-1.7599999999999998,0.017321754168205073,0.20963606972746648,0.17213606972746648,0.2471360697274665
70.0,kappa_prime,-1.4399999999999995,0.022334609178702947,0.2639944154027134,0.2389944154027134,0.2889944154027134
70.0,kappa_prime,-1.1199999999999992,0.029845497620201143,0.33548537825943336,0.31048537825943334,0.3604853782594334
70.0,kappa_prime,-0.7999999999999998,0.04491018737081237,0.42851357749223545,0.1035135774922355,0.7535135774922355
70.0,kappa_prime,-0.4800000000000004,0.07932926707472501,0.5670063728550172,0.3795063728550172,0.7545063728550172
70.0,kappa_prime,-0.16000000000000014,0.18859647491773907,0.7326642312549746,0.6576642312549746,0.8076642312549746
70.0,kappa_prime,0.16000000000000014,0.18844796431720315,0.7321154699848096,0.6571154699848096,0.8071154699848095
70.0,kappa_prime,0.4800000000000004,0.079105341300145,0.5645656850888723,0.35206568508887226,0.7770656850888723
70.0,kappa_prime,0.8000000000000007,0.045309662904600326,0.4282027293631512,0.09070272936315121,0.7657027293631511
70.0,kappa_prime,1.120000000000001,0.02947620569801644,0.3325656492753634,0.30756564927536345,0.3575656492753634
70.0,kappa_prime,1.4400000000000013,0.02186174067057375,0.266251535593097,0.241251535593097,0.291251535593097
70.0,kappa_prime,1.7600000000000016,0.017054445289351742,0.2265882029446352,0.2015882029446352,0.2515882029446352
70.0,kappa_prime,2.080000000000002,0.013656725951035186,0.18584951192097945,0.16084951192097946,0.21084951192097945
70.0,kappa_prime,2.4000000000000004,0.010823105510620584,0.14136326437642047,0.11636326437642047,0.16636326437642046
70.0,kappa_prime,2.719999999999999,0.009253058142634111,0.12682129028550823,0.10182129028550824,0.15182129028550823
70.0,kappa_prime,3.039999999999999,0.007749078285986076,0.08572647914988393,0.04822647914988393,0.12322647914988394
70.0,kappa_prime,3.3599999999999994,0.006589592784725587,0.1062020854142722,0.08120208541427221,0.1312020854142722
70.0,kappa_prime,3.6799999999999997,0.0056874501342447075,0.0792117225969145,0.05421172259691451,0.1042117225969145
70.0,kappa_prime,4.0,0.0048538962138978976,0.07511268741628555,0.03761268741628554,0.11261268741628555
70.0,kappa_prime,4.32,0.004365438290143407,0.07784651504284369,0.0528465150428437,0.10284651504284369
70.0,kappa_prime,4.640000000000001,0.003795004472867945,0.061427366828154195,0.0364273668281542,0.08642736682815419
70.0,kappa_prime,4.960000000000001,0.003334716390118473,0.03545423719749672,0.010454237197496725,0.060454237197496714
70.0,kappa_prime,5.280000000000001,0.0030430927070626327,0.050991073863130475,0.02599107386313048,0.07599107386313048
70.0,kappa_prime,5.600000000000001,0.002578467158288109,0.04343975139877687,0.018439751398776877,0.06843975139877687
70.0,kappa_prime,5.920000000000002,0.0023883930442353454,0.010312918206011254,-0.01468708179398874,0.03531291820601125
70.0,kappa_prime,6.240000000000002,0.002223505023598643,0.04562260002016267,0.020622600020162675,0.07062260002016266
70.0,kappa_prime,6.5600000000000005,0.0020444703653594663,0.008025457537967332,-0.016974542462032664,0.033025457537967325
70.0,kappa_prime,6.879999999999999,0.0018662425250311424,-0.017471703770141293,-0.042471703770141284,0.007528296229858702
70.0,kappa_prime,7.199999999999999,0.0016465317029090154,0.03857415534114922,0.013574155341149224,0.06357415534114921
70.0,kappa_prime,7.52,0.001500509095015461,0.02126368228568179,-0.0037363177143182047,0.046263682285681784
70.0,kappa_prime,7.84,0.001504441456785119,-0.032422287885457445,-0.05742228788545744,-0.00742228788545745
70.0,kappa_prime,8.16,0.0014449291303935564,0.014146912367746723,-0.023353087632253283,0.051646912367746725
70.0,kappa_prime,8.48,0.0012178640738728659,-0.0337322356885877,-0.058732235688587694,-0.008732235688587706
70.0,kappa_prime,8.8,0.0011897351322394335,-0.0036337307124009494,-0.04113373071240096,0.03386626928759905
70.0,kappa_prime,9.120000000000001,0.0010253731394628237,-0.01697785292260573,-0.041977852922605724,0.008022147077394265
70.0,kappa_prime,9.440000000000001,0.0010013959510460325,-0.016702044667234444,-0.04170204466723444,0.00829795533276555
70.0,kappa_prime,9.760000000000002,0.0009417883301316675,-0.02030245203625074,-0.08280245203625074,0.04219754796374926
70.0,kappa_prime,10.080000000000002,0.000883746937790583,-0.012613419322591555,-0.037613419322591546,0.01238658067740844
70.0,kappa_prime,10.400000000000002,0.0007533276673238219,-0.023158260157490774,-0.07315826015749076,0.026841739842509215
70.0,kappa_prime,10.72,0.000709442975411267,-0.04669310775523576,-0.07169310775523575,-0.021693107755235766
70.0,kappa_prime,11.04,0.0006588747117698771,-0.012468228435441535,-0.03746822843544153,0.01253177156455846
70.0,kappa_prime,11.36,0.0006561845001546776,-0.030793671690892952,-0.06829367169089295,0.0067063283091070534
70.0,kappa_prime,11.68,0.0005977835079287628,0.00760125500782885,-0.017398744992171145,0.032601255007828844
70.0,kappa_prime,12.0,0.0006130865961741196,-0.05284320439843867,-0.07784320439843867,-0.027843204398438674
70.0,kappa_prime,12.32,0.0005416827575691035,-0.01411669070428861,-0.0391166907042886,0.010883309295711385
70.0,kappa_prime,12.64,0.0005506343919967636,-0.00206213328759218,-0.027062133287592174,0.022937866712407814
70.0,kappa_prime,12.96,0.0004523667513565902,0.018261864097795136,-0.01923813590220487,0.05576186409779514
70.0,kappa_prime,13.280000000000001,0.0004991636527326845,0.008705979851465179,-0.016294020148534816,0.03370597985146517
70.0,kappa_prime,13.600000000000001,0.00045187771122439074,-0.009480416231753875,-0.034480416231753866,0.01551958376824612
70.0,kappa_prime,13.920000000000002,0.0004218851528280595,-0.03400965816680403,-0.09650965816680403,0.028490341833195973
70.0,kappa_prime,14.240000000000002,0.0003958028668685942,-0.027267604225832725,-0.05226760422583272,-0.0022676042258327304
70.0,kappa_prime,14.56,0.00039496137450998535,-0.026484677680004034,-0.05148467768000403,-0.0014846776800040394
70.0,kappa_prime,14.879999999999999,0.00038424153143471276,-0.02661012968808033,-0.15161012968808033,0.09838987031191967
70.0,kappa_prime,15.2,0.00036209893564550166,0.004911473066113569,-0.020088526933886425,0.029911473066113563
70.0,kappa_prime,15.52,0.00034348163375961063,0.0037794468978348157,-0.02122055310216518,0.02877944689783481
70.0,kappa_prime,15.84,0.000331238979106077,0.011234343752634237,-0.013765656247365757,0.036234343752634235
70.0,kappa_tau,-5.9399999999999995,0.0003355551370528299,-0.19237624157490588,-0.21737624157490587,-0.16737624157490588
70.0,kappa_tau,-5.82,0.00032912336321564963,-0.20035215232597842,-0.2253521523259784,-0.17535215232597842
70.0,kappa_tau,-5.699999999999999,0.0003583720770808324,-0.2106202748510859,-0.2356202748510859,-0.1856202748510859
70.0,kappa_tau,-5.58,0.00039044196607677966,-0.1991125276404033,-0.2241125276404033,-0.1741125276404033
70.0,kappa_tau,-5.46,0.0004429726581729088,-0.2182758855332209,-0.24327588553322088,-0.1932758855332209
70.0,kappa_tau,-5.34,0.0004740199589738706,-0.1873918635543823,-0.2123918635543823,-0.16239186355438232
70.0,kappa_tau,-5.220000000000001,0.0004707600058988564,-0.1936734489386031,-0.2186734489386031,-0.16867344893860312
70.0,kappa_tau,-5.1,0.000485976931031314,-0.16282821954589172,-0.1878282195458917,-0.13782821954589172
70.0,kappa_tau,-4.98,0.0005141606863305605,-0.19112025460446885,-0.21612025460446885,-0.16612025460446886
70.0,kappa_tau,-4.859999999999999,0.0005988962682176652,-0.1759618556321941,-0.2009618556321941,-0.1509618556321941
70.0,kappa_tau,-4.74,0.0006480369890171785,-0.18170091200266908,-0.20670091200266907,-0.15670091200266908
70.0,kappa_tau,-4.62,0.0006690251389622102,-0.20082736253378228,-0.22582736253378227,-0.17582736253378228
70.0,kappa_tau,-4.5,0.0006071213467532723,-0.16852320911034255,-0.20602320911034255,-0.13102320911034254
70.0,kappa_tau,-4.38,0.0006735620179629117,-0.1340447327332934,-0.1715447327332934,-0.09654473273329339
70.0,kappa_tau,-4.26,0.0008461125603555969,-0.17653350754531527,-0.20153350754531527,-0.15153350754531528
70.0,kappa_tau,-4.140000000000001,0.0008694443128614909,-0.13898959042206213,-0.16398959042206213,-0.11398959042206214
70.0,kappa_tau,-4.02,0.0009339793850435033,-0.16283373754051825,-0.18783373754051824,-0.13783373754051825
70.0,kappa_tau,-3.9,0.0009335715227942829,-0.16880969420198255,-0.20630969420198256,-0.13130969420198255
70.0,kappa_tau,-3.7800000000000002,0.0010061404179464114,-0.16132051858594115,-0.18632051858594115,-0.13632051858594116
70.0,kappa_tau,-3.66,0.0011775929791077114,-0.15923507712781435,-0.19673507712781435,-0.12173507712781434
70.0,kappa_tau,-3.54,0.00120618808233914,-0.12266691464845154,-0.14766691464845155,-0.09766691464845155
70.0,kappa_tau,-3.42,0.0013639623239164768,-0.14839558869395353,-0.18589558869395353,-0.11089558869395352
70.0,kappa_tau,-3.3000000000000003,0.0013447451170142209,-0.1422270913967923,-0.1672270913967923,-0.1172270913967923
70.0,kappa_tau,-3.18,0.001544390968680209,-0.1160683523703737,-0.14106835237037368,-0.09106835237037371
70.0,kappa_tau,-3.06,0.0015447873828530001,-0.1177694598022727,-0.14276945980227268,-0.0927694598022727
70.0,kappa_tau,-2.94,0.0017962572676674974,-0.10279535101861939,-0.12779535101861939,-0.0777953510186194
70.0,kappa_tau,-2.8200000000000003,0.0019321132993458839,-0.1271716637050339,-0.1521716637050339,-0.10217166370503392
70.0,kappa_tau,-2.7,0.002243655302613281,-0.07486394219412804,-0.09986394219412803,-0.04986394219412804
70.0,kappa_tau,-2.58,0.0024745740856552878,-0.09045694859714005,-0.11545694859714005,-0.06545694859714006
70.0,kappa_tau,-2.46,0.0027434874372494573,-0.08685119881491743,-0.11185119881491742,-0.061851198814917435
70.0,kappa_tau,-2.3400000000000003,0.003049489455719039,-0.07969207845309315,-0.10469207845309314,-0.05469207845309315
70.0,kappa_tau,-2.22,0.003478389703948524,-0.04857045009549454,-0.07357045009549454,-0.023570450095494543
70.0,kappa_tau,-2.1,0.003793711663531837,-0.03220157508557647,-0.05720157508557647,-0.007201575085576478
70.0,kappa_tau,-1.98,0.004020799550254364,-0.02526794352384103,-0.06276794352384103,0.012232056476158975
70.0,kappa_tau,-1.8599999999999999,0.004592206197940398,0.023546251186663883,-0.0014537488133361115,0.04854625118666388
70.0,kappa_tau,-1.7399999999999998,0.0050290027183877975,0.0202693001441429,-0.004730699855857095,0.04526930014414289
70.0,kappa_tau,-1.62,0.005576832301596747,0.021849044136353194,-0.01565095586364681,0.059349044136353196
70.0,kappa_tau,-1.5000000000000004,0.0065913882082784475,0.045707617180413156,0.02070761718041316,0.07070761718041316
70.0,kappa_tau,-1.3800000000000003,0.007727682982393422,0.07587189556921364,0.05087189556921365,0.10087189556921364
70.0,kappa_tau,-1.2600000000000002,0.008828467124274153,0.12626585808672133,0.08876585808672133,0.16376585808672134
70.0,kappa_tau,-1.1400000000000001,0.009884442173056405,0.15281796848967452,0.11531796848967452,0.19031796848967453
70.0,kappa_tau,-1.02,0.011722207173615915,0.1980638054218424,0.1730638054218424,0.2230638054218424
70.0,kappa_tau,-0.8999999999999999,0.014778944070043036,0.23094723136619902,0.20594723136619902,0.255947231366199
70.0,kappa_tau,-0.7800000000000002,0.018277456706572763,0.2805983966530641,0.25559839665306405,0.3055983966530641
70.0,kappa_tau,-0.6600000000000006,0.02177658230054693,0.35241991031626985,0.3274199103162698,0.37741991031626987
70.0,kappa_tau,-0.5400000000000005,0.028415019792478725,0.41224555307624255,0.049745553076242566,0.7747455530762426
70.0,kappa_tau,-0.4200000000000004,0.03775342801539235,0.4876763861164964,0.22517638611649643,0.7501763861164963
70.0,kappa_tau,-0.30000000000000027,0.055311216458440726,0.5876969163180883,0.4001969163180883,0.7751969163180883
70.0,kappa_tau,-0.18000000000000016,0.08448595546605177,0.6694495995479842,0.5694495995479842,0.7694495995479842
70.0,kappa_tau,-0.06000000000000005,0.12592892902048214,0.7433441102281175,0.6808441102281175,0.8058441102281175
70.0,kappa_tau,0.06000000000000005,0.12448889536832804,0.7429875032951759,0.6804875032951759,0.8054875032951759
70.0,kappa_tau,0.18000000000000016,0.0866880416791124,0.6781297245258241,0.5906297245258242,0.765629724525824
70.0,kappa_tau,0.2999999999999998,0.056125896731475486,0.5735391516439579,0.3985391516439579,0.7485391516439578
70.0,kappa_tau,0.4199999999999995,0.038330050793858705,0.49016777161178265,0.20266777161178268,0.7776677716117826
70.0,kappa_tau,0.5399999999999996,0.029156203409888858,0.40396590601775617,0.05396590601775619,0.7539659060177561
70.0,kappa_tau,0.6599999999999997,0.021704595626471763,0.35015274609580205,0.31265274609580207,0.387652746095802
70.0,kappa_tau,0.7799999999999998,0.01721376729848474,0.2864296630544765,0.24892966305447647,0.32392966305447646
70.0,kappa_tau,0.8999999999999999,0.014498502207576994,0.25115189011157624,0.21365189011157623,0.2886518901115762
70.0,kappa_tau,1.02,0.011718744786780533,0.19178863146572728,0.16678863146572728,0.21678863146572727
70.0,kappa_tau,1.1399999999999997,0.00982325336849078,0.16458767024963006,0.13958767024963006,0.18958767024963005
70.0,kappa_tau,1.2599999999999993,0.008645839684911186,0.11183981498264256,0.07433981498264255,0.14933981498264257
70.0,kappa_tau,1.3799999999999994,0.007787535987859807,0.07595247736498724,0.050952477364987245,0.10095247736498723
70.0,kappa_tau,1.4999999999999996,0.006688432096420409,0.0535554507756983,0.028555450775698307,0.0785554507756983
70.0,kappa_tau,1.6199999999999997,0.005582763840634375,0.03222719087653308,0.007227190876533084,0.05722719087653307
70.0,kappa_tau,1.7399999999999998,0.005162194735081097,0.02793957338476344,0.002939573384763444,0.05293957338476343
70.0,kappa_tau,1.8599999999999999,0.0048365633116888235,0.007192837202291481,-0.017807162797708512,0.03219283720229148
70.0,kappa_tau,1.9799999999999995,0.004131300005772493,-0.008374117672749789,-0.03337411767274978,0.016625882327250208
70.0,kappa_tau,2.0999999999999996,0.003659207946773516,-0.027705577613390306,-0.0527055776133903,-0.0027055776133903114
70.0,kappa_tau,2.2199999999999998,0.003072429232828298,-0.05238872098379073,-0.07738872098379072,-0.027388720983790735
70.0,kappa_tau,2.34,0.002722441400693669,-0.07254085480653123,-0.09754085480653123,-0.04754085480653124
70.0,kappa_tau,2.46,0.0028894551887902447,-0.07122479206192414,-0.09622479206192414,-0.04622479206192415
70.0,kappa_tau,2.58,0.002505104384427799,-0.082124590986667,-0.119624590986667,-0.04462459098666699
70.0,kappa_tau,2.7,0.002129675548173426,-0.08765998829419275,-0.11265998829419274,-0.06265998829419275
70.0,kappa_tau,2.8199999999999994,0.002068322307150155,-0.10498011318018588,-0.12998011318018587,-0.07998011318018589
70.0,kappa_tau,2.9399999999999995,0.0018353095147961263,-0.11671696091463034,-0.14171696091463032,-0.09171696091463034
70.0,kappa_tau,3.0599999999999996,0.0017045169083085175,-0.09359089133846099,-0.11859089133846099,-0.068590891338461
70.0,kappa_tau,3.1799999999999997,0.0015466254846706103,-0.1400481013400299,-0.1775481013400299,-0.1025481013400299
70.0,kappa_tau,3.3,0.0013693054571207348,-0.15896197457147526,-0.18396197457147526,-0.13396197457147527
70.0,kappa_tau,3.42,0.001297017601582735,-0.15782034157317668,-0.18282034157317667,-0.13282034157317668
70.0,kappa_tau,3.54,0.001128292096360874,-0.1286704598594875,-0.1536704598594875,-0.1036704598594875
70.0,kappa_tau,3.6599999999999993,0.0011340076462429448,-0.15807041838318228,-0.18307041838318228,-0.1330704183831823
70.0,kappa_tau,3.7799999999999994,0.0009914126267555811,-0.12846237862190596,-0.16596237862190596,-0.09096237862190595
70.0,kappa_tau,3.8999999999999995,0.00093131667828403,-0.12149510180251306,-0.14649510180251307,-0.09649510180251307
70.0,kappa_tau,4.02,0.0008229675512459891,-0.16190050097679395,-0.18690050097679395,-0.13690050097679396
70.0,kappa_tau,4.14,0.0008551101103799839,-0.14575905487134677,-0.18325905487134678,-0.10825905487134677
70.0,kappa_tau,4.26,0.0007727662624071348,-0.17231265327571338,-0.19731265327571337,-0.14731265327571338
70.0,kappa_tau,4.38,0.0007728678770238507,-0.1851072313493272,-0.21010723134932718,-0.1601072313493272
70.0,kappa_tau,4.499999999999999,0.0007180588386551171,-0.187453011764878,-0.224953011764878,-0.149953011764878
70.0,kappa_tau,4.619999999999999,0.0006643225060059457,-0.22133597618073883,-0.24633597618073882,-0.19633597618073884
70.0,kappa_tau,4.739999999999999,0.0005539055168862455,-0.19111338687805396,-0.21611338687805395,-0.16611338687805396
70.0,kappa_tau,4.859999999999999,0.0005644782625439753,-0.20595514968019904,-0.23095514968019903,-0.18095514968019905
70.0,kappa_tau,4.9799999999999995,0.0005668468062504211,-0.2130786013356119,-0.2380786013356119,-0.1880786013356119
70.0,kappa_tau,5.1,0.0004656919491945941,-0.22231160289340518,-0.24731160289340517,-0.19731160289340519
70.0,kappa_tau,5.22,0.00047242604001105883,-0.19403907727425537,-0.21903907727425537,-0.16903907727425538
70.0,kappa_tau,5.34,0.00041621380504829297,-0.20138275441375514,-0.2513827544137551,-0.15138275441375515
70.0,kappa_tau,5.46,0.00043222029106350693,-0.224844148694038,-0.24984414869403798,-0.199844148694038
70.0,kappa_tau,5.579999999999999,0.0003773449413978212,-0.184526725528486,-0.209526725528486,-0.159526725528486
70.0,kappa_tau,5.699999999999999,0.00038072112320479396,-0.16611324144443926,-0.20361324144443926,-0.12861324144443925
70.0,kappa_tau,5.819999999999999,0.00035815115662524686,-0.21669792532314272,-0.24169792532314271,-0.19169792532314273
70.0,kappa_tau,5.9399999999999995,0.0003083597409397303,-0.18119380354089965,-0.21869380354089965,-0.14369380354089964
100.0,kappa,0.025,0.01796539227647484,0.8188068707037477,0.7563068707037477,0.8813068707037477
100.0,kappa,0.07500000000000001,0.05045641344236396,0.8039207598979213,0.7539207598979214,0.8539207598979213
100.0,kappa,0.125,0.06758436522319723,0.7893658336292451,0.7268658336292451,0.8518658336292451
100.0,kappa,0.17500000000000002,0.07339591690992713,0.7540322379642492,0.6790322379642493,0.8290322379642492
100.0,kappa,0.225,0.07100742569822618,0.7245578001501848,0.6245578001501848,0.8245578001501848
100.0,kappa,0.275,0.06387706515693956,0.6774714542339703,0.5649714542339703,0.7899714542339702
100.0,kappa,0.32500000000000007,0.05713427722086603,0.63446790365307,0.48446790365307013,0.78446790365307
100.0,kappa,0.375,0.051774531536667626,0.5907709140429814,0.40327091404298143,0.7782709140429814
100.0,kappa,0.42500000000000004,0.04501337031379958,0.5440007156664316,0.30650071566643167,0.7815007156664315
100.0,kappa,0.475,0.04040599278122936,0.4987380445869964,0.22373804458699642,0.7737380445869964
100.0,kappa,0.525,0.035961996772229575,0.466039261313395,0.19103926131339505,0.7410392613133949
100.0,kappa,0.5750000000000001,0.03148517208866574,0.4190858185103306,0.019085818510330643,0.8190858185103306
100.0,kappa,0.625,0.028327468780636862,0.3807556885089551,0.3557556885089551,0.40575568850895505
100.0,kappa,0.675,0.025978150470334284,0.357043851464019,0.33204385146401905,0.382043851464019
100.0,kappa,0.7250000000000001,0.02345437839364349,0.32394095941075507,0.29894095941075505,0.3489409594107551
100.0,kappa,0.775,0.021199815195604224,0.28204923739825905,0.257049237398259,0.30704923739825907
100.0,kappa,0.8250000000000001,0.0195158509943306,0.25162676559415126,0.21412676559415125,0.2891267655941513
100.0,kappa,0.875,0.017923005979681918,0.22442232188824246,0.19942232188824247,0.24942232188824245
100.0,kappa,0.925,0.016077654708856533,0.20536989601422276,0.16786989601422275,0.24286989601422276
100.0,kappa,0.9750000000000001,0.015005948824128455,0.1859405580455783,0.1484405580455783,0.2234405580455783
100.0,kappa,1.025,0.013453914710864035,0.15860956823260658,0.12110956823260657,0.19610956823260658
100.0,kappa,1.0750000000000002,0.012578073827326008,0.12826312036838644,0.10326312036838645,0.15326312036838644
100.0,kappa,1.125,0.011870644181604037,0.12563800953623108,0.10063800953623109,0.15063800953623108
100.0,kappa,1.1750000000000003,0.010754639238171805,0.09220482838078553,0.054704828380785525,0.12970482838078554
100.0,kappa,1.225,0.010032068963287899,0.07991798321167522,0.05491798321167522,0.10491798321167521
100.0,kappa,1.275,0.009362076721189407,0.056187315657423666,0.03118731565742367,0.08118731565742365
100.0,kappa,1.3250000000000002,0.00891811120437654,0.06185118272549087,0.03685118272549088,0.08685118272549086
100.0,kappa,1.375,0.008026320861257982,0.04912348506631704,0.024123485066317042,0.07412348506631702
100.0,kappa,1.4250000000000003,0.00755378659128785,0.03314169491085614,0.008141694910856145,0.058141694910856134
100.0,kappa,1.475,0.007092037432213793,0.01601507647165555,-0.008984923528344443,0.041015076471655545
100.0,kappa,1.525,0.006285898647346621,-0.0006142121816099397,-0.025614212181609933,0.024385787818390056
100.0,kappa,1.5750000000000002,0.006047360189702948,-0.008236576366937904,-0.0332365763669379,0.01676342363306209
100.0,kappa,1.625,0.005672202968911794,-0.02359123004621005,-0.04859123004621005,0.0014087699537899435
100.0,kappa,1.6750000000000003,0.005575528462644053,-0.03258634254984192,-0.057586342549841914,-0.007586342549841925
100.0,kappa,1.725,0.004972320792731261,-0.031505889161092294,-0.05650588916109229,-0.0065058891610923
100.0,kappa,1.775,0.004920728621964931,-0.03500056342900219,-0.06000056342900219,-0.010000563429002199
100.0,kappa,1.8250000000000002,0.004370106719440811,-0.06290429486030143,-0.10040429486030143,-0.02540429486030142
100.0,kappa,1.875,0.004185683105658747,-0.057844614997722144,-0.08284461499772214,-0.03284461499772215
100.0,kappa,1.9250000000000003,0.004117622668978069,-0.07240181976679207,-0.09740181976679206,-0.04740181976679207
100.0,kappa,1.975,0.003787186351780161,-0.07535051149231366,-0.10035051149231365,-0.05035051149231366
100.0,kappa,2.0250000000000004,0.0037438208762797854,-0.08662566187213337,-0.11162566187213337,-0.06162566187213338
100.0,kappa,2.075,0.0035244155234234816,-0.10147693461759921,-0.1264769346175992,-0.07647693461759922
100.0,kappa,2.125,0.0032221161696531285,-0.08047978588115001,-0.10547978588115,-0.05547978588115002
100.0,kappa,2.175,0.0029905457973689684,-0.09677583603468197,-0.12177583603468196,-0.07177583603468198
100.0,kappa,2.225,0.002911912802238673,-0.10235392765671354,-0.12735392765671355,-0.07735392765671355
100.0,kappa,2.2750000000000004,0.0026278324171459047,-0.11134528675028108,-0.13634528675028107,-0.08634528675028108
100.0,kappa,2.325,0.002576826392983879,-0.12527283350301816,-0.15027283350301815,-0.10027283350301816
100.0,kappa,2.375,0.002377666686979163,-0.1137839045804264,-0.1387839045804264,-0.08878390458042641
100.0,kappa,2.4250000000000003,0.002290547193847432,-0.11442819750836898,-0.139428197508369,-0.08942819750836899
100.0,kappa,2.475,0.0022484036416067056,-0.1363967719588545,-0.1738967719588545,-0.09889677195885449
100.0,kappa,2.5250000000000004,0.0020099103235453183,-0.1598229928688219,-0.1848229928688219,-0.1348229928688219
100.0,kappa,2.575,0.0018902338517814217,-0.13754354230486074,-0.16254354230486073,-0.11254354230486074
100.0,kappa,2.625,0.0017637531285735262,-0.1490162427313817,-0.1740162427313817,-0.1240162427313817
100.0,kappa,2.6750000000000003,0.001755431587499987,-0.13590905983533816,-0.16090905983533815,-0.11090905983533816
100.0,kappa,2.725,0.0016674921845375385,-0.14814721281043133,-0.18564721281043134,-0.11064721281043133
100.0,kappa,2.7750000000000004,0.0015957938958061947,-0.1322860766754359,-0.1572860766754359,-0.10728607667543591
100.0,kappa,2.825,0.0014925049250875213,-0.1434412208387385,-0.1684412208387385,-0.11844122083873851
100.0,kappa,2.875,0.0013654746250404014,-0.13786129219481455,-0.17536129219481456,-0.10036129219481454
100.0,kappa,2.9250000000000003,0.001398497010210611,-0.16102919413048863,-0.18602919413048863,-0.13602919413048864
100.0,kappa,2.975,0.0013496817130727009,-0.15016786434740198,-0.17516786434740197,-0.12516786434740199
100.0,kappa,3.0250000000000004,0.0012478546265706036,-0.13775309621097348,-0.16275309621097347,-0.11275309621097349
100.0,kappa,3.075,0.0011693893934606573,-0.18929364040108454,-0.21429364040108453,-0.16429364040108455
100.0,kappa,3.125,0.0011647669181562245,-0.15855740929550183,-0.19605740929550183,-0.12105740929550182
100.0,kappa,3.1750000000000003,0.001051644229590773,-0.18282555827788521,-0.2078255582778852,-0.15782555827788522
100.0,kappa,3.225,0.0010027370708430529,-0.18212144435407115,-0.20712144435407115,-0.15712144435407116
100.0,kappa,3.2750000000000004,0.0009797416232212974,-0.17932991116222508,-0.20432991116222507,-0.15432991116222508
100.0,kappa,3.325,0.0008685895356774919,-0.18119728463178822,-0.21869728463178822,-0.1436972846317882
100.0,kappa,3.375,0.0008885387371878933,-0.1815302890736361,-0.2065302890736361,-0.15653028907363611
100.0,kappa,3.4250000000000003,0.0008690946532225743,-0.17883383536367273,-0.20383383536367272,-0.15383383536367273
100.0,kappa,3.475,0.0007746594111153372,-0.18638483310378998,-0.21138483310378997,-0.16138483310378998
100.0,kappa,3.5250000000000004,0.0007209136917737626,-0.15401761841076805,-0.17901761841076805,-0.12901761841076806
100.0,kappa,3.575,0.0006999819436426993,-0.19505956432976468,-0.22005956432976467,-0.17005956432976468
100.0,kappa,3.625,0.0005818612705995964,-0.1948310006142308,-0.2573310006142308,-0.1323310006142308
100.0,kappa,3.6750000000000003,0.0007078450418168294,-0.1925857468819331,-0.2175857468819331,-0.16758574688193312
100.0,kappa,3.725,0.0006656698384849032,-0.19641740356628495,-0.22141740356628495,-0.17141740356628496
100.0,kappa,3.7750000000000004,0.0005812445515600063,-0.19617015321986986,-0.22117015321986985,-0.17117015321986986
100.0,kappa,3.825,0.0005380971026000294,-0.19631011233242823,-0.22131011233242823,-0.17131011233242824
100.0,kappa,3.875,0.0005321267931085115,-0.20447329567411318,-0.22947329567411318,-0.1794732956741132
100.0,kappa,3.9250000000000003,0.0005650395894777869,-0.21765504845720354,-0.24265504845720354,-0.19265504845720355
100.0,kappa,3.975,0.00047429099183360335,-0.15532740165998973,-0.18032740165998973,-0.13032740165998974
100.0,kappa,4.025,0.0004373095174615258,-0.18821634181005956,-0.21321634181005955,-0.16321634181005956
100.0,kappa,4.075,0.0004755858175769,-0.18517517653807403,-0.22267517653807403,-0.14767517653807402
100.0,kappa,4.125,0.0004954153270880859,-0.17914940475252084,-0.21664940475252084,-0.14164940475252083
100.0,kappa,4.175000000000001,0.0004235710875327212,-0.2018942408877731,-0.2268942408877731,-0.1768942408877731
100.0,kappa,4.225,0.0004574842585218971,-0.19357745110089797,-0.23107745110089797,-0.15607745110089796
100.0,kappa,4.275,0.000425476293397148,-0.21554532329346449,-0.24054532329346448,-0.1905453232934645
100.0,kappa,4.325,0.00031227562132847314,-0.16999782499742225,-0.19499782499742224,-0.14499782499742225
100.0,kappa,4.375,0.0003757735693494251,-0.15756560356778393,-0.18256560356778392,-0.13256560356778394
100.0,kappa,4.425000000000001,0.000374474810793085,-0.1951341332261422,-0.2201341332261422,-0.1701341332261422
100.0,kappa,4.475,0.00037206809846327267,-0.21012436330551318,-0.23512436330551317,-0.18512436330551318
100.0,kappa,4.525,0.0003615965824377057,-0.20737492171841834,-0.23237492171841834,-0.18237492171841835
100.0,kappa,4.575,0.00035388429771321145,-0.20192351412724346,-0.23942351412724347,-0.16442351412724346
100.0,kappa,4.625,0.00032468450286559747,-0.19120702735323414,-0.21620702735323413,-0.16620702735323414
100.0,kappa,4.675000000000001,0.0003104803758734795,-0.16110884029781722,-0.1861088402978172,-0.13610884029781722
100.0,kappa,4.725,0.00027070565474978867,-0.1932528663045999,-0.2182528663045999,-0.1682528663045999
100.0,kappa,4.775,0.00023316565110515435,-0.1943504983552797,-0.2318504983552797,-0.1568504983552797
100.0,kappa,4.825000000000001,0.0002647183151689071,-0.19145446102028646,-0.21645446102028645,-0.16645446102028646
100.0,kappa,4.875,0.00028128258932851925,-0.19142284759184758,-0.21642284759184757,-0.16642284759184758
100.0,kappa,4.925000000000001,0.0002322423828437397,-0.22576343395225593,-0.2507634339522559,-0.20076343395225593
100.0,kappa,4.975,0.0002377474695492418,-0.2514232121811138,-0.27642321218111376,-0.2264232121811138
100.0,kappa_prime,-15.84,0.00030190630823010063,-0.01622958437471093,-0.06622958437471092,0.033770415625289055
100.0,kappa_prime,-15.52,0.0003206650537562572,-0.053932955592882845,-0.07893295559288284,-0.02893295559288285
100.0,kappa_prime,-15.2,0.00035138095979899016,-0.04481530161460405,-0.08231530161460406,-0.0073153016146040445
100.0,kappa_prime,-14.879999999999999,0.000372242665422187,-0.08690968469828975,-0.11190968469828974,-0.06190968469828975
100.0,kappa_prime,-14.56,0.00044220707350598425,-0.03249909694673993,-0.05749909694673992,-0.007499096946739933
100.0,kappa_prime,-14.24,0.0003714346555511689,-0.060842189222872024,-0.110842189222872,-0.010842189222872035
100.0,kappa_prime,-13.92,0.0004263858230681214,-0.03520918554241237,-0.06020918554241236,-0.010209185542412375
100.0,kappa_prime,-13.6,0.0004548815429247674,-0.04788935161241314,-0.08538935161241315,-0.010389351612413132
100.0,kappa_prime,-13.280000000000001,0.0005001941992555794,-0.023697983430607396,-0.0986979834306074,0.051302016569392615
100.0,kappa_prime,-12.96,0.00046052180681588133,0.020655527248781533,-0.004344472751218461,0.045655527248781524
100.0,kappa_prime,-12.64,0.00046386112073962076,-0.011058329193443777,-0.06105832919344377,0.03894167080655621
100.0,kappa_prime,-12.32,0.0005176700634411253,-0.01919062474977306,-0.044190624749773054,0.005809375250226935
100.0,kappa_prime,-12.0,0.0006423286367265683,0.00021808126324878214,-0.024781918736751212,0.025218081263248777
100.0,kappa_prime,-11.68,0.0005806816638574586,0.020856563927151912,-0.004143436072848082,0.04585656392715191
100.0,kappa_prime,-11.36,0.0006256229318494491,-0.051049275691966926,-0.07604927569196693,-0.026049275691966932
100.0,kappa_prime,-11.04,0.0005738822328656293,-0.00683855352382783,-0.04433855352382784,0.030661446476172177
100.0,kappa_prime,-10.719999999999999,0.0007102390080026529,-0.022626743352590833,-0.04762674335259083,0.0023732566474091617
100.0,kappa_prime,-10.399999999999999,0.000809648859845062,-0.026590764697943123,-0.05159076469794312,-0.0015907646979431284
100.0,kappa_prime,-10.08,0.0009715428551562257,-0.02476581743402993,-0.06226581743402994,0.012734182565970077
100.0,kappa_prime,-9.76,0.0008495545754487552,-0.02376945156348407,-0.04876945156348406,0.0012305484365159255
100.0,kappa_prime,-9.440000000000001,0.0009527267395008454,-0.0326191158929855,-0.0576191158929855,-0.007619115892985508
100.0,kappa_prime,-9.120000000000001,0.0010355309477023222,-0.015213689965947082,-0.05271368996594709,0.022286310034052924
100.0,kappa_prime,-8.8,0.0011318930587728277,0.031489737360229766,-0.006010262639770239,0.06898973736022977
100.0,kappa_prime,-8.48,0.0011777824037631267,0.01946186833647071,-0.03053813166352928,0.0694618683364707
100.0,kappa_prime,-8.16,0.0012146411837426472,0.03222721371680073,0.007227213716800733,0.05722721371680072
100.0,kappa_prime,-7.84,0.0014499431654599044,0.003566976240354791,-0.021433023759645203,0.028566976240354786
100.0,kappa_prime,-7.52,0.0015313868499529139,0.008222697607081832,-0.029277302392918175,0.045722697607081836
100.0,kappa_prime,-7.199999999999999,0.001609394666209012,-0.0255599535393918,-0.05055995353939179,-0.000559953539391804
100.0,kappa_prime,-6.88,0.0017441888526352745,-0.007944854879206847,-0.03294485487920684,0.017055145120793147
100.0,kappa_prime,-6.5600000000000005,0.0022065912016390335,-0.004902329450635664,-0.02990232945063566,0.02009767054936433
100.0,kappa_prime,-6.24,0.0023014677487865807,-0.0082278773580994,-0.03322787735809939,0.016772122641900596
100.0,kappa_prime,-5.92,0.002514402525246189,0.019542143352170933,-0.005457856647829062,0.044542143352170924
100.0,kappa_prime,-5.6,0.0026877725023767016,0.007422386701078917,-0.017577613298921078,0.032422386701078915
100.0,kappa_prime,-5.279999999999999,0.0030128849683089135,0.030026049745097427,0.005026049745097433,0.05502604974509742
100.0,kappa_prime,-4.959999999999999,0.0035158972029612533,0.021009907747760508,-0.003990092252239487,0.0460099077477605
100.0,kappa_prime,-4.64,0.00390813095512527,0.021458259917962803,-0.003541740082037191,0.0464582599179628
100.0,kappa_prime,-4.32,0.004338295310216973,0.05983229844137229,0.0348322984413723,0.08483229844137229
100.0,kappa_prime,-4.0,0.005025825603477047,0.057948666348847246,0.02044866634884724,0.09544866634884724
100.0,kappa_prime,-3.6799999999999997,0.0059609229860665795,0.049414801297344955,0.02441480129734496,0.07441480129734496
100.0,kappa_prime,-3.3599999999999994,0.0069245547119446485,0.04760713874494094,0.022607138744940948,0.07260713874494093
100.0,kappa_prime,-3.039999999999999,0.007710725972944834,0.08880687561090488,0.06380687561090488,0.11380687561090487
100.0,kappa_prime,-2.7199999999999998,0.009002531706935695,0.11916356238986167,0.09416356238986168,0.14416356238986167
100.0,kappa_prime,-2.4000000000000004,0.011073592922683572,0.1221123607215916,0.0971123607215916,0.1471123607215916
100.0,kappa_prime,-2.08,0.014051210943879464,0.1569356459699011,0.1319356459699011,0.18193564596990108
100.0,kappa_prime,-1.7599999999999998,0.01744923294157223,0.2051138444622536,0.1801138444622536,0.23011384446225358
100.0,kappa_prime,-1.4399999999999995,0.02268831056033388,0.2439472221113315,0.20644722211133149,0.2814472221113315
100.0,kappa_prime,-1.1199999999999992,0.030844992758832332,0.3157485088052119,0.29074850880521186,0.3407485088052119
100.0,kappa_prime,-0.7999999999999998,0.04576941386882055,0.4152234011019613,0.07772340110196135,0.7527234011019612
100.0,kappa_prime,-0.4800000000000004,0.08103950003615587,0.5531726478850684,0.36567264788506837,0.7406726478850684
100.0,kappa_prime,-0.16000000000000014,0.18463336840162486,0.7189859858318156,0.6439859858318157,0.7939859858318156
100.0,kappa_prime,0.16000000000000014,0.18534568570161758,0.7187366074644588,0.6437366074644588,0.7937366074644587
100.0,kappa_prime,0.4800000000000004,0.08042080961830315,0.5470464539896959,0.33454645398969585,0.7595464539896959
100.0,kappa_prime,0.8000000000000007,0.04664578399973393,0.41687822734172103,0.06687822734172105,0.766878227341721
100.0,kappa_prime,1.120000000000001,0.030130767184254104,0.316713442593884,0.291713442593884,0.34171344259388403
100.0,kappa_prime,1.4400000000000013,0.022166815836091404,0.25188403466407333,0.22688403466407334,0.2768840346640733
100.0,kappa_prime,1.7600000000000016,0.01748285724482919,0.21350108970705403,0.18850108970705404,0.23850108970705403
100.0,kappa_prime,2.080000000000002,0.014217793526669041,0.1694203834648772,0.1444203834648772,0.1944203834648772
100.0,kappa_prime,2.4000000000000004,0.01104306622319528,0.12732950681330554,0.10232950681330555,0.15232950681330554
100.0,kappa_prime,2.719999999999999,0.009283065118939131,0.11225244995407119,0.08725244995407119,0.13725244995407118
100.0,kappa_prime,3.039999999999999,0.007556334879902914,0.08688414264283871,0.049384142642838705,0.12438414264283872
100.0,kappa_prime,3.3599999999999994,0.006713534358608679,0.08579687626568581,0.06079687626568582,0.11079687626568581
100.0,kappa_prime,3.6799999999999997,0.005616905843573376,0.08355762332077821,0.0460576233207782,0.12105762332077821
100.0,kappa_prime,4.0,0.004991653867148607,0.060498876010234036,0.03549887601023404,0.08549887601023404
100.0,kappa_prime,4.32,0.004333740376598153,0.06800656404706767,0.04300656404706768,0.09300656404706767
100.0,kappa_prime,4.640000000000001,0.0038005243493513243,0.0446063152754607,0.007106315275460698,0.08210631527546071
100.0,kappa_prime,4.960000000000001,0.0033717912539646937,0.022072187061269517,-0.002927812938730477,0.04707218706126951
100.0,kappa_prime,5.280000000000001,0.002742918516606654,0.07076357193502757,0.03326357193502756,0.10826357193502757
100.0,kappa_prime,5.600000000000001,0.002686995575700872,0.02288311055171232,-0.0021168894482876746,0.047883110551712314
100.0,kappa_prime,5.920000000000002,0.0024725683795241015,0.023017858623500954,-0.00198214137649904,0.04801785862350095
100.0,kappa_prime,6.240000000000002,0.0022449186139590297,0.006352556030152702,-0.018647443969847292,0.031352556030152696
100.0,kappa_prime,6.5600000000000005,0.0019543457012703392,-0.02464129271381917,-0.04964129271381916,0.00035870728618082534
100.0,kappa_prime,6.879999999999999,0.001758617131802898,0.009947626520932262,-0.015052373479067733,0.03494762652093226
100.0,kappa_prime,7.199999999999999,0.0016689998461309813,0.027064328887856103,0.0020643288878561088,0.0520643288878561
100.0,kappa_prime,7.52,0.0016093385416889605,-0.007861445078559848,-0.03286144507855984,0.017138554921440147
100.0,kappa_prime,7.84,0.0015646250538056856,-0.018564567338000253,-0.05606456733800026,0.018935432661999752
100.0,kappa_prime,8.16,0.001309486423659603,-0.030455559175713572,-0.05545555917571357,-0.005455559175713578
100.0,kappa_prime,8.48,0.0011952685267724843,-0.0012924034009026383,-0.026292403400902633,0.023707596599097356
100.0,kappa_prime,8.8,0.001114784848600319,-0.0050266888634271254,-0.04252668886342713,0.03247331113657288
100.0,kappa_prime,9.120000000000001,0.0010203222658152768,-0.03655258534948162,-0.06155258534948162,-0.011552585349481628
100.0,kappa_prime,9.440000000000001,0.0009163423217696732,0.0036007919858184706,-0.021399208014181523,0.028600791985818465
100.0,kappa_prime,9.760000000000002,0.0009260326106426042,-0.041653786959642565,-0.06665378695964255,-0.01665378695964257
100.0,kappa_prime,10.080000000000002,0.0007419067348315251,0.004136043728358256,-0.03336395627164175,0.04163604372835826
100.0,kappa_prime,10.400000000000002,0.0007494259925862339,-0.015423512446546571,-0.040423512446546565,0.009576487553453424
100.0,kappa_prime,10.72,0.0007302868943722812,-0.02737477498887617,-0.05237477498887616,-0.002374774988876175
100.0,kappa_prime,11.04,0.0006341026233101021,0.00036325572541575307,-0.024636744274584243,0.025363255725415746
100.0,kappa_prime,11.36,0.0005935147336620506,-0.06804513766927593,-0.09304513766927593,-0.04304513766927594
100.0,kappa_prime,11.68,0.0006422262488492078,-0.0015430807406083195,-0.026543080740608314,0.023456919259391674
100.0,kappa_prime,12.0,0.000517951486479221,-0.018097930252145726,-0.04309793025214572,0.006902069747854268
100.0,kappa_prime,12.32,0.0005910929811186895,-0.0026502669040263465,-0.052650266904026334,0.047349733095973644
100.0,kappa_prime,12.64,0.0004841604579608769,-0.012239892875112242,-0.037239892875112236,0.012760107124887753
100.0,kappa_prime,12.96,0.0004970843145567046,0.03891664860337366,0.013916648603373667,0.06391664860337365
100.0,kappa_prime,13.280000000000001,0.00048379753072643177,-0.016019485058790535,-0.04101948505879053,0.00898051494120946
100.0,kappa_prime,13.600000000000001,0.00038702967616595737,-0.022292363698862828,-0.04729236369886282,0.0027076363011371667
100.0,kappa_prime,13.920000000000002,0.00044192337861959476,-0.05317917625578031,-0.0781791762557803,-0.028179176255780314
100.0,kappa_prime,14.240000000000002,0.00035106123045992367,-0.032066071604643274,-0.05706607160464327,-0.00706607160464328
100.0,kappa_prime,14.56,0.00043936751794338227,-0.0576565186937407,-0.08265651869374069,-0.032656518693740706
100.0,kappa_prime,14.879999999999999,0.00035835921981845417,-0.011828702358987775,-0.11182870235898779,0.08817129764101223
100.0,kappa_prime,15.2,0.0003502145503865209,0.01840047895384298,-0.03159952104615701,0.06840047895384296
100.0,kappa_prime,15.52,0.0003372711576925139,0.013882671717025657,-0.011117328282974338,0.038882671717025655
100.0,kappa_prime,15.84,0.00028354480539530995,-0.04360784557284814,-0.06860784557284813,-0.01860784557284815
100.0,kappa_tau,-5.9399999999999995,0.0003176468985224682,-0.19453233237520529,-0.21953233237520528,-0.1695323323752053
100.0,kappa_tau,-5.82,0.000310952069465202,-0.2051544865752116,-0.2301544865752116,-0.1801544865752116
100.0,kappa_tau,-5.699999999999999,0.0003921863694265099,-0.2190537250048144,-0.2440537250048144,-0.1940537250048144
100.0,kappa_tau,-5.58,0.0003649093202195211,-0.15103675065249844,-0.17603675065249844,-0.12603675065249845
100.0,kappa_tau,-5.46,0.0004009534361576097,-0.21725855131853858,-0.24225855131853857,-0.19225855131853858
100.0,kappa_tau,-5.34,0.00043606037570046146,-0.20215443668848906,-0.22715443668848906,-0.17715443668848907
100.0,kappa_tau,-5.220000000000001,0.0005072219716482782,-0.2061619126573248,-0.2311619126573248,-0.18116191265732481
100.0,kappa_tau,-5.1,0.00047803375397038466,-0.18229310776934426,-0.20729310776934426,-0.15729310776934427
100.0,kappa_tau,-4.98,0.0005339322630769905,-0.20693550025016888,-0.23193550025016887,-0.18193550025016889
100.0,kappa_tau,-4.859999999999999,0.0005591226924373449,-0.19834742823693866,-0.22334742823693865,-0.17334742823693866
100.0,kappa_tau,-4.74,0.0006043747330050483,-0.20459286857952047,-0.22959286857952046,-0.17959286857952048
100.0,kappa_tau,-4.62,0.0005883134953673537,-0.15734533623430802,-0.19484533623430803,-0.11984533623430801
100.0,kappa_tau,-4.5,0.0006398018886679862,-0.16529187371527096,-0.19029187371527095,-0.14029187371527096
100.0,kappa_tau,-4.38,0.0007617566154404027,-0.17230556056529314,-0.19730556056529314,-0.14730556056529315
100.0,kappa_tau,-4.26,0.0007514262454939897,-0.13936762598517627,-0.20186762598517627,-0.07686762598517627
100.0,kappa_tau,-4.140000000000001,0.0008278364984084063,-0.16618971032663604,-0.20368971032663605,-0.12868971032663604
100.0,kappa_tau,-4.02,0.0009570273968188686,-0.17673146850966634,-0.20173146850966633,-0.15173146850966635
100.0,kappa_tau,-3.9,0.0009492807193823578,-0.17493152710777862,-0.19993152710777862,-0.14993152710777863
100.0,kappa_tau,-3.7800000000000002,0.0010337664137804663,-0.15142621050329624,-0.18892621050329625,-0.11392621050329624
100.0,kappa_tau,-3.66,0.0011152800144636666,-0.1569787656232909,-0.1819787656232909,-0.13197876562329092
100.0,kappa_tau,-3.54,0.001155285847507326,-0.15333610255520716,-0.19083610255520717,-0.11583610255520715
100.0,kappa_tau,-3.42,0.0013145752810007224,-0.13725852244683778,-0.16225852244683778,-0.11225852244683779
100.0,kappa_tau,-3.3000000000000003,0.0013932802241058014,-0.12455696646750333,-0.16205696646750334,-0.08705696646750333
100.0,kappa_tau,-3.18,0.0015542913855140256,-0.14251528529204058,-0.16751528529204057,-0.11751528529204058
100.0,kappa_tau,-3.06,0.0015122307169106797,-0.10589491637539897,-0.13089491637539896,-0.08089491637539897
100.0,kappa_tau,-2.94,0.0018783944618010122,-0.13097838703485215,-0.15597838703485215,-0.10597838703485216
100.0,kappa_tau,-2.8200000000000003,0.0019554643677116607,-0.1252591328470824,-0.1502591328470824,-0.1002591328470824
100.0,kappa_tau,-2.7,0.0022598812408989913,-0.08559548402433206,-0.11059548402433206,-0.06059548402433207
100.0,kappa_tau,-2.58,0.0024383433598631757,-0.10156337119826328,-0.12656337119826327,-0.07656337119826329
100.0,kappa_tau,-2.46,0.002769727471143702,-0.10396307604666806,-0.12896307604666807,-0.07896307604666807
100.0,kappa_tau,-2.3400000000000003,0.0030936800149598477,-0.0727134383982267,-0.0977134383982267,-0.04771343839822671
100.0,kappa_tau,-2.22,0.00346902041704576,-0.03432693044452187,-0.059326930444521864,-0.009326930444521875
100.0,kappa_tau,-2.1,0.00378049171159083,-0.0635646082057048,-0.08856460820570479,-0.0385646082057048
100.0,kappa_tau,-1.98,0.004377742862675207,-0.03120642049198565,-0.05620642049198564,-0.006206420491985654
100.0,kappa_tau,-1.8599999999999999,0.00459740164316978,0.005066764607433217,-0.019933235392566778,0.03006676460743321
100.0,kappa_tau,-1.7399999999999998,0.005018045111663164,0.011038359774313436,-0.026461640225686568,0.04853835977431344
100.0,kappa_tau,-1.62,0.005771007156889017,0.0059009421783789194,-0.019099057821621076,0.030900942178378913
100.0,kappa_tau,-1.5000000000000004,0.006880394461788147,0.04008315747136704,0.015083157471367042,0.06508315747136703
100.0,kappa_tau,-1.3800000000000003,0.007671932551473493,0.07108544633052401,0.04608544633052401,0.096085446330524
100.0,kappa_tau,-1.2600000000000002,0.009091453068138357,0.11549645576030183,0.07799645576030183,0.15299645576030185
100.0,kappa_tau,-1.1400000000000001,0.010314624953931002,0.14450635658937933,0.11950635658937933,0.16950635658937932
100.0,kappa_tau,-1.02,0.01209924714377468,0.18450708340768293,0.15950708340768294,0.20950708340768293
100.0,kappa_tau,-0.8999999999999999,0.015005798542129816,0.2236565486674216,0.1986565486674216,0.2486565486674216
100.0,kappa_tau,-0.7800000000000002,0.018498642909599294,0.2801089801384026,0.25510898013840255,0.3051089801384026
100.0,kappa_tau,-0.6600000000000006,0.022778861490201294,0.3361385269377229,0.3111385269377229,0.36113852693772286
100.0,kappa_tau,-0.5400000000000005,0.028789036007227736,0.40215238223215727,0.08965238223215727,0.7146523822321573
100.0,kappa_tau,-0.4200000000000004,0.03865190829368584,0.47945006140781965,0.20445006140781968,0.7544500614078196
100.0,kappa_tau,-0.30000000000000027,0.05581711130132673,0.5761412860240289,0.3886412860240289,0.7636412860240289
100.0,kappa_tau,-0.18000000000000016,0.08405886291071818,0.6568768210194353,0.5568768210194354,0.7568768210194353
100.0,kappa_tau,-0.06000000000000005,0.12175843336334981,0.7286474502945599,0.6661474502945599,0.7911474502945599
100.0,kappa_tau,0.06000000000000005,0.12027801269281581,0.7302720707057335,0.6677720707057335,0.7927720707057335
100.0,kappa_tau,0.18000000000000016,0.08609816260122741,0.6656098697144577,0.5781098697144578,0.7531098697144576
100.0,kappa_tau,0.2999999999999998,0.05670794425569761,0.5639507963214184,0.3889507963214185,0.7389507963214184
100.0,kappa_tau,0.4199999999999995,0.039566093615673564,0.4790498009331955,0.21654980093319554,0.7415498009331954
100.0,kappa_tau,0.5399999999999996,0.029495561066768983,0.4001653338303633,0.0376653338303633,0.7626653338303633
100.0,kappa_tau,0.6599999999999997,0.022342441616111236,0.3303505782174396,0.3053505782174396,0.35535057821743965
100.0,kappa_tau,0.7799999999999998,0.01771295421135375,0.28273200899281997,0.24523200899281997,0.32023200899282
100.0,kappa_tau,0.8999999999999999,0.015153658256543358,0.2342303987697316,0.19673039876973158,0.2717303987697316
100.0,kappa_tau,1.02,0.012006024038788365,0.17875336035107628,0.14125336035107627,0.21625336035107628
100.0,kappa_tau,1.1399999999999997,0.010047717257743448,0.15358305599808303,0.12858305599808303,0.17858305599808302
100.0,kappa_tau,1.2599999999999993,0.009058763881411028,0.10277895081046769,0.07777895081046769,0.1277789508104677
100.0,kappa_tau,1.3799999999999994,0.007819938381161753,0.07122267380899568,0.04622267380899568,0.09622267380899567
100.0,kappa_tau,1.4999999999999996,0.006674611120788759,0.048625104560138806,0.02362510456013881,0.0736251045601388
100.0,kappa_tau,1.6199999999999997,0.0058748533452041025,0.025518408965245636,0.0005184089652456418,0.050518408965245634
100.0,kappa_tau,1.7399999999999998,0.005256488393143478,0.0071913129617272465,-0.01780868703827275,0.03219131296172724
100.0,kappa_tau,1.8599999999999999,0.004786224241532407,-0.00015309855905947,-0.025153098559059464,0.024846901440940525
100.0,kappa_tau,1.9799999999999995,0.004204611546158872,-0.013153545282933842,-0.03815354528293384,0.011846454717066152
100.0,kappa_tau,2.0999999999999996,0.00356880160182597,-0.023869431665722567,-0.048869431665722565,0.0011305683342774271
100.0,kappa_tau,2.2199999999999998,0.0033531641998761743,-0.07935308339566365,-0.10435308339566364,-0.05435308339566365
100.0,kappa_tau,2.34,0.0028979692691344146,-0.07469675830491213,-0.09969675830491212,-0.04969675830491213
100.0,kappa_tau,2.46,0.0027652058526588465,-0.08625830950407191,-0.11125830950407191,-0.06125830950407192
100.0,kappa_tau,2.58,0.002436780704648625,-0.08384596522195824,-0.10884596522195823,-0.058845965221958244
100.0,kappa_tau,2.7,0.0021932137138257384,-0.1008690087349766,-0.12586900873497658,-0.07586900873497661
100.0,kappa_tau,2.8199999999999994,0.0019782070312748708,-0.10207760504948657,-0.12707760504948656,-0.07707760504948657
100.0,kappa_tau,2.9399999999999995,0.0019165038725796218,-0.10857221456042858,-0.13357221456042856,-0.08357221456042858
100.0,kappa_tau,3.0599999999999996,0.0016653046792941017,-0.11943289856258066,-0.14443289856258065,-0.09443289856258066
100.0,kappa_tau,3.1799999999999997,0.0015907037681201748,-0.1471330021964879,-0.1721330021964879,-0.1221330021964879
100.0,kappa_tau,3.3,0.001397528342058963,-0.14494054693885092,-0.1699405469388509,-0.11994054693885092
100.0,kappa_tau,3.42,0.0011749014629936828,-0.13043512650690234,-0.16793512650690234,-0.09293512650690233
100.0,kappa_tau,3.54,0.0011841827383508798,-0.17061718580891172,-0.19561718580891171,-0.14561718580891173
100.0,kappa_tau,3.6599999999999993,0.0011419766246404171,-0.1481107776085657,-0.1856107776085657,-0.11061077760856569
100.0,kappa_tau,3.7799999999999994,0.0009679103863995601,-0.14895089980416965,-0.18645089980416965,-0.11145089980416964
100.0,kappa_tau,3.8999999999999995,0.0008911175751606643,-0.15414164542482647,-0.17914164542482647,-0.12914164542482648
100.0,kappa_tau,4.02,0.0008901194487195975,-0.16455212466884775,-0.20205212466884775,-0.12705212466884774
100.0,kappa_tau,4.14,0.0008569792955404854,-0.17299095243988138,-0.19799095243988138,-0.1479909524398814
100.0,kappa_tau,4.26,0.0007773530543884639,-0.17636730526312158,-0.20136730526312158,-0.1513673052631216
100.0,kappa_tau,4.38,0.000776925138422557,-0.1943612720052046,-0.21936127200520458,-0.1693612720052046
100.0,kappa_tau,4.499999999999999,0.0006202091413221414,-0.17502489674213026,-0.20002489674213025,-0.15002489674213026
100.0,kappa_tau,4.619999999999999,0.0005824794551507379,-0.21407109133599564,-0.23907109133599563,-0.18907109133599564
100.0,kappa_tau,4.739999999999999,0.0005976641143436401,-0.19418425109748194,-0.21918425109748194,-0.16918425109748195
100.0,kappa_tau,4.859999999999999,0.0005704068785194532,-0.22214784911622154,-0.24714784911622154,-0.19714784911622155
100.0,kappa_tau,4.9799999999999995,0.0005323446715572392,-0.21570202362185642,-0.2532020236218564,-0.17820202362185641
100.0,kappa_tau,5.1,0.0004231042717747831,-0.2030312282342283,-0.2280312282342283,-0.17803122823422832
100.0,kappa_tau,5.22,0.00045834742029446656,-0.1931323304563509,-0.2181323304563509,-0.1681323304563509
100.0,kappa_tau,5.34,0.0004387756625200199,-0.22595429063453445,-0.26345429063453446,-0.18845429063453445
100.0,kappa_tau,5.46,0.0003658359233478536,-0.1920177539647831,-0.2170177539647831,-0.1670177539647831
100.0,kappa_tau,5.579999999999999,0.00044915669315913397,-0.20716201904412962,-0.2571620190441296,-0.15716201904412963
100.0,kappa_tau,5.699999999999999,0.0003436696947235116,-0.19122476473913533,-0.22872476473913533,-0.15372476473913532
100.0,kappa_tau,5.819999999999999,0.000347678393950666,-0.1956868047065816,-0.22068680470658159,-0.1706868047065816
100.0,kappa_tau,5.9399999999999995,0.0003382775070754183,-0.17665638965676173,-0.21415638965676173,-0.13915638965676172
