concentration_mM,variable,coordinate,density,retained_probability,normalization_k_ref_A^-1,anisotropic_geometry,sample_count
0.0,kappa,0.025,0.28379573599279956,0.9983072902372105,0.05231700796741847,True,262144
0.0,kappa,0.07500000000000001,0.7994723095033308,0.9983072902372105,0.05231700796741847,True,262144
0.0,kappa,0.125,1.213444763247514,0.9983072902372105,0.05231700796741847,True,262144
0.0,kappa,0.17500000000000002,1.4447732243146503,0.9983072902372105,0.05231700796741847,True,262144
0.0,kappa,0.225,1.5290072118522429,0.9983072902372105,0.05231700796741847,True,262144
0.0,kappa,0.275,1.5212275792231846,0.9983072902372105,0.05231700796741847,True,262144
0.0,kappa,0.32500000000000007,1.4474582677284,0.9983072902372105,0.05231700796741847,True,262144
0.0,kappa,0.375,1.3563380055138243,0.9983072902372105,0.05231700796741847,True,262144
0.0,kappa,0.42500000000000004,1.2199801874657727,0.9983072902372105,0.05231700796741847,True,262144
0.0,kappa,0.475,1.0777031828656463,0.9983072902372105,0.05231700796741847,True,262144
0.0,kappa,0.525,0.9648451879476349,0.9983072902372105,0.05231700796741847,True,262144
0.0,kappa,0.5750000000000001,0.8306905752012096,0.9983072902372105,0.05231700796741847,True,262144
0.0,kappa,0.625,0.7217065710679044,0.9983072902372105,0.05231700796741847,True,262144
0.0,kappa,0.675,0.6433455952830982,0.9983072902372105,0.05231700796741847,True,262144
0.0,kappa,0.7250000000000001,0.5538309558751003,0.9983072902372105,0.05231700796741847,True,262144
0.0,kappa,0.775,0.48564391794771566,0.9983072902372105,0.05231700796741847,True,262144
0.0,kappa,0.8250000000000001,0.4160002604435873,0.9983072902372105,0.05231700796741847,True,262144
0.0,kappa,0.875,0.37451750048511206,0.9983072902372105,0.05231700796741847,True,262144
0.0,kappa,0.925,0.3249706376671799,0.9983072902372105,0.05231700796741847,True,262144
0.0,kappa,0.9750000000000001,0.28000770375006806,0.9983072902372105,0.05231700796741847,True,262144
0.0,kappa,1.025,0.2548483921542294,0.9983072902372105,0.05231700796741847,True,262144
0.0,kappa,1.0750000000000002,0.2198294836078619,0.9983072902372105,0.05231700796741847,True,262144
0.0,kappa,1.125,0.19711545858457008,0.9983072902372105,0.05231700796741847,True,262144
0.0,kappa,1.1750000000000003,0.18034964761009803,0.9983072902372105,0.05231700796741847,True,262144
0.0,kappa,1.225,0.15082463819771813,0.9983072902372105,0.05231700796741847,True,262144
0.0,kappa,1.275,0.13912970005295716,0.9983072902372105,0.05231700796741847,True,262144
0.0,kappa,1.3250000000000002,0.11886532995439916,0.9983072902372105,0.05231700796741847,True,262144
0.0,kappa,1.375,0.1089421829188059,0.9983072902372105,0.05231700796741847,True,262144
0.0,kappa,1.4250000000000003,0.0931705107011729,0.9983072902372105,0.05231700796741847,True,262144
0.0,kappa,1.475,0.08663277139957459,0.9983072902372105,0.05231700796741847,True,262144
0.0,kappa,1.525,0.07640888298422983,0.9983072902372105,0.05231700796741847,True,262144
0.0,kappa,1.5750000000000002,0.06742330936735852,0.9983072902372105,0.05231700796741847,True,262144
0.0,kappa,1.625,0.06153643768180943,0.9983072902372105,0.05231700796741847,True,262144
0.0,kappa,1.6750000000000003,0.05774202396465613,0.9983072902372105,0.05231700796741847,True,262144
0.0,kappa,1.725,0.04956881341551928,0.9983072902372105,0.05231700796741847,True,262144
0.0,kappa,1.775,0.0476291246288224,0.9983072902372105,0.05231700796741847,True,262144
0.0,kappa,1.8250000000000002,0.04036803686771184,0.9983072902372105,0.05231700796741847,True,262144
0.0,kappa,1.875,0.040332844140383066,0.9983072902372105,0.05231700796741847,True,262144
0.0,kappa,1.9250000000000003,0.03318367077920345,0.9983072902372105,0.05231700796741847,True,262144
0.0,kappa,1.975,0.03247946259090548,0.9983072902372105,0.05231700796741847,True,262144
0.0,kappa,2.0250000000000004,0.029272191925121767,0.9983072902372105,0.05231700796741847,True,262144
0.0,kappa,2.075,0.025875210700893145,0.9983072902372105,0.05231700796741847,True,262144
0.0,kappa,2.125,0.025080223899276628,0.9983072902372105,0.05231700796741847,True,262144
0.0,kappa,2.175,0.024688433465820676,0.9983072902372105,0.05231700796741847,True,262144
0.0,kappa,2.225,0.02293476987687328,0.9983072902372105,0.05231700796741847,True,262144
0.0,kappa,2.2750000000000004,0.018443293407339707,0.9983072902372105,0.05231700796741847,True,262144
0.0,kappa,2.325,0.019740791617009326,0.9983072902372105,0.05231700796741847,True,262144
0.0,kappa,2.375,0.0156312853637536,0.9983072902372105,0.05231700796741847,True,262144
0.0,kappa,2.4250000000000003,0.014967654704200853,0.9983072902372105,0.05231700796741847,True,262144
0.0,kappa,2.475,0.01277077094762295,0.9983072902372105,0.05231700796741847,True,262144
0.0,kappa,2.5250000000000004,0.014126215518348103,0.9983072902372105,0.05231700796741847,True,262144
0.0,kappa,2.575,0.01299416716129716,0.9983072902372105,0.05231700796741847,True,262144
0.0,kappa,2.625,0.010800939303643746,0.9983072902372105,0.05231700796741847,True,262144
0.0,kappa,2.6750000000000003,0.010996514477754096,0.9983072902372105,0.05231700796741847,True,262144
0.0,kappa,2.725,0.010436698979561542,0.9983072902372105,0.05231700796741847,True,262144
0.0,kappa,2.7750000000000004,0.009923717465929922,0.9983072902372105,0.05231700796741847,True,262144
0.0,kappa,2.825,0.008321464747003193,0.9983072902372105,0.05231700796741847,True,262144
0.0,kappa,2.875,0.007795600722268685,0.9983072902372105,0.05231700796741847,True,262144
0.0,kappa,2.9250000000000003,0.007215342225530409,0.9983072902372105,0.05231700796741847,True,262144
0.0,kappa,2.975,0.00797701643644926,0.9983072902372105,0.05231700796741847,True,262144
0.0,kappa,3.0250000000000004,0.007218621179102442,0.9983072902372105,0.05231700796741847,True,262144
0.0,kappa,3.075,0.005861526960751158,0.9983072902372105,0.05231700796741847,True,262144
0.0,kappa,3.125,0.006852561463397418,0.9983072902372105,0.05231700796741847,True,262144
0.0,kappa,3.1750000000000003,0.005226434299647099,0.9983072902372105,0.05231700796741847,True,262144
0.0,kappa,3.225,0.005165922303149177,0.9983072902372105,0.05231700796741847,True,262144
0.0,kappa,3.2750000000000004,0.004954245303130545,0.9983072902372105,0.05231700796741847,True,262144
0.0,kappa,3.325,0.004434175504323096,0.9983072902372105,0.05231700796741847,True,262144
0.0,kappa,3.375,0.0037529855106704767,0.9983072902372105,0.05231700796741847,True,262144
0.0,kappa,3.4250000000000003,0.00431106423028168,0.9983072902372105,0.05231700796741847,True,262144
0.0,kappa,3.475,0.0036913076130686445,0.9983072902372105,0.05231700796741847,True,262144
0.0,kappa,3.5250000000000004,0.003728788670742894,0.9983072902372105,0.05231700796741847,True,262144
0.0,kappa,3.575,0.003115810918105513,0.9983072902372105,0.05231700796741847,True,262144
0.0,kappa,3.625,0.0034268537939161057,0.9983072902372105,0.05231700796741847,True,262144
0.0,kappa,3.6750000000000003,0.003105165004375731,0.9983072902372105,0.05231700796741847,True,262144
0.0,kappa,3.725,0.003037538947703366,0.9983072902372105,0.05231700796741847,True,262144
0.0,kappa,3.7750000000000004,0.0030367134995289667,0.9983072902372105,0.05231700796741847,True,262144
0.0,kappa,3.825,0.0025872877240704266,0.9983072902372105,0.05231700796741847,True,262144
0.0,kappa,3.875,0.0025101111976964493,0.9983072902372105,0.05231700796741847,True,262144
0.0,kappa,3.9250000000000003,0.0020372187028134493,0.9983072902372105,0.05231700796741847,True,262144
0.0,kappa,3.975,0.0025533308685306965,0.9983072902372105,0.05231700796741847,True,262144
0.0,kappa,4.025,0.0022030118860144484,0.9983072902372105,0.05231700796741847,True,262144
0.0,kappa,4.075,0.001830774979389104,0.9983072902372105,0.05231700796741847,True,262144
0.0,kappa,4.125,0.00217036123915792,0.9983072902372105,0.05231700796741847,True,262144
0.0,kappa,4.175000000000001,0.002063339778452066,0.9983072902372105,0.05231700796741847,True,262144
0.0,kappa,4.225,0.0022042596707784,0.9983072902372105,0.05231700796741847,True,262144
0.0,kappa,4.275,0.001853008947342787,0.9983072902372105,0.05231700796741847,True,262144
0.0,kappa,4.325,0.0015704165066413442,0.9983072902372105,0.05231700796741847,True,262144
0.0,kappa,4.375,0.0015365741647800114,0.9983072902372105,0.05231700796741847,True,262144
0.0,kappa,4.425000000000001,0.0016761158674973922,0.9983072902372105,0.05231700796741847,True,262144
0.0,kappa,4.475,0.0012639632748342865,0.9983072902372105,0.05231700796741847,True,262144
0.0,kappa,4.525,0.0015783461904021639,0.9983072902372105,0.05231700796741847,True,262144
0.0,kappa,4.575,0.0014967455099543134,0.9983072902372105,0.05231700796741847,True,262144
0.0,kappa,4.625,0.0012663750300239023,0.9983072902372105,0.05231700796741847,True,262144
0.0,kappa,4.675000000000001,0.0012480824465401646,0.9983072902372105,0.05231700796741847,True,262144
0.0,kappa,4.725,0.0011547947775114042,0.9983072902372105,0.05231700796741847,True,262144
0.0,kappa,4.775,0.0011349349407552048,0.9983072902372105,0.05231700796741847,True,262144
0.0,kappa,4.825000000000001,0.0012786871899222248,0.9983072902372105,0.05231700796741847,True,262144
0.0,kappa,4.875,0.0011144994877381055,0.9983072902372105,0.05231700796741847,True,262144
0.0,kappa,4.925000000000001,0.0009990983426822464,0.9983072902372105,0.05231700796741847,True,262144
0.0,kappa,4.975,0.0007623528951248551,0.9983072902372105,0.05231700796741847,True,262144
1.0,kappa,0.025,0.272498293413469,0.9982995599865209,0.05231700796741847,True,262144
1.0,kappa,0.07500000000000001,0.7769183504938205,0.9982995599865209,0.05231700796741847,True,262144
1.0,kappa,0.125,1.1769026626748644,0.9982995599865209,0.05231700796741847,True,262144
1.0,kappa,0.17500000000000002,1.4158190687273429,0.9982995599865209,0.05231700796741847,True,262144
1.0,kappa,0.225,1.5046840630874458,0.9982995599865209,0.05231700796741847,True,262144
1.0,kappa,0.275,1.512222695316935,0.9982995599865209,0.05231700796741847,True,262144
1.0,kappa,0.32500000000000007,1.4373924190560896,0.9982995599865209,0.05231700796741847,True,262144
1.0,kappa,0.375,1.367724107185374,0.9982995599865209,0.05231700796741847,True,262144
1.0,kappa,0.42500000000000004,1.2189473093447198,0.9982995599865209,0.05231700796741847,True,262144
1.0,kappa,0.475,1.0929961558714996,0.9982995599865209,0.05231700796741847,True,262144
1.0,kappa,0.525,0.9753852758690496,0.9982995599865209,0.05231700796741847,True,262144
1.0,kappa,0.5750000000000001,0.8426384287961559,0.9982995599865209,0.05231700796741847,True,262144
1.0,kappa,0.625,0.7380723477580293,0.9982995599865209,0.05231700796741847,True,262144
1.0,kappa,0.675,0.6437076382021616,0.9982995599865209,0.05231700796741847,True,262144
1.0,kappa,0.7250000000000001,0.5669259439262639,0.9982995599865209,0.05231700796741847,True,262144
1.0,kappa,0.775,0.4919856821272357,0.9982995599865209,0.05231700796741847,True,262144
1.0,kappa,0.8250000000000001,0.427040326516735,0.9982995599865209,0.05231700796741847,True,262144
1.0,kappa,0.875,0.3782194171623537,0.9982995599865209,0.05231700796741847,True,262144
1.0,kappa,0.925,0.32909835478873145,0.9982995599865209,0.05231700796741847,True,262144
1.0,kappa,0.9750000000000001,0.28162861185959326,0.9982995599865209,0.05231700796741847,True,262144
1.0,kappa,1.025,0.25925080716480153,0.9982995599865209,0.05231700796741847,True,262144
1.0,kappa,1.0750000000000002,0.2294297322471049,0.9982995599865209,0.05231700796741847,True,262144
1.0,kappa,1.125,0.1958094442147467,0.9982995599865209,0.05231700796741847,True,262144
1.0,kappa,1.1750000000000003,0.1796703415474116,0.9982995599865209,0.05231700796741847,True,262144
1.0,kappa,1.225,0.15850261709800126,0.9982995599865209,0.05231700796741847,True,262144
1.0,kappa,1.275,0.1385034758474494,0.9982995599865209,0.05231700796741847,True,262144
1.0,kappa,1.3250000000000002,0.12346995829848006,0.9982995599865209,0.05231700796741847,True,262144
1.0,kappa,1.375,0.10801123103942002,0.9982995599865209,0.05231700796741847,True,262144
1.0,kappa,1.4250000000000003,0.0972215139059866,0.9982995599865209,0.05231700796741847,True,262144
1.0,kappa,1.475,0.08551287334211703,0.9982995599865209,0.05231700796741847,True,262144
1.0,kappa,1.525,0.07781244271057981,0.9982995599865209,0.05231700796741847,True,262144
1.0,kappa,1.5750000000000002,0.06844900157836449,0.9982995599865209,0.05231700796741847,True,262144
1.0,kappa,1.625,0.06277254468270682,0.9982995599865209,0.05231700796741847,True,262144
1.0,kappa,1.6750000000000003,0.056162115738776205,0.9982995599865209,0.05231700796741847,True,262144
1.0,kappa,1.725,0.053217810122185016,0.9982995599865209,0.05231700796741847,True,262144
1.0,kappa,1.775,0.04622664051150495,0.9982995599865209,0.05231700796741847,True,262144
1.0,kappa,1.8250000000000002,0.0422758600432889,0.9982995599865209,0.05231700796741847,True,262144
1.0,kappa,1.875,0.03895048411973121,0.9982995599865209,0.05231700796741847,True,262144
1.0,kappa,1.9250000000000003,0.03670255989908156,0.9982995599865209,0.05231700796741847,True,262144
1.0,kappa,1.975,0.02984048538757234,0.9982995599865209,0.05231700796741847,True,262144
1.0,kappa,2.0250000000000004,0.031128955828687247,0.9982995599865209,0.05231700796741847,True,262144
1.0,kappa,2.075,0.026002765170634684,0.9982995599865209,0.05231700796741847,True,262144
1.0,kappa,2.125,0.02580955831188623,0.9982995599865209,0.05231700796741847,True,262144
1.0,kappa,2.175,0.0244197580920746,0.9982995599865209,0.05231700796741847,True,262144
1.0,kappa,2.225,0.022711454269347304,0.9982995599865209,0.05231700796741847,True,262144
1.0,kappa,2.2750000000000004,0.020825382679378255,0.9982995599865209,0.05231700796741847,True,262144
1.0,kappa,2.325,0.01739503105329981,0.9982995599865209,0.05231700796741847,True,262144
1.0,kappa,2.375,0.01630244490464315,0.9982995599865209,0.05231700796741847,True,262144
1.0,kappa,2.4250000000000003,0.01581216803361249,0.9982995599865209,0.05231700796741847,True,262144
1.0,kappa,2.475,0.013520250223196554,0.9982995599865209,0.05231700796741847,True,262144
1.0,kappa,2.5250000000000004,0.013668140179234185,0.9982995599865209,0.05231700796741847,True,262144
1.0,kappa,2.575,0.012853502824224438,0.9982995599865209,0.05231700796741847,True,262144
1.0,kappa,2.625,0.010882021017245409,0.9982995599865209,0.05231700796741847,True,262144
1.0,kappa,2.6750000000000003,0.011326739115691833,0.9982995599865209,0.05231700796741847,True,262144
1.0,kappa,2.725,0.010621803028161724,0.9982995599865209,0.05231700796741847,True,262144
1.0,kappa,2.7750000000000004,0.009590934167078626,0.9982995599865209,0.05231700796741847,True,262144
1.0,kappa,2.825,0.00855317689464294,0.9982995599865209,0.05231700796741847,True,262144
1.0,kappa,2.875,0.00831651934068794,0.9982995599865209,0.05231700796741847,True,262144
1.0,kappa,2.9250000000000003,0.007795377259373195,0.9982995599865209,0.05231700796741847,True,262144
1.0,kappa,2.975,0.007138376501309217,0.9982995599865209,0.05231700796741847,True,262144
1.0,kappa,3.0250000000000004,0.007059405596129837,0.9982995599865209,0.05231700796741847,True,262144
1.0,kappa,3.075,0.006929026745806782,0.9982995599865209,0.05231700796741847,True,262144
1.0,kappa,3.125,0.006395830466645298,0.9982995599865209,0.05231700796741847,True,262144
1.0,kappa,3.1750000000000003,0.0054720069411093005,0.9982995599865209,0.05231700796741847,True,262144
1.0,kappa,3.225,0.0048230796825969365,0.9982995599865209,0.05231700796741847,True,262144
1.0,kappa,3.2750000000000004,0.005157856639853307,0.9982995599865209,0.05231700796741847,True,262144
1.0,kappa,3.325,0.0043891464701007665,0.9982995599865209,0.05231700796741847,True,262144
1.0,kappa,3.375,0.004379732722407868,0.9982995599865209,0.05231700796741847,True,262144
1.0,kappa,3.4250000000000003,0.0038767612643496284,0.9982995599865209,0.05231700796741847,True,262144
1.0,kappa,3.475,0.004262840848951413,0.9982995599865209,0.05231700796741847,True,262144
1.0,kappa,3.5250000000000004,0.003326470023611281,0.9982995599865209,0.05231700796741847,True,262144
1.0,kappa,3.575,0.003429991059664368,0.9982995599865209,0.05231700796741847,True,262144
1.0,kappa,3.625,0.0032274910235737596,0.9982995599865209,0.05231700796741847,True,262144
1.0,kappa,3.6750000000000003,0.003049777201382727,0.9982995599865209,0.05231700796741847,True,262144
1.0,kappa,3.725,0.0029787358185419032,0.9982995599865209,0.05231700796741847,True,262144
1.0,kappa,3.7750000000000004,0.0031300163766553577,0.9982995599865209,0.05231700796741847,True,262144
1.0,kappa,3.825,0.00270542008818903,0.9982995599865209,0.05231700796741847,True,262144
1.0,kappa,3.875,0.002300022024663683,0.9982995599865209,0.05231700796741847,True,262144
1.0,kappa,3.9250000000000003,0.0022919159304423888,0.9982995599865209,0.05231700796741847,True,262144
1.0,kappa,3.975,0.0026265474157481645,0.9982995599865209,0.05231700796741847,True,262144
1.0,kappa,4.025,0.0022235165616209737,0.9982995599865209,0.05231700796741847,True,262144
1.0,kappa,4.075,0.001999312912010716,0.9982995599865209,0.05231700796741847,True,262144
1.0,kappa,4.125,0.0023288718023769667,0.9982995599865209,0.05231700796741847,True,262144
1.0,kappa,4.175000000000001,0.0018672380644027171,0.9982995599865209,0.05231700796741847,True,262144
1.0,kappa,4.225,0.0018899479090501235,0.9982995599865209,0.05231700796741847,True,262144
1.0,kappa,4.275,0.0019264059917889426,0.9982995599865209,0.05231700796741847,True,262144
1.0,kappa,4.325,0.0019286025187501593,0.9982995599865209,0.05231700796741847,True,262144
1.0,kappa,4.375,0.0016962241942184624,0.9982995599865209,0.05231700796741847,True,262144
1.0,kappa,4.425000000000001,0.0012674508101774879,0.9982995599865209,0.05231700796741847,True,262144
1.0,kappa,4.475,0.0015458789636245186,0.9982995599865209,0.05231700796741847,True,262144
1.0,kappa,4.525,0.0017413489020767653,0.9982995599865209,0.05231700796741847,True,262144
1.0,kappa,4.575,0.001339210987310611,0.9982995599865209,0.05231700796741847,True,262144
1.0,kappa,4.625,0.0011279114154055386,0.9982995599865209,0.05231700796741847,True,262144
1.0,kappa,4.675000000000001,0.001337552958287415,0.9982995599865209,0.05231700796741847,True,262144
1.0,kappa,4.725,0.001187735085997529,0.9982995599865209,0.05231700796741847,True,262144
1.0,kappa,4.775,0.0013616972160784505,0.9982995599865209,0.05231700796741847,True,262144
1.0,kappa,4.825000000000001,0.0010540023784953827,0.9982995599865209,0.05231700796741847,True,262144
1.0,kappa,4.875,0.0009623598678197632,0.9982995599865209,0.05231700796741847,True,262144
1.0,kappa,4.925000000000001,0.001110918174400629,0.9982995599865209,0.05231700796741847,True,262144
1.0,kappa,4.975,0.0010094881045062212,0.9982995599865209,0.05231700796741847,True,262144
10.0,kappa,0.025,0.36124364548150045,0.9981886308054336,0.05231700796741847,True,262144
10.0,kappa,0.07500000000000001,1.0017690763164013,0.9981886308054336,0.05231700796741847,True,262144
10.0,kappa,0.125,1.4536954339094785,0.9981886308054336,0.05231700796741847,True,262144
10.0,kappa,0.17500000000000002,1.6132113443184246,0.9981886308054336,0.05231700796741847,True,262144
10.0,kappa,0.225,1.6169535789645433,0.9981886308054336,0.05231700796741847,True,262144
10.0,kappa,0.275,1.5444111894846202,0.9981886308054336,0.05231700796741847,True,262144
10.0,kappa,0.32500000000000007,1.4432712863401767,0.9981886308054336,0.05231700796741847,True,262144
10.0,kappa,0.375,1.277732001716263,0.9981886308054336,0.05231700796741847,True,262144
10.0,kappa,0.42500000000000004,1.136524813552609,0.9981886308054336,0.05231700796741847,True,262144
10.0,kappa,0.475,0.9997687298701333,0.9981886308054336,0.05231700796741847,True,262144
10.0,kappa,0.525,0.8609036537719935,0.9981886308054336,0.05231700796741847,True,262144
10.0,kappa,0.5750000000000001,0.7579846220775582,0.9981886308054336,0.05231700796741847,True,262144
10.0,kappa,0.625,0.6603780275034279,0.9981886308054336,0.05231700796741847,True,262144
10.0,kappa,0.675,0.5773618717920228,0.9981886308054336,0.05231700796741847,True,262144
10.0,kappa,0.7250000000000001,0.5072181621753916,0.9981886308054336,0.05231700796741847,True,262144
10.0,kappa,0.775,0.44320460871666384,0.9981886308054336,0.05231700796741847,True,262144
10.0,kappa,0.8250000000000001,0.3883624347224845,0.9981886308054336,0.05231700796741847,True,262144
10.0,kappa,0.875,0.3430080631084216,0.9981886308054336,0.05231700796741847,True,262144
10.0,kappa,0.925,0.29848303511065494,0.9981886308054336,0.05231700796741847,True,262144
10.0,kappa,0.9750000000000001,0.26457285721397594,0.9981886308054336,0.05231700796741847,True,262144
10.0,kappa,1.025,0.22988496791005933,0.9981886308054336,0.05231700796741847,True,262144
10.0,kappa,1.0750000000000002,0.2078518656783294,0.9981886308054336,0.05231700796741847,True,262144
10.0,kappa,1.125,0.1898177475759116,0.9981886308054336,0.05231700796741847,True,262144
10.0,kappa,1.1750000000000003,0.1612953577598933,0.9981886308054336,0.05231700796741847,True,262144
10.0,kappa,1.225,0.14827818841594864,0.9981886308054336,0.05231700796741847,True,262144
10.0,kappa,1.275,0.13669483061244986,0.9981886308054336,0.05231700796741847,True,262144
10.0,kappa,1.3250000000000002,0.1147230412620384,0.9981886308054336,0.05231700796741847,True,262144
10.0,kappa,1.375,0.10596632482542769,0.9981886308054336,0.05231700796741847,True,262144
10.0,kappa,1.4250000000000003,0.09736655968299936,0.9981886308054336,0.05231700796741847,True,262144
10.0,kappa,1.475,0.08136516534151494,0.9981886308054336,0.05231700796741847,True,262144
10.0,kappa,1.525,0.07656867961480707,0.9981886308054336,0.05231700796741847,True,262144
10.0,kappa,1.5750000000000002,0.06744225713363991,0.9981886308054336,0.05231700796741847,True,262144
10.0,kappa,1.625,0.06168680741026865,0.9981886308054336,0.05231700796741847,True,262144
10.0,kappa,1.6750000000000003,0.05837915804303691,0.9981886308054336,0.05231700796741847,True,262144
10.0,kappa,1.725,0.05185181539209336,0.9981886308054336,0.05231700796741847,True,262144
10.0,kappa,1.775,0.046658127327542966,0.9981886308054336,0.05231700796741847,True,262144
10.0,kappa,1.8250000000000002,0.04101620599232768,0.9981886308054336,0.05231700796741847,True,262144
10.0,kappa,1.875,0.037855966064111034,0.9981886308054336,0.05231700796741847,True,262144
10.0,kappa,1.9250000000000003,0.03449347421772325,0.9981886308054336,0.05231700796741847,True,262144
10.0,kappa,1.975,0.03313804386960484,0.9981886308054336,0.05231700796741847,True,262144
10.0,kappa,2.0250000000000004,0.02972765977476324,0.9981886308054336,0.05231700796741847,True,262144
10.0,kappa,2.075,0.02542563927761969,0.9981886308054336,0.05231700796741847,True,262144
10.0,kappa,2.125,0.02499460011557778,0.9981886308054336,0.05231700796741847,True,262144
10.0,kappa,2.175,0.024560219611069037,0.9981886308054336,0.05231700796741847,True,262144
10.0,kappa,2.225,0.020577092287467475,0.9981886308054336,0.05231700796741847,True,262144
10.0,kappa,2.2750000000000004,0.020517546946166865,0.9981886308054336,0.05231700796741847,True,262144
10.0,kappa,2.325,0.01909602216199307,0.9981886308054336,0.05231700796741847,True,262144
10.0,kappa,2.375,0.017424580734299228,0.9981886308054336,0.05231700796741847,True,262144
10.0,kappa,2.4250000000000003,0.016443331210582904,0.9981886308054336,0.05231700796741847,True,262144
10.0,kappa,2.475,0.014457950286262984,0.9981886308054336,0.05231700796741847,True,262144
10.0,kappa,2.5250000000000004,0.013047520856622924,0.9981886308054336,0.05231700796741847,True,262144
10.0,kappa,2.575,0.012446257809358645,0.9981886308054336,0.05231700796741847,True,262144
10.0,kappa,2.625,0.01244613129922846,0.9981886308054336,0.05231700796741847,True,262144
10.0,kappa,2.6750000000000003,0.01037959416217013,0.9981886308054336,0.05231700796741847,True,262144
10.0,kappa,2.725,0.011510444351498,0.9981886308054336,0.05231700796741847,True,262144
10.0,kappa,2.7750000000000004,0.008748431821929123,0.9981886308054336,0.05231700796741847,True,262144
10.0,kappa,2.825,0.008984149883406286,0.9981886308054336,0.05231700796741847,True,262144
10.0,kappa,2.875,0.008508240481604907,0.9981886308054336,0.05231700796741847,True,262144
10.0,kappa,2.9250000000000003,0.008339061491519107,0.9981886308054336,0.05231700796741847,True,262144
10.0,kappa,2.975,0.007680092106119456,0.9981886308054336,0.05231700796741847,True,262144
10.0,kappa,3.0250000000000004,0.008336681104120548,0.9981886308054336,0.05231700796741847,True,262144
10.0,kappa,3.075,0.006186664279057485,0.9981886308054336,0.05231700796741847,True,262144
10.0,kappa,3.125,0.0057878957836379205,0.9981886308054336,0.05231700796741847,True,262144
10.0,kappa,3.1750000000000003,0.005289175663548899,0.9981886308054336,0.05231700796741847,True,262144
10.0,kappa,3.225,0.005787037201355014,0.9981886308054336,0.05231700796741847,True,262144
10.0,kappa,3.2750000000000004,0.0050261048664158306,0.9981886308054336,0.05231700796741847,True,262144
10.0,kappa,3.325,0.00517868950906276,0.9981886308054336,0.05231700796741847,True,262144
10.0,kappa,3.375,0.004534270154725693,0.9981886308054336,0.05231700796741847,True,262144
10.0,kappa,3.4250000000000003,0.00472610426702813,0.9981886308054336,0.05231700796741847,True,262144
10.0,kappa,3.475,0.004158681761994382,0.9981886308054336,0.05231700796741847,True,262144
10.0,kappa,3.5250000000000004,0.004463192527756567,0.9981886308054336,0.05231700796741847,True,262144
10.0,kappa,3.575,0.0032003009384333142,0.9981886308054336,0.05231700796741847,True,262144
10.0,kappa,3.625,0.003215343559884265,0.9981886308054336,0.05231700796741847,True,262144
10.0,kappa,3.6750000000000003,0.0028938926731296613,0.9981886308054336,0.05231700796741847,True,262144
10.0,kappa,3.725,0.0032779817501560776,0.9981886308054336,0.05231700796741847,True,262144
10.0,kappa,3.7750000000000004,0.002885425180886986,0.9981886308054336,0.05231700796741847,True,262144
10.0,kappa,3.825,0.002408693346655092,0.9981886308054336,0.05231700796741847,True,262144
10.0,kappa,3.875,0.003185902842652585,0.9981886308054336,0.05231700796741847,True,262144
10.0,kappa,3.9250000000000003,0.0026002268448800394,0.9981886308054336,0.05231700796741847,True,262144
10.0,kappa,3.975,0.002217719130811674,0.9981886308054336,0.05231700796741847,True,262144
10.0,kappa,4.025,0.0019308872091234842,0.9981886308054336,0.05231700796741847,True,262144
10.0,kappa,4.075,0.0024005109736090747,0.9981886308054336,0.05231700796741847,True,262144
10.0,kappa,4.125,0.0020289117763340123,0.9981886308054336,0.05231700796741847,True,262144
10.0,kappa,4.175000000000001,0.0023261514292532808,0.9981886308054336,0.05231700796741847,True,262144
10.0,kappa,4.225,0.0016508604355768796,0.9981886308054336,0.05231700796741847,True,262144
10.0,kappa,4.275,0.0015124669952432286,0.9981886308054336,0.05231700796741847,True,262144
10.0,kappa,4.325,0.0016869070892005726,0.9981886308054336,0.05231700796741847,True,262144
10.0,kappa,4.375,0.0018123711151658822,0.9981886308054336,0.05231700796741847,True,262144
10.0,kappa,4.425000000000001,0.0016916765426931138,0.9981886308054336,0.05231700796741847,True,262144
10.0,kappa,4.475,0.0014414553070538193,0.9981886308054336,0.05231700796741847,True,262144
10.0,kappa,4.525,0.0013036086176623223,0.9981886308054336,0.05231700796741847,True,262144
10.0,kappa,4.575,0.0015295726432728867,0.9981886308054336,0.05231700796741847,True,262144
10.0,kappa,4.625,0.001383326733427827,0.9981886308054336,0.05231700796741847,True,262144
10.0,kappa,4.675000000000001,0.0013497620745801615,0.9981886308054336,0.05231700796741847,True,262144
10.0,kappa,4.725,0.001441444432697884,0.9981886308054336,0.05231700796741847,True,262144
10.0,kappa,4.775,0.0009399966726825519,0.9981886308054336,0.05231700796741847,True,262144
10.0,kappa,4.825000000000001,0.0011549770946204067,0.9981886308054336,0.05231700796741847,True,262144
10.0,kappa,4.875,0.00126326392078281,0.9981886308054336,0.05231700796741847,True,262144
10.0,kappa,4.925000000000001,0.0009273267044999189,0.9981886308054336,0.05231700796741847,True,262144
10.0,kappa,4.975,0.0009295680092668509,0.9981886308054336,0.05231700796741847,True,262144
24.0,kappa,0.025,0.5074900158234932,0.9975244890193212,0.05231700796741847,True,262144
24.0,kappa,0.07500000000000001,1.3539020819604854,0.9975244890193212,0.05231700796741847,True,262144
24.0,kappa,0.125,1.733013375540369,0.9975244890193212,0.05231700796741847,True,262144
24.0,kappa,0.17500000000000002,1.7943579975618023,0.9975244890193212,0.05231700796741847,True,262144
24.0,kappa,0.225,1.655996596182858,0.9975244890193212,0.05231700796741847,True,262144
24.0,kappa,0.275,1.4976001146780464,0.9975244890193212,0.05231700796741847,True,262144
24.0,kappa,0.32500000000000007,1.3123185317902848,0.9975244890193212,0.05231700796741847,True,262144
24.0,kappa,0.375,1.1169022492150462,0.9975244890193212,0.05231700796741847,True,262144
24.0,kappa,0.42500000000000004,0.98699002166925,0.9975244890193212,0.05231700796741847,True,262144
24.0,kappa,0.475,0.8630625562805707,0.9975244890193212,0.05231700796741847,True,262144
24.0,kappa,0.525,0.7268559927913263,0.9975244890193212,0.05231700796741847,True,262144
24.0,kappa,0.5750000000000001,0.6544902240108588,0.9975244890193212,0.05231700796741847,True,262144
24.0,kappa,0.625,0.5749872833052986,0.9975244890193212,0.05231700796741847,True,262144
24.0,kappa,0.675,0.4968099381642881,0.9975244890193212,0.05231700796741847,True,262144
24.0,kappa,0.7250000000000001,0.4435234532067324,0.9975244890193212,0.05231700796741847,True,262144
24.0,kappa,0.775,0.3901791246775494,0.9975244890193212,0.05231700796741847,True,262144
24.0,kappa,0.8250000000000001,0.3572776222622783,0.9975244890193212,0.05231700796741847,True,262144
24.0,kappa,0.875,0.3156176880942594,0.9975244890193212,0.05231700796741847,True,262144
24.0,kappa,0.925,0.2800372493009374,0.9975244890193212,0.05231700796741847,True,262144
24.0,kappa,0.9750000000000001,0.2575317632098794,0.9975244890193212,0.05231700796741847,True,262144
24.0,kappa,1.025,0.22713677451961028,0.9975244890193212,0.05231700796741847,True,262144
24.0,kappa,1.0750000000000002,0.20460945482855564,0.9975244890193212,0.05231700796741847,True,262144
24.0,kappa,1.125,0.17411766110656207,0.9975244890193212,0.05231700796741847,True,262144
24.0,kappa,1.1750000000000003,0.1644042779397535,0.9975244890193212,0.05231700796741847,True,262144
24.0,kappa,1.225,0.15425968599844037,0.9975244890193212,0.05231700796741847,True,262144
24.0,kappa,1.275,0.13160558585037493,0.9975244890193212,0.05231700796741847,True,262144
24.0,kappa,1.3250000000000002,0.12081754361388977,0.9975244890193212,0.05231700796741847,True,262144
24.0,kappa,1.375,0.11073719317926653,0.9975244890193212,0.05231700796741847,True,262144
24.0,kappa,1.4250000000000003,0.1031670555085914,0.9975244890193212,0.05231700796741847,True,262144
24.0,kappa,1.475,0.09468340588222211,0.9975244890193212,0.05231700796741847,True,262144
24.0,kappa,1.525,0.08523490820355355,0.9975244890193212,0.05231700796741847,True,262144
24.0,kappa,1.5750000000000002,0.07914377984812469,0.9975244890193212,0.05231700796741847,True,262144
24.0,kappa,1.625,0.07169787861257157,0.9975244890193212,0.05231700796741847,True,262144
24.0,kappa,1.6750000000000003,0.06596715638414648,0.9975244890193212,0.05231700796741847,True,262144
24.0,kappa,1.725,0.05966790468434605,0.9975244890193212,0.05231700796741847,True,262144
24.0,kappa,1.775,0.055901518995970075,0.9975244890193212,0.05231700796741847,True,262144
24.0,kappa,1.8250000000000002,0.04892870889159123,0.9975244890193212,0.05231700796741847,True,262144
24.0,kappa,1.875,0.04722842232160465,0.9975244890193212,0.05231700796741847,True,262144
24.0,kappa,1.9250000000000003,0.04003204709840027,0.9975244890193212,0.05231700796741847,True,262144
24.0,kappa,1.975,0.039447550413659674,0.9975244890193212,0.05231700796741847,True,262144
24.0,kappa,2.0250000000000004,0.0371632579933794,0.9975244890193212,0.05231700796741847,True,262144
24.0,kappa,2.075,0.033006545768240046,0.9975244890193212,0.05231700796741847,True,262144
24.0,kappa,2.125,0.03323799274816348,0.9975244890193212,0.05231700796741847,True,262144
24.0,kappa,2.175,0.02746075717606247,0.9975244890193212,0.05231700796741847,True,262144
24.0,kappa,2.225,0.027154178922704376,0.9975244890193212,0.05231700796741847,True,262144
24.0,kappa,2.2750000000000004,0.023219186284361974,0.9975244890193212,0.05231700796741847,True,262144
24.0,kappa,2.325,0.023332518400183407,0.9975244890193212,0.05231700796741847,True,262144
24.0,kappa,2.375,0.020948196714624813,0.9975244890193212,0.05231700796741847,True,262144
24.0,kappa,2.4250000000000003,0.01758913446578288,0.9975244890193212,0.05231700796741847,True,262144
24.0,kappa,2.475,0.017836157667563753,0.9975244890193212,0.05231700796741847,True,262144
24.0,kappa,2.5250000000000004,0.016914278233346187,0.9975244890193212,0.05231700796741847,True,262144
24.0,kappa,2.575,0.01610474246217462,0.9975244890193212,0.05231700796741847,True,262144
24.0,kappa,2.625,0.013742564299194284,0.9975244890193212,0.05231700796741847,True,262144
24.0,kappa,2.6750000000000003,0.012618582722835753,0.9975244890193212,0.05231700796741847,True,262144
24.0,kappa,2.725,0.014272409670826939,0.9975244890193212,0.05231700796741847,True,262144
24.0,kappa,2.7750000000000004,0.013313589211614546,0.9975244890193212,0.05231700796741847,True,262144
24.0,kappa,2.825,0.011552672189594033,0.9975244890193212,0.05231700796741847,True,262144
24.0,kappa,2.875,0.011042612814240713,0.9975244890193212,0.05231700796741847,True,262144
24.0,kappa,2.9250000000000003,0.010480650780248953,0.9975244890193212,0.05231700796741847,True,262144
24.0,kappa,2.975,0.010402589956173526,0.9975244890193212,0.05231700796741847,True,262144
24.0,kappa,3.0250000000000004,0.009792859745321804,0.9975244890193212,0.05231700796741847,True,262144
24.0,kappa,3.075,0.008981974578184887,0.9975244890193212,0.05231700796741847,True,262144
24.0,kappa,3.125,0.008244484500136845,0.9975244890193212,0.05231700796741847,True,262144
24.0,kappa,3.1750000000000003,0.00812102325692442,0.9975244890193212,0.05231700796741847,True,262144
24.0,kappa,3.225,0.007671032902789465,0.9975244890193212,0.05231700796741847,True,262144
24.0,kappa,3.2750000000000004,0.0074841068536373075,0.9975244890193212,0.05231700796741847,True,262144
24.0,kappa,3.325,0.0065819379405089576,0.9975244890193212,0.05231700796741847,True,262144
24.0,kappa,3.375,0.006516873351314918,0.9975244890193212,0.05231700796741847,True,262144
24.0,kappa,3.4250000000000003,0.005358612049478621,0.9975244890193212,0.05231700796741847,True,262144
24.0,kappa,3.475,0.00601557975820922,0.9975244890193212,0.05231700796741847,True,262144
24.0,kappa,3.5250000000000004,0.005838813843391304,0.9975244890193212,0.05231700796741847,True,262144
24.0,kappa,3.575,0.005263736377772228,0.9975244890193212,0.05231700796741847,True,262144
24.0,kappa,3.625,0.004221391734297794,0.9975244890193212,0.05231700796741847,True,262144
24.0,kappa,3.6750000000000003,0.0048151362545536805,0.9975244890193212,0.05231700796741847,True,262144
24.0,kappa,3.725,0.004813440910077563,0.9975244890193212,0.05231700796741847,True,262144
24.0,kappa,3.7750000000000004,0.003923447429386688,0.9975244890193212,0.05231700796741847,True,262144
24.0,kappa,3.825,0.0038509379840058616,0.9975244890193212,0.05231700796741847,True,262144
24.0,kappa,3.875,0.0042719791178498934,0.9975244890193212,0.05231700796741847,True,262144
24.0,kappa,3.9250000000000003,0.003821788308481178,0.9975244890193212,0.05231700796741847,True,262144
24.0,kappa,3.975,0.0028578158909710397,0.9975244890193212,0.05231700796741847,True,262144
24.0,kappa,4.025,0.002893724783035429,0.9975244890193212,0.05231700796741847,True,262144
24.0,kappa,4.075,0.0029476826269041303,0.9975244890193212,0.05231700796741847,True,262144
24.0,kappa,4.125,0.0034984791934204347,0.9975244890193212,0.05231700796741847,True,262144
24.0,kappa,4.175000000000001,0.0027360037353117237,0.9975244890193212,0.05231700796741847,True,262144
24.0,kappa,4.225,0.00232383394214784,0.9975244890193212,0.05231700796741847,True,262144
24.0,kappa,4.275,0.0021796740039992787,0.9975244890193212,0.05231700796741847,True,262144
24.0,kappa,4.325,0.00228340440769781,0.9975244890193212,0.05231700796741847,True,262144
24.0,kappa,4.375,0.0025731818764314174,0.9975244890193212,0.05231700796741847,True,262144
24.0,kappa,4.425000000000001,0.0024181167078515197,0.9975244890193212,0.05231700796741847,True,262144
24.0,kappa,4.475,0.0021020265197938108,0.9975244890193212,0.05231700796741847,True,262144
24.0,kappa,4.525,0.0025179920195237526,0.9975244890193212,0.05231700796741847,True,262144
24.0,kappa,4.575,0.0018462117999031781,0.9975244890193212,0.05231700796741847,True,262144
24.0,kappa,4.625,0.0020628197684782424,0.9975244890193212,0.05231700796741847,True,262144
24.0,kappa,4.675000000000001,0.0018187798417236957,0.9975244890193212,0.05231700796741847,True,262144
24.0,kappa,4.725,0.001123404901240887,0.9975244890193212,0.05231700796741847,True,262144
24.0,kappa,4.775,0.0017366003446134305,0.9975244890193212,0.05231700796741847,True,262144
24.0,kappa,4.825000000000001,0.0016294839517590892,0.9975244890193212,0.05231700796741847,True,262144
24.0,kappa,4.875,0.0016835837645469756,0.9975244890193212,0.05231700796741847,True,262144
24.0,kappa,4.925000000000001,0.0011718632354538036,0.9975244890193212,0.05231700796741847,True,262144
24.0,kappa,4.975,0.0013709280871278353,0.9975244890193212,0.05231700796741847,True,262144
40.0,kappa,0.025,0.6988090129154659,0.9963298433295544,0.05231700796741847,True,262144
40.0,kappa,0.07500000000000001,1.7229810308356508,0.9963298433295544,0.05231700796741847,True,262144
40.0,kappa,0.125,2.0268670968731244,0.9963298433295544,0.05231700796741847,True,262144
40.0,kappa,0.17500000000000002,1.899162978656043,0.9963298433295544,0.05231700796741847,True,262144
40.0,kappa,0.225,1.6375826550220047,0.9963298433295544,0.05231700796741847,True,262144
40.0,kappa,0.275,1.411533386644762,0.9963298433295544,0.05231700796741847,True,262144
40.0,kappa,0.32500000000000007,1.1727768345186746,0.9963298433295544,0.05231700796741847,True,262144
40.0,kappa,0.375,0.9960917809447901,0.9963298433295544,0.05231700796741847,True,262144
40.0,kappa,0.42500000000000004,0.8447694756419383,0.9963298433295544,0.05231700796741847,True,262144
40.0,kappa,0.475,0.7282262892173187,0.9963298433295544,0.05231700796741847,True,262144
40.0,kappa,0.525,0.6537386377885204,0.9963298433295544,0.05231700796741847,True,262144
40.0,kappa,0.5750000000000001,0.5491509971303573,0.9963298433295544,0.05231700796741847,True,262144
40.0,kappa,0.625,0.49790016871841214,0.9963298433295544,0.05231700796741847,True,262144
40.0,kappa,0.675,0.4285571822112279,0.9963298433295544,0.05231700796741847,True,262144
40.0,kappa,0.7250000000000001,0.38462059422366546,0.9963298433295544,0.05231700796741847,True,262144
40.0,kappa,0.775,0.3461418698834064,0.9963298433295544,0.05231700796741847,True,262144
40.0,kappa,0.8250000000000001,0.3145139852038772,0.9963298433295544,0.05231700796741847,True,262144
40.0,kappa,0.875,0.28179951622966604,0.9963298433295544,0.05231700796741847,True,262144
40.0,kappa,0.925,0.2623696386534714,0.9963298433295544,0.05231700796741847,True,262144
40.0,kappa,0.9750000000000001,0.23205566721350146,0.9963298433295544,0.05231700796741847,True,262144
40.0,kappa,1.025,0.21063985609484792,0.9963298433295544,0.05231700796741847,True,262144
40.0,kappa,1.0750000000000002,0.19116284198694822,0.9963298433295544,0.05231700796741847,True,262144
40.0,kappa,1.125,0.1785013298967984,0.9963298433295544,0.05231700796741847,True,262144
40.0,kappa,1.1750000000000003,0.16127886476228742,0.9963298433295544,0.05231700796741847,True,262144
40.0,kappa,1.225,0.14618100134853523,0.9963298433295544,0.05231700796741847,True,262144
40.0,kappa,1.275,0.132563526436861,0.9963298433295544,0.05231700796741847,True,262144
40.0,kappa,1.3250000000000002,0.12346517782869412,0.9963298433295544,0.05231700796741847,True,262144
40.0,kappa,1.375,0.11175110712817152,0.9963298433295544,0.05231700796741847,True,262144
40.0,kappa,1.4250000000000003,0.10870610888024547,0.9963298433295544,0.05231700796741847,True,262144
40.0,kappa,1.475,0.10213583770918777,0.9963298433295544,0.05231700796741847,True,262144
40.0,kappa,1.525,0.08841171934676804,0.9963298433295544,0.05231700796741847,True,262144
40.0,kappa,1.5750000000000002,0.08177208399959558,0.9963298433295544,0.05231700796741847,True,262144
40.0,kappa,1.625,0.07748926715963564,0.9963298433295544,0.05231700796741847,True,262144
40.0,kappa,1.6750000000000003,0.06940170276479683,0.9963298433295544,0.05231700796741847,True,262144
40.0,kappa,1.725,0.06775881203817527,0.9963298433295544,0.05231700796741847,True,262144
40.0,kappa,1.775,0.06088307982836838,0.9963298433295544,0.05231700796741847,True,262144
40.0,kappa,1.8250000000000002,0.05531544588043005,0.9963298433295544,0.05231700796741847,True,262144
40.0,kappa,1.875,0.0515385468933257,0.9963298433295544,0.05231700796741847,True,262144
40.0,kappa,1.9250000000000003,0.05318943825306415,0.9963298433295544,0.05231700796741847,True,262144
40.0,kappa,1.975,0.0468622435691016,0.9963298433295544,0.05231700796741847,True,262144
40.0,kappa,2.0250000000000004,0.04474899881157588,0.9963298433295544,0.05231700796741847,True,262144
40.0,kappa,2.075,0.04162663943018204,0.9963298433295544,0.05231700796741847,True,262144
40.0,kappa,2.125,0.037706258248204366,0.9963298433295544,0.05231700796741847,True,262144
40.0,kappa,2.175,0.03629573133796311,0.9963298433295544,0.05231700796741847,True,262144
40.0,kappa,2.225,0.0322927469613536,0.9963298433295544,0.05231700796741847,True,262144
40.0,kappa,2.2750000000000004,0.02938145882040135,0.9963298433295544,0.05231700796741847,True,262144
40.0,kappa,2.325,0.027422246248667702,0.9963298433295544,0.05231700796741847,True,262144
40.0,kappa,2.375,0.02776407992347173,0.9963298433295544,0.05231700796741847,True,262144
40.0,kappa,2.4250000000000003,0.025519359415097524,0.9963298433295544,0.05231700796741847,True,262144
40.0,kappa,2.475,0.022523623364475016,0.9963298433295544,0.05231700796741847,True,262144
40.0,kappa,2.5250000000000004,0.021448598707729763,0.9963298433295544,0.05231700796741847,True,262144
40.0,kappa,2.575,0.022204895240229623,0.9963298433295544,0.05231700796741847,True,262144
40.0,kappa,2.625,0.020414523072046848,0.9963298433295544,0.05231700796741847,True,262144
40.0,kappa,2.6750000000000003,0.019852251574632798,0.9963298433295544,0.05231700796741847,True,262144
40.0,kappa,2.725,0.017613302337902943,0.9963298433295544,0.05231700796741847,True,262144
40.0,kappa,2.7750000000000004,0.015427263255580042,0.9963298433295544,0.05231700796741847,True,262144
40.0,kappa,2.825,0.01475443018230424,0.9963298433295544,0.05231700796741847,True,262144
40.0,kappa,2.875,0.01301520710730416,0.9963298433295544,0.05231700796741847,True,262144
40.0,kappa,2.9250000000000003,0.01364884815459596,0.9963298433295544,0.05231700796741847,True,262144
40.0,kappa,2.975,0.01162024630083857,0.9963298433295544,0.05231700796741847,True,262144
40.0,kappa,3.0250000000000004,0.012754286365303565,0.9963298433295544,0.05231700796741847,True,262144
40.0,kappa,3.075,0.010696134772977865,0.9963298433295544,0.05231700796741847,True,262144
40.0,kappa,3.125,0.011183997423896933,0.9963298433295544,0.05231700796741847,True,262144
40.0,kappa,3.1750000000000003,0.009327204778936539,0.9963298433295544,0.05231700796741847,True,262144
40.0,kappa,3.225,0.009256456296946883,0.9963298433295544,0.05231700796741847,True,262144
40.0,kappa,3.2750000000000004,0.010038320114367578,0.9963298433295544,0.05231700796741847,True,262144
40.0,kappa,3.325,0.00891927463539515,0.9963298433295544,0.05231700796741847,True,262144
40.0,kappa,3.375,0.008058572495871807,0.9963298433295544,0.05231700796741847,True,262144
40.0,kappa,3.4250000000000003,0.008559911314416276,0.9963298433295544,0.05231700796741847,True,262144
40.0,kappa,3.475,0.007640103687946857,0.9963298433295544,0.05231700796741847,True,262144
40.0,kappa,3.5250000000000004,0.0073751167014795916,0.9963298433295544,0.05231700796741847,True,262144
40.0,kappa,3.575,0.007314247256472946,0.9963298433295544,0.05231700796741847,True,262144
40.0,kappa,3.625,0.006338192455310966,0.9963298433295544,0.05231700796741847,True,262144
40.0,kappa,3.6750000000000003,0.006325738400995277,0.9963298433295544,0.05231700796741847,True,262144
40.0,kappa,3.725,0.006074536430671269,0.9963298433295544,0.05231700796741847,True,262144
40.0,kappa,3.7750000000000004,0.00545532187199298,0.9963298433295544,0.05231700796741847,True,262144
40.0,kappa,3.825,0.006642436730847228,0.9963298433295544,0.05231700796741847,True,262144
40.0,kappa,3.875,0.005480450901153485,0.9963298433295544,0.05231700796741847,True,262144
40.0,kappa,3.9250000000000003,0.0051884034456886035,0.9963298433295544,0.05231700796741847,True,262144
40.0,kappa,3.975,0.004024071000069681,0.9963298433295544,0.05231700796741847,True,262144
40.0,kappa,4.025,0.005229561027362068,0.9963298433295544,0.05231700796741847,True,262144
40.0,kappa,4.075,0.005492069859931841,0.9963298433295544,0.05231700796741847,True,262144
40.0,kappa,4.125,0.004488046647490365,0.9963298433295544,0.05231700796741847,True,262144
40.0,kappa,4.175000000000001,0.0037305592130059692,0.9963298433295544,0.05231700796741847,True,262144
40.0,kappa,4.225,0.0037471497181499657,0.9963298433295544,0.05231700796741847,True,262144
40.0,kappa,4.275,0.003926216814474932,0.9963298433295544,0.05231700796741847,True,262144
40.0,kappa,4.325,0.003363677464951728,0.9963298433295544,0.05231700796741847,True,262144
40.0,kappa,4.375,0.0036442026903908097,0.9963298433295544,0.05231700796741847,True,262144
40.0,kappa,4.425000000000001,0.0031222764281425824,0.9963298433295544,0.05231700796741847,True,262144
40.0,kappa,4.475,0.0040287055861055535,0.9963298433295544,0.05231700796741847,True,262144
40.0,kappa,4.525,0.003358535565316631,0.9963298433295544,0.05231700796741847,True,262144
40.0,kappa,4.575,0.002598353436157485,0.9963298433295544,0.05231700796741847,True,262144
40.0,kappa,4.625,0.0024578019135619504,0.9963298433295544,0.05231700796741847,True,262144
40.0,kappa,4.675000000000001,0.002775580526210634,0.9963298433295544,0.05231700796741847,True,262144
40.0,kappa,4.725,0.0025428552708029817,0.9963298433295544,0.05231700796741847,True,262144
40.0,kappa,4.775,0.0023902090658283084,0.9963298433295544,0.05231700796741847,True,262144
40.0,kappa,4.825000000000001,0.0020902705729315867,0.9963298433295544,0.05231700796741847,True,262144
40.0,kappa,4.875,0.0024200865808720997,0.9963298433295544,0.05231700796741847,True,262144
40.0,kappa,4.925000000000001,0.002269029961643382,0.9963298433295544,0.05231700796741847,True,262144
40.0,kappa,4.975,0.0023314023407395084,0.9963298433295544,0.05231700796741847,True,262144
55.0,kappa,0.025,0.6100476395295993,0.9935143485488431,0.05231700796741847,True,262144
55.0,kappa,0.07500000000000001,1.5422901123668278,0.9935143485488431,0.05231700796741847,True,262144
55.0,kappa,0.125,1.8473221544923735,0.9935143485488431,0.05231700796741847,True,262144
55.0,kappa,0.17500000000000002,1.7889350529890093,0.9935143485488431,0.05231700796741847,True,262144
55.0,kappa,0.225,1.5656382221691127,0.9935143485488431,0.05231700796741847,True,262144
55.0,kappa,0.275,1.3458571740750096,0.9935143485488431,0.05231700796741847,True,262144
55.0,kappa,0.32500000000000007,1.1378251092132468,0.9935143485488431,0.05231700796741847,True,262144
55.0,kappa,0.375,0.9771038208028919,0.9935143485488431,0.05231700796741847,True,262144
55.0,kappa,0.42500000000000004,0.8427369925851551,0.9935143485488431,0.05231700796741847,True,262144
55.0,kappa,0.475,0.7211876323538875,0.9935143485488431,0.05231700796741847,True,262144
55.0,kappa,0.525,0.6364262545112752,0.9935143485488431,0.05231700796741847,True,262144
55.0,kappa,0.5750000000000001,0.5650139728983589,0.9935143485488431,0.05231700796741847,True,262144
55.0,kappa,0.625,0.49414036193056476,0.9935143485488431,0.05231700796741847,True,262144
55.0,kappa,0.675,0.4364855089131527,0.9935143485488431,0.05231700796741847,True,262144
55.0,kappa,0.7250000000000001,0.4006040376929993,0.9935143485488431,0.05231700796741847,True,262144
55.0,kappa,0.775,0.35927795669404206,0.9935143485488431,0.05231700796741847,True,262144
55.0,kappa,0.8250000000000001,0.32292449580329197,0.9935143485488431,0.05231700796741847,True,262144
55.0,kappa,0.875,0.29304574819789747,0.9935143485488431,0.05231700796741847,True,262144
55.0,kappa,0.925,0.2622124661360667,0.9935143485488431,0.05231700796741847,True,262144
55.0,kappa,0.9750000000000001,0.24717243099456843,0.9935143485488431,0.05231700796741847,True,262144
55.0,kappa,1.025,0.22756401735200701,0.9935143485488431,0.05231700796741847,True,262144
55.0,kappa,1.0750000000000002,0.21366097734705447,0.9935143485488431,0.05231700796741847,True,262144
55.0,kappa,1.125,0.19827218144340633,0.9935143485488431,0.05231700796741847,True,262144
55.0,kappa,1.1750000000000003,0.17075109969847782,0.9935143485488431,0.05231700796741847,True,262144
55.0,kappa,1.225,0.17028963089023155,0.9935143485488431,0.05231700796741847,True,262144
55.0,kappa,1.275,0.14938916745027891,0.9935143485488431,0.05231700796741847,True,262144
55.0,kappa,1.3250000000000002,0.13784948566758387,0.9935143485488431,0.05231700796741847,True,262144
55.0,kappa,1.375,0.13036780337932954,0.9935143485488431,0.05231700796741847,True,262144
55.0,kappa,1.4250000000000003,0.12302022709802347,0.9935143485488431,0.05231700796741847,True,262144
55.0,kappa,1.475,0.1114857645562258,0.9935143485488431,0.05231700796741847,True,262144
55.0,kappa,1.525,0.10370882731110936,0.9935143485488431,0.05231700796741847,True,262144
55.0,kappa,1.5750000000000002,0.09607867402043575,0.9935143485488431,0.05231700796741847,True,262144
55.0,kappa,1.625,0.09403249669620183,0.9935143485488431,0.05231700796741847,True,262144
55.0,kappa,1.6750000000000003,0.08870647476806162,0.9935143485488431,0.05231700796741847,True,262144
55.0,kappa,1.725,0.08256403764666113,0.9935143485488431,0.05231700796741847,True,262144
55.0,kappa,1.775,0.07765011407619174,0.9935143485488431,0.05231700796741847,True,262144
55.0,kappa,1.8250000000000002,0.0730169069950109,0.9935143485488431,0.05231700796741847,True,262144
55.0,kappa,1.875,0.06965952467883008,0.9935143485488431,0.05231700796741847,True,262144
55.0,kappa,1.9250000000000003,0.06622054383287142,0.9935143485488431,0.05231700796741847,True,262144
55.0,kappa,1.975,0.058846587532026956,0.9935143485488431,0.05231700796741847,True,262144
55.0,kappa,2.0250000000000004,0.05628210524278621,0.9935143485488431,0.05231700796741847,True,262144
55.0,kappa,2.075,0.05124286151501796,0.9935143485488431,0.05231700796741847,True,262144
55.0,kappa,2.125,0.04820195559611515,0.9935143485488431,0.05231700796741847,True,262144
55.0,kappa,2.175,0.04599956926453935,0.9935143485488431,0.05231700796741847,True,262144
55.0,kappa,2.225,0.043490059846276116,0.9935143485488431,0.05231700796741847,True,262144
55.0,kappa,2.2750000000000004,0.0421428685941133,0.9935143485488431,0.05231700796741847,True,262144
55.0,kappa,2.325,0.040779472465157354,0.9935143485488431,0.05231700796741847,True,262144
55.0,kappa,2.375,0.03829487117357043,0.9935143485488431,0.05231700796741847,True,262144
55.0,kappa,2.4250000000000003,0.03640018135654868,0.9935143485488431,0.05231700796741847,True,262144
55.0,kappa,2.475,0.03097082928601923,0.9935143485488431,0.05231700796741847,True,262144
55.0,kappa,2.5250000000000004,0.032290246309006274,0.9935143485488431,0.05231700796741847,True,262144
55.0,kappa,2.575,0.030646905273000524,0.9935143485488431,0.05231700796741847,True,262144
55.0,kappa,2.625,0.02870149538118732,0.9935143485488431,0.05231700796741847,True,262144
55.0,kappa,2.6750000000000003,0.025126342431879896,0.9935143485488431,0.05231700796741847,True,262144
55.0,kappa,2.725,0.0243026253127285,0.9935143485488431,0.05231700796741847,True,262144
55.0,kappa,2.7750000000000004,0.025052630809196477,0.9935143485488431,0.05231700796741847,True,262144
55.0,kappa,2.825,0.02431988996784602,0.9935143485488431,0.05231700796741847,True,262144
55.0,kappa,2.875,0.02222653619786885,0.9935143485488431,0.05231700796741847,True,262144
55.0,kappa,2.9250000000000003,0.019170678958925328,0.9935143485488431,0.05231700796741847,True,262144
55.0,kappa,2.975,0.020474869462442268,0.9935143485488431,0.05231700796741847,True,262144
55.0,kappa,3.0250000000000004,0.01904218112884305,0.9935143485488431,0.05231700796741847,True,262144
55.0,kappa,3.075,0.016500645352354223,0.9935143485488431,0.05231700796741847,True,262144
55.0,kappa,3.125,0.01562809737165419,0.9935143485488431,0.05231700796741847,True,262144
55.0,kappa,3.1750000000000003,0.017179067903585445,0.9935143485488431,0.05231700796741847,True,262144
55.0,kappa,3.225,0.015574095390593236,0.9935143485488431,0.05231700796741847,True,262144
55.0,kappa,3.2750000000000004,0.014044753496784397,0.9935143485488431,0.05231700796741847,True,262144
55.0,kappa,3.325,0.014147535327305633,0.9935143485488431,0.05231700796741847,True,262144
55.0,kappa,3.375,0.012515296202665543,0.9935143485488431,0.05231700796741847,True,262144
55.0,kappa,3.4250000000000003,0.011036352027076039,0.9935143485488431,0.05231700796741847,True,262144
55.0,kappa,3.475,0.011499696292797627,0.9935143485488431,0.05231700796741847,True,262144
55.0,kappa,3.5250000000000004,0.01128168102360177,0.9935143485488431,0.05231700796741847,True,262144
55.0,kappa,3.575,0.010865872378269465,0.9935143485488431,0.05231700796741847,True,262144
55.0,kappa,3.625,0.010925838494142234,0.9935143485488431,0.05231700796741847,True,262144
55.0,kappa,3.6750000000000003,0.008795648448942987,0.9935143485488431,0.05231700796741847,True,262144
55.0,kappa,3.725,0.009576643431721174,0.9935143485488431,0.05231700796741847,True,262144
55.0,kappa,3.7750000000000004,0.009024513796064778,0.9935143485488431,0.05231700796741847,True,262144
55.0,kappa,3.825,0.009557258523279882,0.9935143485488431,0.05231700796741847,True,262144
55.0,kappa,3.875,0.008535010202992223,0.9935143485488431,0.05231700796741847,True,262144
55.0,kappa,3.9250000000000003,0.007637101201254268,0.9935143485488431,0.05231700796741847,True,262144
55.0,kappa,3.975,0.007833039922339293,0.9935143485488431,0.05231700796741847,True,262144
55.0,kappa,4.025,0.0073928220564700485,0.9935143485488431,0.05231700796741847,True,262144
55.0,kappa,4.075,0.00634855527779724,0.9935143485488431,0.05231700796741847,True,262144
55.0,kappa,4.125,0.006318644895138786,0.9935143485488431,0.05231700796741847,True,262144
55.0,kappa,4.175000000000001,0.006099562736512746,0.9935143485488431,0.05231700796741847,True,262144
55.0,kappa,4.225,0.005357687164348442,0.9935143485488431,0.05231700796741847,True,262144
55.0,kappa,4.275,0.0065931700610469554,0.9935143485488431,0.05231700796741847,True,262144
55.0,kappa,4.325,0.005499638442704046,0.9935143485488431,0.05231700796741847,True,262144
55.0,kappa,4.375,0.006629836702609759,0.9935143485488431,0.05231700796741847,True,262144
55.0,kappa,4.425000000000001,0.004836940083855623,0.9935143485488431,0.05231700796741847,True,262144
55.0,kappa,4.475,0.0052797572838198135,0.9935143485488431,0.05231700796741847,True,262144
55.0,kappa,4.525,0.004545046695800677,0.9935143485488431,0.05231700796741847,True,262144
55.0,kappa,4.575,0.00495952104348049,0.9935143485488431,0.05231700796741847,True,262144
55.0,kappa,4.625,0.004400501700208155,0.9935143485488431,0.05231700796741847,True,262144
55.0,kappa,4.675000000000001,0.004976290078995719,0.9935143485488431,0.05231700796741847,True,262144
55.0,kappa,4.725,0.004415133418973076,0.9935143485488431,0.05231700796741847,True,262144
55.0,kappa,4.775,0.0045658952294361154,0.9935143485488431,0.05231700796741847,True,262144
55.0,kappa,4.825000000000001,0.004272537958169838,0.9935143485488431,0.05231700796741847,True,262144
55.0,kappa,4.875,0.003869277727047088,0.9935143485488431,0.05231700796741847,True,262144
55.0,kappa,4.925000000000001,0.0041393125450746296,0.9935143485488431,0.05231700796741847,True,262144
55.0,kappa,4.975,0.003087830725527016,0.9935143485488431,0.05231700796741847,True,262144
70.0,kappa,0.025,0.3865218528465128,0.9906221335790343,0.05231700796741847,True,262144
70.0,kappa,0.07500000000000001,1.06592305594512,0.9906221335790343,0.05231700796741847,True,262144
70.0,kappa,0.125,1.4050454886503378,0.9906221335790343,0.05231700796741847,True,262144
70.0,kappa,0.17500000000000002,1.5119301983602071,0.9906221335790343,0.05231700796741847,True,262144
70.0,kappa,0.225,1.4477560682165938,0.9906221335790343,0.05231700796741847,True,262144
70.0,kappa,0.275,1.2782141502074034,0.9906221335790343,0.05231700796741847,True,262144
70.0,kappa,0.32500000000000007,1.1317131889898644,0.9906221335790343,0.05231700796741847,True,262144
70.0,kappa,0.375,1.0300403885379037,0.9906221335790343,0.05231700796741847,True,262144
70.0,kappa,0.42500000000000004,0.8808443159711877,0.9906221335790343,0.05231700796741847,True,262144
70.0,kappa,0.475,0.7957148784284821,0.9906221335790343,0.05231700796741847,True,262144
70.0,kappa,0.525,0.7014863919556629,0.9906221335790343,0.05231700796741847,True,262144
70.0,kappa,0.5750000000000001,0.622993833537506,0.9906221335790343,0.05231700796741847,True,262144
70.0,kappa,0.625,0.5454266288193854,0.9906221335790343,0.05231700796741847,True,262144
70.0,kappa,0.675,0.5041410353817561,0.9906221335790343,0.05231700796741847,True,262144
70.0,kappa,0.7250000000000001,0.45819857973727735,0.9906221335790343,0.05231700796741847,True,262144
70.0,kappa,0.775,0.4127127633470604,0.9906221335790343,0.05231700796741847,True,262144
70.0,kappa,0.8250000000000001,0.37630053922276613,0.9906221335790343,0.05231700796741847,True,262144
70.0,kappa,0.875,0.35031198702175864,0.9906221335790343,0.05231700796741847,True,262144
70.0,kappa,0.925,0.3134336398471155,0.9906221335790343,0.05231700796741847,True,262144
70.0,kappa,0.9750000000000001,0.2884709135737095,0.9906221335790343,0.05231700796741847,True,262144
70.0,kappa,1.025,0.2609411633883335,0.9906221335790343,0.05231700796741847,True,262144
70.0,kappa,1.0750000000000002,0.2440026211826916,0.9906221335790343,0.05231700796741847,True,262144
70.0,kappa,1.125,0.22546891302210145,0.9906221335790343,0.05231700796741847,True,262144
70.0,kappa,1.1750000000000003,0.21250514437836693,0.9906221335790343,0.05231700796741847,True,262144
70.0,kappa,1.225,0.20005247779269628,0.9906221335790343,0.05231700796741847,True,262144
70.0,kappa,1.275,0.18592929740589415,0.9906221335790343,0.05231700796741847,True,262144
70.0,kappa,1.3250000000000002,0.17756148106849937,0.9906221335790343,0.05231700796741847,True,262144
70.0,kappa,1.375,0.15506615576284594,0.9906221335790343,0.05231700796741847,True,262144
70.0,kappa,1.4250000000000003,0.14658022576103918,0.9906221335790343,0.05231700796741847,True,262144
70.0,kappa,1.475,0.13835407148699622,0.9906221335790343,0.05231700796741847,True,262144
70.0,kappa,1.525,0.12592963685896194,0.9906221335790343,0.05231700796741847,True,262144
70.0,kappa,1.5750000000000002,0.12193669364266184,0.9906221335790343,0.05231700796741847,True,262144
70.0,kappa,1.625,0.10898561075820029,0.9906221335790343,0.05231700796741847,True,262144
70.0,kappa,1.6750000000000003,0.10410310985151973,0.9906221335790343,0.05231700796741847,True,262144
70.0,kappa,1.725,0.10264122262584824,0.9906221335790343,0.05231700796741847,True,262144
70.0,kappa,1.775,0.09527432348181307,0.9906221335790343,0.05231700796741847,True,262144
70.0,kappa,1.8250000000000002,0.08723230544029134,0.9906221335790343,0.05231700796741847,True,262144
70.0,kappa,1.875,0.0829778610827393,0.9906221335790343,0.05231700796741847,True,262144
70.0,kappa,1.9250000000000003,0.08238799071336841,0.9906221335790343,0.05231700796741847,True,262144
70.0,kappa,1.975,0.07514283922302532,0.9906221335790343,0.05231700796741847,True,262144
70.0,kappa,2.0250000000000004,0.06947864903309585,0.9906221335790343,0.05231700796741847,True,262144
70.0,kappa,2.075,0.07072630474903213,0.9906221335790343,0.05231700796741847,True,262144
70.0,kappa,2.125,0.0657948332987444,0.9906221335790343,0.05231700796741847,True,262144
70.0,kappa,2.175,0.06476439431660269,0.9906221335790343,0.05231700796741847,True,262144
70.0,kappa,2.225,0.05821791789590691,0.9906221335790343,0.05231700796741847,True,262144
70.0,kappa,2.2750000000000004,0.0509564775377841,0.9906221335790343,0.05231700796741847,True,262144
70.0,kappa,2.325,0.05016447566985735,0.9906221335790343,0.05231700796741847,True,262144
70.0,kappa,2.375,0.04916003237310443,0.9906221335790343,0.05231700796741847,True,262144
70.0,kappa,2.4250000000000003,0.04421731526574428,0.9906221335790343,0.05231700796741847,True,262144
70.0,kappa,2.475,0.043304080957856254,0.9906221335790343,0.05231700796741847,True,262144
70.0,kappa,2.5250000000000004,0.03945988708583503,0.9906221335790343,0.05231700796741847,True,262144
70.0,kappa,2.575,0.039569996321740235,0.9906221335790343,0.05231700796741847,True,262144
70.0,kappa,2.625,0.03765431779901526,0.9906221335790343,0.05231700796741847,True,262144
70.0,kappa,2.6750000000000003,0.033469657324741005,0.9906221335790343,0.05231700796741847,True,262144
70.0,kappa,2.725,0.03397969947861362,0.9906221335790343,0.05231700796741847,True,262144
70.0,kappa,2.7750000000000004,0.03477651798362927,0.9906221335790343,0.05231700796741847,True,262144
70.0,kappa,2.825,0.030150605652481635,0.9906221335790343,0.05231700796741847,True,262144
70.0,kappa,2.875,0.02901475982730799,0.9906221335790343,0.05231700796741847,True,262144
70.0,kappa,2.9250000000000003,0.026929859355069894,0.9906221335790343,0.05231700796741847,True,262144
70.0,kappa,2.975,0.025957441810365006,0.9906221335790343,0.05231700796741847,True,262144
70.0,kappa,3.0250000000000004,0.025079160991290907,0.9906221335790343,0.05231700796741847,True,262144
70.0,kappa,3.075,0.02520142334041491,0.9906221335790343,0.05231700796741847,True,262144
70.0,kappa,3.125,0.02151811066911291,0.9906221335790343,0.05231700796741847,True,262144
70.0,kappa,3.1750000000000003,0.021595351964449755,0.9906221335790343,0.05231700796741847,True,262144
70.0,kappa,3.225,0.02106264993816542,0.9906221335790343,0.05231700796741847,True,262144
70.0,kappa,3.2750000000000004,0.01983635445687252,0.9906221335790343,0.05231700796741847,True,262144
70.0,kappa,3.325,0.019494764228609872,0.9906221335790343,0.05231700796741847,True,262144
70.0,kappa,3.375,0.01626656137278033,0.9906221335790343,0.05231700796741847,True,262144
70.0,kappa,3.4250000000000003,0.018439166015911026,0.9906221335790343,0.05231700796741847,True,262144
70.0,kappa,3.475,0.014932996716974317,0.9906221335790343,0.05231700796741847,True,262144
70.0,kappa,3.5250000000000004,0.016398937441778255,0.9906221335790343,0.05231700796741847,True,262144
70.0,kappa,3.575,0.01482699291280708,0.9906221335790343,0.05231700796741847,True,262144
70.0,kappa,3.625,0.013913357563360752,0.9906221335790343,0.05231700796741847,True,262144
70.0,kappa,3.6750000000000003,0.012731206484121424,0.9906221335790343,0.05231700796741847,True,262144
70.0,kappa,3.725,0.012965631860813388,0.9906221335790343,0.05231700796741847,True,262144
70.0,kappa,3.7750000000000004,0.01169116274881164,0.9906221335790343,0.05231700796741847,True,262144
70.0,kappa,3.825,0.012475291776460206,0.9906221335790343,0.05231700796741847,True,262144
70.0,kappa,3.875,0.01181706111191871,0.9906221335790343,0.05231700796741847,True,262144
70.0,kappa,3.9250000000000003,0.010358475624980434,0.9906221335790343,0.05231700796741847,True,262144
70.0,kappa,3.975,0.010438775836195617,0.9906221335790343,0.05231700796741847,True,262144
70.0,kappa,4.025,0.009329752596206102,0.9906221335790343,0.05231700796741847,True,262144
70.0,kappa,4.075,0.009777700905764974,0.9906221335790343,0.05231700796741847,True,262144
70.0,kappa,4.125,0.009136935227490914,0.9906221335790343,0.05231700796741847,True,262144
70.0,kappa,4.175000000000001,0.008935257641746467,0.9906221335790343,0.05231700796741847,True,262144
70.0,kappa,4.225,0.008452065063534516,0.9906221335790343,0.05231700796741847,True,262144
70.0,kappa,4.275,0.007952699146231229,0.9906221335790343,0.05231700796741847,True,262144
70.0,kappa,4.325,0.007632046531369846,0.9906221335790343,0.05231700796741847,True,262144
70.0,kappa,4.375,0.007988415380208582,0.9906221335790343,0.05231700796741847,True,262144
70.0,kappa,4.425000000000001,0.007601437888339908,0.9906221335790343,0.05231700796741847,True,262144
70.0,kappa,4.475,0.007654967903372509,0.9906221335790343,0.05231700796741847,True,262144
70.0,kappa,4.525,0.006197846552658228,0.9906221335790343,0.05231700796741847,True,262144
70.0,kappa,4.575,0.006879310966622011,0.9906221335790343,0.05231700796741847,True,262144
70.0,kappa,4.625,0.007420772104335032,0.9906221335790343,0.05231700796741847,True,262144
70.0,kappa,4.675000000000001,0.006123359020142262,0.9906221335790343,0.05231700796741847,True,262144
70.0,kappa,4.725,0.006279061556611563,0.9906221335790343,0.05231700796741847,True,262144
70.0,kappa,4.775,0.006030582017812742,0.9906221335790343,0.05231700796741847,True,262144
70.0,kappa,4.825000000000001,0.005388134335608283,0.9906221335790343,0.05231700796741847,True,262144
70.0,kappa,4.875,0.0046834922009015515,0.9906221335790343,0.05231700796741847,True,262144
70.0,kappa,4.925000000000001,0.00450235937510155,0.9906221335790343,0.05231700796741847,True,262144
70.0,kappa,4.975,0.005432774848760611,0.9906221335790343,0.05231700796741847,True,262144
100.0,kappa,0.025,0.3593078455294966,0.9910273950123156,0.05231700796741847,True,262144
100.0,kappa,0.07500000000000001,1.0091282688472796,0.9910273950123156,0.05231700796741847,True,262144
100.0,kappa,0.125,1.3516873044639433,0.9910273950123156,0.05231700796741847,True,262144
100.0,kappa,0.17500000000000002,1.4679183381985423,0.9910273950123156,0.05231700796741847,True,262144
100.0,kappa,0.225,1.4201485139645253,0.9910273950123156,0.05231700796741847,True,262144
100.0,kappa,0.275,1.2775413031387894,0.9910273950123156,0.05231700796741847,True,262144
100.0,kappa,0.32500000000000007,1.1426855444173203,0.9910273950123156,0.05231700796741847,True,262144
100.0,kappa,0.375,1.0354906307333522,0.9910273950123156,0.05231700796741847,True,262144
100.0,kappa,0.42500000000000004,0.9002674062759914,0.9910273950123156,0.05231700796741847,True,262144
100.0,kappa,0.475,0.8081198556245872,0.9910273950123156,0.05231700796741847,True,262144
100.0,kappa,0.525,0.7192399354445919,0.9910273950123156,0.05231700796741847,True,262144
100.0,kappa,0.5750000000000001,0.6297034417733145,0.9910273950123156,0.05231700796741847,True,262144
100.0,kappa,0.625,0.5665493756127377,0.9910273950123156,0.05231700796741847,True,262144
100.0,kappa,0.675,0.5195630094066856,0.9910273950123156,0.05231700796741847,True,262144
100.0,kappa,0.7250000000000001,0.46908756787287087,0.9910273950123156,0.05231700796741847,True,262144
100.0,kappa,0.775,0.42399630391208415,0.9910273950123156,0.05231700796741847,True,262144
100.0,kappa,0.8250000000000001,0.3903170198866119,0.9910273950123156,0.05231700796741847,True,262144
100.0,kappa,0.875,0.35846011959363844,0.9910273950123156,0.05231700796741847,True,262144
100.0,kappa,0.925,0.32155309417713035,0.9910273950123156,0.05231700796741847,True,262144
100.0,kappa,0.9750000000000001,0.30011897648256947,0.9910273950123156,0.05231700796741847,True,262144
100.0,kappa,1.025,0.2690782942172806,0.9910273950123156,0.05231700796741847,True,262144
100.0,kappa,1.0750000000000002,0.2515614765465199,0.9910273950123156,0.05231700796741847,True,262144
100.0,kappa,1.125,0.23741288363208052,0.9910273950123156,0.05231700796741847,True,262144
100.0,kappa,1.1750000000000003,0.21509278476343577,0.9910273950123156,0.05231700796741847,True,262144
100.0,kappa,1.225,0.2006413792657586,0.9910273950123156,0.05231700796741847,True,262144
100.0,kappa,1.275,0.18724153442378805,0.9910273950123156,0.05231700796741847,True,262144
100.0,kappa,1.3250000000000002,0.17836222408753066,0.9910273950123156,0.05231700796741847,True,262144
100.0,kappa,1.375,0.16052641722515953,0.9910273950123156,0.05231700796741847,True,262144
100.0,kappa,1.4250000000000003,0.15107573182575687,0.9910273950123156,0.05231700796741847,True,262144
100.0,kappa,1.475,0.14184074864427634,0.9910273950123156,0.05231700796741847,True,262144
100.0,kappa,1.525,0.1257179729469323,0.9910273950123156,0.05231700796741847,True,262144
100.0,kappa,1.5750000000000002,0.12094720379405884,0.9910273950123156,0.05231700796741847,True,262144
100.0,kappa,1.625,0.11344405937823579,0.9910273950123156,0.05231700796741847,True,262144
100.0,kappa,1.6750000000000003,0.111510569252881,0.9910273950123156,0.05231700796741847,True,262144
100.0,kappa,1.725,0.09944641585462562,0.9910273950123156,0.05231700796741847,True,262144
100.0,kappa,1.775,0.09841457243929846,0.9910273950123156,0.05231700796741847,True,262144
100.0,kappa,1.8250000000000002,0.08740213438881614,0.9910273950123156,0.05231700796741847,True,262144
100.0,kappa,1.875,0.0837136621131749,0.9910273950123156,0.05231700796741847,True,262144
100.0,kappa,1.9250000000000003,0.08235245337956125,0.9910273950123156,0.05231700796741847,True,262144
100.0,kappa,1.975,0.07574372703560349,0.9910273950123156,0.05231700796741847,True,262144
100.0,kappa,2.0250000000000004,0.07487641752559526,0.9910273950123156,0.05231700796741847,True,262144
100.0,kappa,2.075,0.07048831046846991,0.9910273950123156,0.05231700796741847,True,262144
100.0,kappa,2.125,0.0644423233930628,0.9910273950123156,0.05231700796741847,True,262144
100.0,kappa,2.175,0.05981091594737904,0.9910273950123156,0.05231700796741847,True,262144
100.0,kappa,2.225,0.05823825604477363,0.9910273950123156,0.05231700796741847,True,262144
100.0,kappa,2.2750000000000004,0.05255664834291782,0.9910273950123156,0.05231700796741847,True,262144
100.0,kappa,2.325,0.05153652785967776,0.9910273950123156,0.05231700796741847,True,262144
100.0,kappa,2.375,0.04755333373958302,0.9910273950123156,0.05231700796741847,True,262144
100.0,kappa,2.4250000000000003,0.04581094387694879,0.9910273950123156,0.05231700796741847,True,262144
100.0,kappa,2.475,0.04496807283213428,0.9910273950123156,0.05231700796741847,True,262144
100.0,kappa,2.5250000000000004,0.040198206470906134,0.9910273950123156,0.05231700796741847,True,262144
100.0,kappa,2.575,0.03780467703562856,0.9910273950123156,0.05231700796741847,True,262144
100.0,kappa,2.625,0.035275062571470346,0.9910273950123156,0.05231700796741847,True,262144
100.0,kappa,2.6750000000000003,0.03510863174999986,0.9910273950123156,0.05231700796741847,True,262144
100.0,kappa,2.725,0.03334984369075089,0.9910273950123156,0.05231700796741847,True,262144
100.0,kappa,2.7750000000000004,0.03191587791612372,0.9910273950123156,0.05231700796741847,True,262144
100.0,kappa,2.825,0.02985009850175053,0.9910273950123156,0.05231700796741847,True,262144
100.0,kappa,2.875,0.027309492500807882,0.9910273950123156,0.05231700796741847,True,262144
100.0,kappa,2.9250000000000003,0.027969940204212326,0.9910273950123156,0.05231700796741847,True,262144
100.0,kappa,2.975,0.026993634261454114,0.9910273950123156,0.05231700796741847,True,262144
100.0,kappa,3.0250000000000004,0.02495709253141194,0.9910273950123156,0.05231700796741847,True,262144
100.0,kappa,3.075,0.023387787869213226,0.9910273950123156,0.05231700796741847,True,262144
100.0,kappa,3.125,0.02329533836312436,0.9910273950123156,0.05231700796741847,True,262144
100.0,kappa,3.1750000000000003,0.02103288459181552,0.9910273950123156,0.05231700796741847,True,262144
100.0,kappa,3.225,0.020054741416861123,0.9910273950123156,0.05231700796741847,True,262144
100.0,kappa,3.2750000000000004,0.019594832464425838,0.9910273950123156,0.05231700796741847,True,262144
100.0,kappa,3.325,0.0173717907135499,0.9910273950123156,0.05231700796741847,True,262144
100.0,kappa,3.375,0.01777077474375777,0.9910273950123156,0.05231700796741847,True,262144
100.0,kappa,3.4250000000000003,0.017381893064451544,0.9910273950123156,0.05231700796741847,True,262144
100.0,kappa,3.475,0.015493188222306801,0.9910273950123156,0.05231700796741847,True,262144
100.0,kappa,3.5250000000000004,0.014418273835475174,0.9910273950123156,0.05231700796741847,True,262144
100.0,kappa,3.575,0.013999638872854032,0.9910273950123156,0.05231700796741847,True,262144
100.0,kappa,3.625,0.011637225411991864,0.9910273950123156,0.05231700796741847,True,262144
100.0,kappa,3.6750000000000003,0.014156900836336642,0.9910273950123156,0.05231700796741847,True,262144
100.0,kappa,3.725,0.013313396769698109,0.9910273950123156,0.05231700796741847,True,262144
100.0,kappa,3.7750000000000004,0.011624891031200069,0.9910273950123156,0.05231700796741847,True,262144
100.0,kappa,3.825,0.010761942052000623,0.9910273950123156,0.05231700796741847,True,262144
100.0,kappa,3.875,0.010642535862170174,0.9910273950123156,0.05231700796741847,True,262144
100.0,kappa,3.9250000000000003,0.01130079178955578,0.9910273950123156,0.05231700796741847,True,262144
100.0,kappa,3.975,0.009485819836672096,0.9910273950123156,0.05231700796741847,True,262144
100.0,kappa,4.025,0.008746190349230548,0.9910273950123156,0.05231700796741847,True,262144
100.0,kappa,4.075,0.009511716351537865,0.9910273950123156,0.05231700796741847,True,262144
100.0,kappa,4.125,0.009908306541761754,0.9910273950123156,0.05231700796741847,True,262144
100.0,kappa,4.175000000000001,0.008471421750654452,0.9910273950123156,0.05231700796741847,True,262144
100.0,kappa,4.225,0.009149685170437972,0.9910273950123156,0.05231700796741847,True,262144
100.0,kappa,4.275,0.00850952586794299,0.9910273950123156,0.05231700796741847,True,262144
100.0,kappa,4.325,0.006245512426569375,0.9910273950123156,0.05231700796741847,True,262144
100.0,kappa,4.375,0.007515471386988528,0.9910273950123156,0.05231700796741847,True,262144
100.0,kappa,4.425000000000001,0.007489496215861726,0.9910273950123156,0.05231700796741847,True,262144
100.0,kappa,4.475,0.007441361969265478,0.9910273950123156,0.05231700796741847,True,262144
100.0,kappa,4.525,0.007231931648754139,0.9910273950123156,0.05231700796741847,True,262144
100.0,kappa,4.575,0.007077685954264131,0.9910273950123156,0.05231700796741847,True,262144
100.0,kappa,4.625,0.006493690057311974,0.9910273950123156,0.05231700796741847,True,262144
100.0,kappa,4.675000000000001,0.006209607517469612,0.9910273950123156,0.05231700796741847,True,262144
100.0,kappa,4.725,0.005414113094995792,0.9910273950123156,0.05231700796741847,True,262144
100.0,kappa,4.775,0.004663313022103021,0.9910273950123156,0.05231700796741847,True,262144
100.0,kappa,4.825000000000001,0.00529436630337816,0.9910273950123156,0.05231700796741847,True,262144
100.0,kappa,4.875,0.005625651786570404,0.9910273950123156,0.05231700796741847,True,262144
100.0,kappa,4.925000000000001,0.00464484765687481,0.9910273950123156,0.05231700796741847,True,262144
100.0,kappa,4.975,0.0047549493909848535,0.9910273950123156,0.05231700796741847,True,262144
0.0,kappa_prime,-14.85,0.0003187432808604734,0.9939693728984323,0.05231700796741847,True,262144
0.0,kappa_prime,-14.55,0.0003168334739760566,0.9939693728984323,0.05231700796741847,True,262144
0.0,kappa_prime,-14.25,0.0003398641523535738,0.9939693728984323,0.05231700796741847,True,262144
0.0,kappa_prime,-13.95,0.00028927211630092834,0.9939693728984323,0.05231700796741847,True,262144
0.0,kappa_prime,-13.65,0.0003708279169175277,0.9939693728984323,0.05231700796741847,True,262144
0.0,kappa_prime,-13.35,0.0004864609290943689,0.9939693728984323,0.05231700796741847,True,262144
0.0,kappa_prime,-13.05,0.00045036450352580924,0.9939693728984323,0.05231700796741847,True,262144
0.0,kappa_prime,-12.75,0.0003943683533888476,0.9939693728984323,0.05231700796741847,True,262144
0.0,kappa_prime,-12.45,0.0005180150187147573,0.9939693728984323,0.05231700796741847,True,262144
0.0,kappa_prime,-12.15,0.0004555092360767947,0.9939693728984323,0.05231700796741847,True,262144
0.0,kappa_prime,-11.85,0.0005083886797029938,0.9939693728984323,0.05231700796741847,True,262144
0.0,kappa_prime,-11.55,0.000574362469056757,0.9939693728984323,0.05231700796741847,True,262144
0.0,kappa_prime,-11.25,0.0005217310935525084,0.9939693728984323,0.05231700796741847,True,262144
0.0,kappa_prime,-10.95,0.0006165045697185338,0.9939693728984323,0.05231700796741847,True,262144
0.0,kappa_prime,-10.65,0.0006017911413607721,0.9939693728984323,0.05231700796741847,True,262144
0.0,kappa_prime,-10.35,0.0006982240192440953,0.9939693728984323,0.05231700796741847,True,262144
0.0,kappa_prime,-10.05,0.0007417886643724699,0.9939693728984323,0.05231700796741847,True,262144
0.0,kappa_prime,-9.75,0.000704838487267787,0.9939693728984323,0.05231700796741847,True,262144
0.0,kappa_prime,-9.450000000000001,0.0009379082956055178,0.9939693728984323,0.05231700796741847,True,262144
0.0,kappa_prime,-9.15,0.0008483242263870238,0.9939693728984323,0.05231700796741847,True,262144
0.0,kappa_prime,-8.85,0.0010029925319237248,0.9939693728984323,0.05231700796741847,True,262144
0.0,kappa_prime,-8.55,0.0010517454955956615,0.9939693728984323,0.05231700796741847,True,262144
0.0,kappa_prime,-8.25,0.001230698258030318,0.9939693728984323,0.05231700796741847,True,262144
0.0,kappa_prime,-7.950000000000001,0.0012448622373968784,0.9939693728984323,0.05231700796741847,True,262144
0.0,kappa_prime,-7.65,0.0013467582519233665,0.9939693728984323,0.05231700796741847,True,262144
0.0,kappa_prime,-7.35,0.00159574306778083,0.9939693728984323,0.05231700796741847,True,262144
0.0,kappa_prime,-7.050000000000001,0.0017813548156855718,0.9939693728984323,0.05231700796741847,True,262144
0.0,kappa_prime,-6.75,0.0018954628117261924,0.9939693728984323,0.05231700796741847,True,262144
0.0,kappa_prime,-6.45,0.0022139842971721675,0.9939693728984323,0.05231700796741847,True,262144
0.0,kappa_prime,-6.15,0.00249959158050429,0.9939693728984323,0.05231700796741847,True,262144
0.0,kappa_prime,-5.8500000000000005,0.0026157689337848377,0.9939693728984323,0.05231700796741847,True,262144
0.0,kappa_prime,-5.550000000000001,0.002976862760252794,0.9939693728984323,0.05231700796741847,True,262144
0.0,kappa_prime,-5.25,0.003570291768393888,0.9939693728984323,0.05231700796741847,True,262144
0.0,kappa_prime,-4.95,0.004028585266347741,0.9939693728984323,0.05231700796741847,True,262144
0.0,kappa_prime,-4.65,0.004728807316020335,0.9939693728984323,0.05231700796741847,True,262144
0.0,kappa_prime,-4.3500000000000005,0.005092086667084449,0.9939693728984323,0.05231700796741847,True,262144
0.0,kappa_prime,-4.050000000000001,0.0064021130375133675,0.9939693728984323,0.05231700796741847,True,262144
0.0,kappa_prime,-3.75,0.007706723659844198,0.9939693728984323,0.05231700796741847,True,262144
0.0,kappa_prime,-3.45,0.009200723969801414,0.9939693728984323,0.05231700796741847,True,262144
0.0,kappa_prime,-3.1500000000000004,0.010575689489474176,0.9939693728984323,0.05231700796741847,True,262144
0.0,kappa_prime,-2.8500000000000005,0.013080298586907452,0.9939693728984323,0.05231700796741847,True,262144
0.0,kappa_prime,-2.5500000000000007,0.016719572720757896,0.9939693728984323,0.05231700796741847,True,262144
0.0,kappa_prime,-2.25,0.022314147054808914,0.9939693728984323,0.05231700796741847,True,262144
0.0,kappa_prime,-1.9500000000000002,0.029766815963687937,0.9939693728984323,0.05231700796741847,True,262144
0.0,kappa_prime,-1.6500000000000004,0.04213938878349628,0.9939693728984323,0.05231700796741847,True,262144
0.0,kappa_prime,-1.3500000000000005,0.06164059799484105,0.9939693728984323,0.05231700796741847,True,262144
0.0,kappa_prime,-1.0500000000000007,0.09743268755815081,0.9939693728984323,0.05231700796741847,True,262144
0.0,kappa_prime,-0.7500000000000009,0.16835376626912624,0.9939693728984323,0.05231700796741847,True,262144
0.0,kappa_prime,-0.45000000000000107,0.34799680754574264,0.9939693728984323,0.05231700796741847,True,262144
0.0,kappa_prime,-0.15000000000000036,0.7782267904848132,0.9939693728984323,0.05231700796741847,True,262144
0.0,kappa_prime,0.14999999999999947,0.7746181785327952,0.9939693728984323,0.05231700796741847,True,262144
0.0,kappa_prime,0.4499999999999993,0.341552614447593,0.9939693728984323,0.05231700796741847,True,262144
0.0,kappa_prime,0.7499999999999991,0.16833018726111093,0.9939693728984323,0.05231700796741847,True,262144
0.0,kappa_prime,1.049999999999999,0.09811928018918667,0.9939693728984323,0.05231700796741847,True,262144
0.0,kappa_prime,1.3499999999999996,0.06014776852821881,0.9939693728984323,0.05231700796741847,True,262144
0.0,kappa_prime,1.6500000000000004,0.041897993500130834,0.9939693728984323,0.05231700796741847,True,262144
0.0,kappa_prime,1.9499999999999993,0.030206722413642906,0.9939693728984323,0.05231700796741847,True,262144
0.0,kappa_prime,2.2499999999999982,0.022446127078418913,0.9939693728984323,0.05231700796741847,True,262144
0.0,kappa_prime,2.549999999999999,0.016746217462190693,0.9939693728984323,0.05231700796741847,True,262144
0.0,kappa_prime,2.8499999999999996,0.013922462174675219,0.9939693728984323,0.05231700796741847,True,262144
0.0,kappa_prime,3.1500000000000004,0.011043957141472216,0.9939693728984323,0.05231700796741847,True,262144
0.0,kappa_prime,3.4499999999999993,0.008814881787457748,0.9939693728984323,0.05231700796741847,True,262144
0.0,kappa_prime,3.7499999999999982,0.007336643906860945,0.9939693728984323,0.05231700796741847,True,262144
0.0,kappa_prime,4.049999999999999,0.006379333011357111,0.9939693728984323,0.05231700796741847,True,262144
0.0,kappa_prime,4.35,0.005219475227306042,0.9939693728984323,0.05231700796741847,True,262144
0.0,kappa_prime,4.65,0.0045190734780064315,0.9939693728984323,0.05231700796741847,True,262144
0.0,kappa_prime,4.949999999999999,0.004112400664897021,0.9939693728984323,0.05231700796741847,True,262144
0.0,kappa_prime,5.249999999999998,0.003556290394784039,0.9939693728984323,0.05231700796741847,True,262144
0.0,kappa_prime,5.549999999999999,0.003150835024641125,0.9939693728984323,0.05231700796741847,True,262144
0.0,kappa_prime,5.85,0.002603439876255637,0.9939693728984323,0.05231700796741847,True,262144
0.0,kappa_prime,6.15,0.002615747616034303,0.9939693728984323,0.05231700796741847,True,262144
0.0,kappa_prime,6.449999999999999,0.002109873953158433,0.9939693728984323,0.05231700796741847,True,262144
0.0,kappa_prime,6.749999999999998,0.001959909826188335,0.9939693728984323,0.05231700796741847,True,262144
0.0,kappa_prime,7.049999999999999,0.0018215501646688963,0.9939693728984323,0.05231700796741847,True,262144
0.0,kappa_prime,7.35,0.0017177922870137876,0.9939693728984323,0.05231700796741847,True,262144
0.0,kappa_prime,7.65,0.0015101532248151326,0.9939693728984323,0.05231700796741847,True,262144
0.0,kappa_prime,7.949999999999999,0.0012652852808386786,0.9939693728984323,0.05231700796741847,True,262144
0.0,kappa_prime,8.249999999999998,0.001143496162237921,0.9939693728984323,0.05231700796741847,True,262144
0.0,kappa_prime,8.549999999999999,0.0011772014544954184,0.9939693728984323,0.05231700796741847,True,262144
0.0,kappa_prime,8.85,0.0011596938174787597,0.9939693728984323,0.05231700796741847,True,262144
0.0,kappa_prime,9.15,0.0009721086732069495,0.9939693728984323,0.05231700796741847,True,262144
0.0,kappa_prime,9.45,0.0009236736980554535,0.9939693728984323,0.05231700796741847,True,262144
0.0,kappa_prime,9.749999999999998,0.0008982942363767491,0.9939693728984323,0.05231700796741847,True,262144
0.0,kappa_prime,10.049999999999999,0.0008008600550761623,0.9939693728984323,0.05231700796741847,True,262144
0.0,kappa_prime,10.35,0.0006937641253023233,0.9939693728984323,0.05231700796741847,True,262144
0.0,kappa_prime,10.65,0.00065430620382328,0.9939693728984323,0.05231700796741847,True,262144
0.0,kappa_prime,10.95,0.000599518093993842,0.9939693728984323,0.05231700796741847,True,262144
0.0,kappa_prime,11.249999999999998,0.0006039189422517565,0.9939693728984323,0.05231700796741847,True,262144
0.0,kappa_prime,11.549999999999999,0.0006301749767516022,0.9939693728984323,0.05231700796741847,True,262144
0.0,kappa_prime,11.85,0.00047852893591718754,0.9939693728984323,0.05231700796741847,True,262144
0.0,kappa_prime,12.15,0.0004462397506895173,0.9939693728984323,0.05231700796741847,True,262144
0.0,kappa_prime,12.45,0.00047659097746911,0.9939693728984323,0.05231700796741847,True,262144
0.0,kappa_prime,12.749999999999998,0.00032061788050994256,0.9939693728984323,0.05231700796741847,True,262144
0.0,kappa_prime,13.049999999999999,0.0004505189460153861,0.9939693728984323,0.05231700796741847,True,262144
0.0,kappa_prime,13.35,0.00038351618583154035,0.9939693728984323,0.05231700796741847,True,262144
0.0,kappa_prime,13.649999999999999,0.0003752250015753602,0.9939693728984323,0.05231700796741847,True,262144
0.0,kappa_prime,13.949999999999998,0.00034033855642958674,0.9939693728984323,0.05231700796741847,True,262144
0.0,kappa_prime,14.249999999999998,0.00032515221248220847,0.9939693728984323,0.05231700796741847,True,262144
0.0,kappa_prime,14.549999999999999,0.00022957042231440278,0.9939693728984323,0.05231700796741847,True,262144
0.0,kappa_prime,14.85,0.0002978994267048245,0.9939693728984323,0.05231700796741847,True,262144
1.0,kappa_prime,-14.85,0.00026540877061977304,0.9939243274011668,0.05231700796741847,True,262144
1.0,kappa_prime,-14.55,0.00032930334816999574,0.9939243274011668,0.05231700796741847,True,262144
1.0,kappa_prime,-14.25,0.0003289296804065862,0.9939243274011668,0.05231700796741847,True,262144
1.0,kappa_prime,-13.95,0.0003196678005420927,0.9939243274011668,0.05231700796741847,True,262144
1.0,kappa_prime,-13.65,0.00040074975619830037,0.9939243274011668,0.05231700796741847,True,262144
1.0,kappa_prime,-13.35,0.0004921265420756918,0.9939243274011668,0.05231700796741847,True,262144
1.0,kappa_prime,-13.05,0.0004429052217765982,0.9939243274011668,0.05231700796741847,True,262144
1.0,kappa_prime,-12.75,0.00041908439396934083,0.9939243274011668,0.05231700796741847,True,262144
1.0,kappa_prime,-12.45,0.0004606072984613082,0.9939243274011668,0.05231700796741847,True,262144
1.0,kappa_prime,-12.15,0.00047429471163501204,0.9939243274011668,0.05231700796741847,True,262144
1.0,kappa_prime,-11.85,0.00048578122577351367,0.9939243274011668,0.05231700796741847,True,262144
1.0,kappa_prime,-11.55,0.0005128696591122323,0.9939243274011668,0.05231700796741847,True,262144
1.0,kappa_prime,-11.25,0.0006613017873973603,0.9939243274011668,0.05231700796741847,True,262144
1.0,kappa_prime,-10.95,0.0006134637291628473,0.9939243274011668,0.05231700796741847,True,262144
1.0,kappa_prime,-10.65,0.0006222676276988631,0.9939243274011668,0.05231700796741847,True,262144
1.0,kappa_prime,-10.35,0.000614639059173848,0.9939243274011668,0.05231700796741847,True,262144
1.0,kappa_prime,-10.05,0.0007917987584064405,0.9939243274011668,0.05231700796741847,True,262144
1.0,kappa_prime,-9.75,0.0006583803623412583,0.9939243274011668,0.05231700796741847,True,262144
1.0,kappa_prime,-9.450000000000001,0.000927653983884648,0.9939243274011668,0.05231700796741847,True,262144
1.0,kappa_prime,-9.15,0.0009462538008610876,0.9939243274011668,0.05231700796741847,True,262144
1.0,kappa_prime,-8.85,0.0010192526287119143,0.9939243274011668,0.05231700796741847,True,262144
1.0,kappa_prime,-8.55,0.000998392672738986,0.9939243274011668,0.05231700796741847,True,262144
1.0,kappa_prime,-8.25,0.0012789999315322056,0.9939243274011668,0.05231700796741847,True,262144
1.0,kappa_prime,-7.950000000000001,0.0012474271206213796,0.9939243274011668,0.05231700796741847,True,262144
1.0,kappa_prime,-7.65,0.0013394783435791199,0.9939243274011668,0.05231700796741847,True,262144
1.0,kappa_prime,-7.35,0.0016381096758522112,0.9939243274011668,0.05231700796741847,True,262144
1.0,kappa_prime,-7.050000000000001,0.001754884541827873,0.9939243274011668,0.05231700796741847,True,262144
1.0,kappa_prime,-6.75,0.0020793106683138995,0.9939243274011668,0.05231700796741847,True,262144
1.0,kappa_prime,-6.45,0.0021843676854459604,0.9939243274011668,0.05231700796741847,True,262144
1.0,kappa_prime,-6.15,0.002404423055716178,0.9939243274011668,0.05231700796741847,True,262144
1.0,kappa_prime,-5.8500000000000005,0.0026960612433252107,0.9939243274011668,0.05231700796741847,True,262144
1.0,kappa_prime,-5.550000000000001,0.0028182289652001397,0.9939243274011668,0.05231700796741847,True,262144
1.0,kappa_prime,-5.25,0.003670697425352218,0.9939243274011668,0.05231700796741847,True,262144
1.0,kappa_prime,-4.95,0.004268158033549461,0.9939243274011668,0.05231700796741847,True,262144
1.0,kappa_prime,-4.65,0.004716516762751279,0.9939243274011668,0.05231700796741847,True,262144
1.0,kappa_prime,-4.3500000000000005,0.005279635245526662,0.9939243274011668,0.05231700796741847,True,262144
1.0,kappa_prime,-4.050000000000001,0.006347987276631925,0.9939243274011668,0.05231700796741847,True,262144
1.0,kappa_prime,-3.75,0.0074869362464442596,0.9939243274011668,0.05231700796741847,True,262144
1.0,kappa_prime,-3.45,0.009484254628719551,0.9939243274011668,0.05231700796741847,True,262144
1.0,kappa_prime,-3.1500000000000004,0.010678108443279011,0.9939243274011668,0.05231700796741847,True,262144
1.0,kappa_prime,-2.8500000000000005,0.013285460523662624,0.9939243274011668,0.05231700796741847,True,262144
1.0,kappa_prime,-2.5500000000000007,0.016720076045663338,0.9939243274011668,0.05231700796741847,True,262144
1.0,kappa_prime,-2.25,0.023068577528852472,0.9939243274011668,0.05231700796741847,True,262144
1.0,kappa_prime,-1.9500000000000002,0.030158278327833892,0.9939243274011668,0.05231700796741847,True,262144
1.0,kappa_prime,-1.6500000000000004,0.042066416829851835,0.9939243274011668,0.05231700796741847,True,262144
1.0,kappa_prime,-1.3500000000000005,0.06251670584052875,0.9939243274011668,0.05231700796741847,True,262144
1.0,kappa_prime,-1.0500000000000007,0.09948802736912907,0.9939243274011668,0.05231700796741847,True,262144
1.0,kappa_prime,-0.7500000000000009,0.17031406400122845,0.9939243274011668,0.05231700796741847,True,262144
1.0,kappa_prime,-0.45000000000000107,0.3522941009428149,0.9939243274011668,0.05231700796741847,True,262144
1.0,kappa_prime,-0.15000000000000036,0.7666700606537723,0.9939243274011668,0.05231700796741847,True,262144
1.0,kappa_prime,0.14999999999999947,0.7642030530007201,0.9939243274011668,0.05231700796741847,True,262144
1.0,kappa_prime,0.4499999999999993,0.3462301280493118,0.9939243274011668,0.05231700796741847,True,262144
1.0,kappa_prime,0.7499999999999991,0.16947731290947554,0.9939243274011668,0.05231700796741847,True,262144
1.0,kappa_prime,1.049999999999999,0.09886823791283883,0.9939243274011668,0.05231700796741847,True,262144
1.0,kappa_prime,1.3499999999999996,0.062144201792560055,0.9939243274011668,0.05231700796741847,True,262144
1.0,kappa_prime,1.6500000000000004,0.0419760323919354,0.9939243274011668,0.05231700796741847,True,262144
1.0,kappa_prime,1.9499999999999993,0.03055044760620819,0.9939243274011668,0.05231700796741847,True,262144
1.0,kappa_prime,2.2499999999999982,0.022605228057558744,0.9939243274011668,0.05231700796741847,True,262144
1.0,kappa_prime,2.549999999999999,0.01724008625863199,0.9939243274011668,0.05231700796741847,True,262144
1.0,kappa_prime,2.8499999999999996,0.013857352297235108,0.9939243274011668,0.05231700796741847,True,262144
1.0,kappa_prime,3.1500000000000004,0.011342990974041166,0.9939243274011668,0.05231700796741847,True,262144
1.0,kappa_prime,3.4499999999999993,0.008804455659603578,0.9939243274011668,0.05231700796741847,True,262144
1.0,kappa_prime,3.7499999999999982,0.007655035649153978,0.9939243274011668,0.05231700796741847,True,262144
1.0,kappa_prime,4.049999999999999,0.006318616891759131,0.9939243274011668,0.05231700796741847,True,262144
1.0,kappa_prime,4.35,0.005471612026387688,0.9939243274011668,0.05231700796741847,True,262144
1.0,kappa_prime,4.65,0.004311797556611951,0.9939243274011668,0.05231700796741847,True,262144
1.0,kappa_prime,4.949999999999999,0.00418794731891759,0.9939243274011668,0.05231700796741847,True,262144
1.0,kappa_prime,5.249999999999998,0.0036877937502587444,0.9939243274011668,0.05231700796741847,True,262144
1.0,kappa_prime,5.549999999999999,0.0030955650884620465,0.9939243274011668,0.05231700796741847,True,262144
1.0,kappa_prime,5.85,0.002806384856251136,0.9939243274011668,0.05231700796741847,True,262144
1.0,kappa_prime,6.15,0.002408483029609617,0.9939243274011668,0.05231700796741847,True,262144
1.0,kappa_prime,6.449999999999999,0.0022474009713243565,0.9939243274011668,0.05231700796741847,True,262144
1.0,kappa_prime,6.749999999999998,0.0019482781899709872,0.9939243274011668,0.05231700796741847,True,262144
1.0,kappa_prime,7.049999999999999,0.0018502995059433943,0.9939243274011668,0.05231700796741847,True,262144
1.0,kappa_prime,7.35,0.001711723734758828,0.9939243274011668,0.05231700796741847,True,262144
1.0,kappa_prime,7.65,0.0014952325299981374,0.9939243274011668,0.05231700796741847,True,262144
1.0,kappa_prime,7.949999999999999,0.0014058014847720933,0.9939243274011668,0.05231700796741847,True,262144
1.0,kappa_prime,8.249999999999998,0.0011097769657714325,0.9939243274011668,0.05231700796741847,True,262144
1.0,kappa_prime,8.549999999999999,0.001185884421465551,0.9939243274011668,0.05231700796741847,True,262144
1.0,kappa_prime,8.85,0.0010871870310964875,0.9939243274011668,0.05231700796741847,True,262144
1.0,kappa_prime,9.15,0.0010273721196933402,0.9939243274011668,0.05231700796741847,True,262144
1.0,kappa_prime,9.45,0.000871516574443556,0.9939243274011668,0.05231700796741847,True,262144
1.0,kappa_prime,9.749999999999998,0.0009671959850604375,0.9939243274011668,0.05231700796741847,True,262144
1.0,kappa_prime,10.049999999999999,0.0008177831231156993,0.9939243274011668,0.05231700796741847,True,262144
1.0,kappa_prime,10.35,0.0006480827651908588,0.9939243274011668,0.05231700796741847,True,262144
1.0,kappa_prime,10.65,0.0006222832057815553,0.9939243274011668,0.05231700796741847,True,262144
1.0,kappa_prime,10.95,0.0007280724592291035,0.9939243274011668,0.05231700796741847,True,262144
1.0,kappa_prime,11.249999999999998,0.000649980863810885,0.9939243274011668,0.05231700796741847,True,262144
1.0,kappa_prime,11.549999999999999,0.000570304123366152,0.9939243274011668,0.05231700796741847,True,262144
1.0,kappa_prime,11.85,0.00048234144723913983,0.9939243274011668,0.05231700796741847,True,262144
1.0,kappa_prime,12.15,0.0004643847944317591,0.9939243274011668,0.05231700796741847,True,262144
1.0,kappa_prime,12.45,0.00044768839834662913,0.9939243274011668,0.05231700796741847,True,262144
1.0,kappa_prime,12.749999999999998,0.0003778827787197402,0.9939243274011668,0.05231700796741847,True,262144
1.0,kappa_prime,13.049999999999999,0.0003912791032463969,0.9939243274011668,0.05231700796741847,True,262144
1.0,kappa_prime,13.35,0.00042933508564381304,0.9939243274011668,0.05231700796741847,True,262144
1.0,kappa_prime,13.649999999999999,0.00029783217203410115,0.9939243274011668,0.05231700796741847,True,262144
1.0,kappa_prime,13.949999999999998,0.00037977645686407697,0.9939243274011668,0.05231700796741847,True,262144
1.0,kappa_prime,14.249999999999998,0.00023520126157827324,0.9939243274011668,0.05231700796741847,True,262144
1.0,kappa_prime,14.549999999999999,0.00034760027326474963,0.9939243274011668,0.05231700796741847,True,262144
1.0,kappa_prime,14.85,0.00030034425740490134,0.9939243274011668,0.05231700796741847,True,262144
10.0,kappa_prime,-14.85,0.0003085109361055541,0.9938302912349924,0.05231700796741847,True,262144
10.0,kappa_prime,-14.55,0.0003391439252262022,0.9938302912349924,0.05231700796741847,True,262144
10.0,kappa_prime,-14.25,0.0003091056470323908,0.9938302912349924,0.05231700796741847,True,262144
10.0,kappa_prime,-13.95,0.00028822273843704006,0.9938302912349924,0.05231700796741847,True,262144
10.0,kappa_prime,-13.65,0.000348984495754593,0.9938302912349924,0.05231700796741847,True,262144
10.0,kappa_prime,-13.35,0.00041685399189747915,0.9938302912349924,0.05231700796741847,True,262144
10.0,kappa_prime,-13.05,0.0004716433902887339,0.9938302912349924,0.05231700796741847,True,262144
10.0,kappa_prime,-12.75,0.00037649378757719713,0.9938302912349924,0.05231700796741847,True,262144
10.0,kappa_prime,-12.45,0.0004343814822412526,0.9938302912349924,0.05231700796741847,True,262144
10.0,kappa_prime,-12.15,0.00043566772442002943,0.9938302912349924,0.05231700796741847,True,262144
10.0,kappa_prime,-11.85,0.0004206159423174579,0.9938302912349924,0.05231700796741847,True,262144
10.0,kappa_prime,-11.55,0.0006191572612177251,0.9938302912349924,0.05231700796741847,True,262144
10.0,kappa_prime,-11.25,0.0005597056927538612,0.9938302912349924,0.05231700796741847,True,262144
10.0,kappa_prime,-10.95,0.000606855079389716,0.9938302912349924,0.05231700796741847,True,262144
10.0,kappa_prime,-10.65,0.000766890405501574,0.9938302912349924,0.05231700796741847,True,262144
10.0,kappa_prime,-10.35,0.0006295105923754819,0.9938302912349924,0.05231700796741847,True,262144
10.0,kappa_prime,-10.05,0.0007647910797179468,0.9938302912349924,0.05231700796741847,True,262144
10.0,kappa_prime,-9.75,0.0007464017407773298,0.9938302912349924,0.05231700796741847,True,262144
10.0,kappa_prime,-9.450000000000001,0.0008708116659879283,0.9938302912349924,0.05231700796741847,True,262144
10.0,kappa_prime,-9.15,0.0009358750932163647,0.9938302912349924,0.05231700796741847,True,262144
10.0,kappa_prime,-8.85,0.0009396623790850589,0.9938302912349924,0.05231700796741847,True,262144
10.0,kappa_prime,-8.55,0.0010382955864385796,0.9938302912349924,0.05231700796741847,True,262144
10.0,kappa_prime,-8.25,0.0010469773729427077,0.9938302912349924,0.05231700796741847,True,262144
10.0,kappa_prime,-7.950000000000001,0.0013966697190820505,0.9938302912349924,0.05231700796741847,True,262144
10.0,kappa_prime,-7.65,0.0016105844435658863,0.9938302912349924,0.05231700796741847,True,262144
10.0,kappa_prime,-7.35,0.0015560222937222082,0.9938302912349924,0.05231700796741847,True,262144
10.0,kappa_prime,-7.050000000000001,0.0018631506251495095,0.9938302912349924,0.05231700796741847,True,262144
10.0,kappa_prime,-6.75,0.0018288210278230342,0.9938302912349924,0.05231700796741847,True,262144
10.0,kappa_prime,-6.45,0.002084539785653272,0.9938302912349924,0.05231700796741847,True,262144
10.0,kappa_prime,-6.15,0.0023717745305001058,0.9938302912349924,0.05231700796741847,True,262144
10.0,kappa_prime,-5.8500000000000005,0.0027910216521601773,0.9938302912349924,0.05231700796741847,True,262144
10.0,kappa_prime,-5.550000000000001,0.00331195779032061,0.9938302912349924,0.05231700796741847,True,262144
10.0,kappa_prime,-5.25,0.0037963003056882055,0.9938302912349924,0.05231700796741847,True,262144
10.0,kappa_prime,-4.95,0.003752495023430377,0.9938302912349924,0.05231700796741847,True,262144
10.0,kappa_prime,-4.65,0.004589340007410924,0.9938302912349924,0.05231700796741847,True,262144
10.0,kappa_prime,-4.3500000000000005,0.005312280076499481,0.9938302912349924,0.05231700796741847,True,262144
10.0,kappa_prime,-4.050000000000001,0.006415713443525408,0.9938302912349924,0.05231700796741847,True,262144
10.0,kappa_prime,-3.75,0.007700963992661035,0.9938302912349924,0.05231700796741847,True,262144
10.0,kappa_prime,-3.45,0.008500216290784042,0.9938302912349924,0.05231700796741847,True,262144
10.0,kappa_prime,-3.1500000000000004,0.01088327981739416,0.9938302912349924,0.05231700796741847,True,262144
10.0,kappa_prime,-2.8500000000000005,0.012868032964271373,0.9938302912349924,0.05231700796741847,True,262144
10.0,kappa_prime,-2.5500000000000007,0.016490911575128085,0.9938302912349924,0.05231700796741847,True,262144
10.0,kappa_prime,-2.25,0.02145080891451794,0.9938302912349924,0.05231700796741847,True,262144
10.0,kappa_prime,-1.9500000000000002,0.029175578607610147,0.9938302912349924,0.05231700796741847,True,262144
10.0,kappa_prime,-1.6500000000000004,0.0403777287367708,0.9938302912349924,0.05231700796741847,True,262144
10.0,kappa_prime,-1.3500000000000005,0.059636354917420926,0.9938302912349924,0.05231700796741847,True,262144
10.0,kappa_prime,-1.0500000000000007,0.09415315351169921,0.9938302912349924,0.05231700796741847,True,262144
10.0,kappa_prime,-0.7500000000000009,0.15909012361446953,0.9938302912349924,0.05231700796741847,True,262144
10.0,kappa_prime,-0.45000000000000107,0.3253728204620096,0.9938302912349924,0.05231700796741847,True,262144
10.0,kappa_prime,-0.15000000000000036,0.8178863389818192,0.9938302912349924,0.05231700796741847,True,262144
10.0,kappa_prime,0.14999999999999947,0.8153603495123717,0.9938302912349924,0.05231700796741847,True,262144
10.0,kappa_prime,0.4499999999999993,0.3224464202477792,0.9938302912349924,0.05231700796741847,True,262144
10.0,kappa_prime,0.7499999999999991,0.15670916495511059,0.9938302912349924,0.05231700796741847,True,262144
10.0,kappa_prime,1.049999999999999,0.09316445248960052,0.9938302912349924,0.05231700796741847,True,262144
10.0,kappa_prime,1.3499999999999996,0.05967598126442932,0.9938302912349924,0.05231700796741847,True,262144
10.0,kappa_prime,1.6500000000000004,0.040246020001657515,0.9938302912349924,0.05231700796741847,True,262144
10.0,kappa_prime,1.9499999999999993,0.028623338981316436,0.9938302912349924,0.05231700796741847,True,262144
10.0,kappa_prime,2.2499999999999982,0.022416339170917985,0.9938302912349924,0.05231700796741847,True,262144
10.0,kappa_prime,2.549999999999999,0.016569741099275417,0.9938302912349924,0.05231700796741847,True,262144
10.0,kappa_prime,2.8499999999999996,0.013694917515983484,0.9938302912349924,0.05231700796741847,True,262144
10.0,kappa_prime,3.1500000000000004,0.010721030375280403,0.9938302912349924,0.05231700796741847,True,262144
10.0,kappa_prime,3.4499999999999993,0.008571604064464554,0.9938302912349924,0.05231700796741847,True,262144
10.0,kappa_prime,3.7499999999999982,0.007308584549832661,0.9938302912349924,0.05231700796741847,True,262144
10.0,kappa_prime,4.049999999999999,0.006278538163795489,0.9938302912349924,0.05231700796741847,True,262144
10.0,kappa_prime,4.35,0.005213948718079364,0.9938302912349924,0.05231700796741847,True,262144
10.0,kappa_prime,4.65,0.004467295857515029,0.9938302912349924,0.05231700796741847,True,262144
10.0,kappa_prime,4.949999999999999,0.003933276242574095,0.9938302912349924,0.05231700796741847,True,262144
10.0,kappa_prime,5.249999999999998,0.0034906748185604577,0.9938302912349924,0.05231700796741847,True,262144
10.0,kappa_prime,5.549999999999999,0.003093028298216856,0.9938302912349924,0.05231700796741847,True,262144
10.0,kappa_prime,5.85,0.002634633101780492,0.9938302912349924,0.05231700796741847,True,262144
10.0,kappa_prime,6.15,0.0026970703451920726,0.9938302912349924,0.05231700796741847,True,262144
10.0,kappa_prime,6.449999999999999,0.0022694713569113927,0.9938302912349924,0.05231700796741847,True,262144
10.0,kappa_prime,6.749999999999998,0.0019122430926609328,0.9938302912349924,0.05231700796741847,True,262144
10.0,kappa_prime,7.049999999999999,0.001963065267171384,0.9938302912349924,0.05231700796741847,True,262144
10.0,kappa_prime,7.35,0.0017202592210623488,0.9938302912349924,0.05231700796741847,True,262144
10.0,kappa_prime,7.65,0.0014900722363991716,0.9938302912349924,0.05231700796741847,True,262144
10.0,kappa_prime,7.949999999999999,0.0015575592130446208,0.9938302912349924,0.05231700796741847,True,262144
10.0,kappa_prime,8.249999999999998,0.0013951172737765268,0.9938302912349924,0.05231700796741847,True,262144
10.0,kappa_prime,8.549999999999999,0.0011079690850461714,0.9938302912349924,0.05231700796741847,True,262144
10.0,kappa_prime,8.85,0.0009232922235155324,0.9938302912349924,0.05231700796741847,True,262144
10.0,kappa_prime,9.15,0.0009452671195295555,0.9938302912349924,0.05231700796741847,True,262144
10.0,kappa_prime,9.45,0.0008651176548423889,0.9938302912349924,0.05231700796741847,True,262144
10.0,kappa_prime,9.749999999999998,0.0008630459557243862,0.9938302912349924,0.05231700796741847,True,262144
10.0,kappa_prime,10.049999999999999,0.0008566018468220564,0.9938302912349924,0.05231700796741847,True,262144
10.0,kappa_prime,10.35,0.0007551705098600249,0.9938302912349924,0.05231700796741847,True,262144
10.0,kappa_prime,10.65,0.0008286695284663396,0.9938302912349924,0.05231700796741847,True,262144
10.0,kappa_prime,10.95,0.0006496409028437365,0.9938302912349924,0.05231700796741847,True,262144
10.0,kappa_prime,11.249999999999998,0.0006234447783970478,0.9938302912349924,0.05231700796741847,True,262144
10.0,kappa_prime,11.549999999999999,0.00044192483864884623,0.9938302912349924,0.05231700796741847,True,262144
10.0,kappa_prime,11.85,0.0005455343432987827,0.9938302912349924,0.05231700796741847,True,262144
10.0,kappa_prime,12.15,0.0004291970896866972,0.9938302912349924,0.05231700796741847,True,262144
10.0,kappa_prime,12.45,0.000390374200207968,0.9938302912349924,0.05231700796741847,True,262144
10.0,kappa_prime,12.749999999999998,0.0005170223264794961,0.9938302912349924,0.05231700796741847,True,262144
10.0,kappa_prime,13.049999999999999,0.0003091718274320091,0.9938302912349924,0.05231700796741847,True,262144
10.0,kappa_prime,13.35,0.00045236962950211357,0.9938302912349924,0.05231700796741847,True,262144
10.0,kappa_prime,13.649999999999999,0.0003709325140203979,0.9938302912349924,0.05231700796741847,True,262144
10.0,kappa_prime,13.949999999999998,0.0003442809931613873,0.9938302912349924,0.05231700796741847,True,262144
10.0,kappa_prime,14.249999999999998,0.0003291068532128843,0.9938302912349924,0.05231700796741847,True,262144
10.0,kappa_prime,14.549999999999999,0.0003179956171050668,0.9938302912349924,0.05231700796741847,True,262144
10.0,kappa_prime,14.85,0.00033576905562271355,0.9938302912349924,0.05231700796741847,True,262144
24.0,kappa_prime,-14.85,0.000339043555486655,0.9920277565038075,0.05231700796741847,True,262144
24.0,kappa_prime,-14.55,0.00040853860255057954,0.9920277565038075,0.05231700796741847,True,262144
24.0,kappa_prime,-14.25,0.00044387647918259584,0.9920277565038075,0.05231700796741847,True,262144
24.0,kappa_prime,-13.95,0.0004388042536250937,0.9920277565038075,0.05231700796741847,True,262144
24.0,kappa_prime,-13.65,0.0004299615981263671,0.9920277565038075,0.05231700796741847,True,262144
24.0,kappa_prime,-13.35,0.0005457106599745653,0.9920277565038075,0.05231700796741847,True,262144
24.0,kappa_prime,-13.05,0.0005191928432235595,0.9920277565038075,0.05231700796741847,True,262144
24.0,kappa_prime,-12.75,0.0005462862897845572,0.9920277565038075,0.05231700796741847,True,262144
24.0,kappa_prime,-12.45,0.00045556972751085084,0.9920277565038075,0.05231700796741847,True,262144
24.0,kappa_prime,-12.15,0.0005861871706608381,0.9920277565038075,0.05231700796741847,True,262144
24.0,kappa_prime,-11.85,0.0007345185194408532,0.9920277565038075,0.05231700796741847,True,262144
24.0,kappa_prime,-11.55,0.0007064966291960441,0.9920277565038075,0.05231700796741847,True,262144
24.0,kappa_prime,-11.25,0.0006554048534236169,0.9920277565038075,0.05231700796741847,True,262144
24.0,kappa_prime,-10.95,0.0008090148447949941,0.9920277565038075,0.05231700796741847,True,262144
24.0,kappa_prime,-10.65,0.000957443615295767,0.9920277565038075,0.05231700796741847,True,262144
24.0,kappa_prime,-10.35,0.0009524602172958729,0.9920277565038075,0.05231700796741847,True,262144
24.0,kappa_prime,-10.05,0.0008689506245436882,0.9920277565038075,0.05231700796741847,True,262144
24.0,kappa_prime,-9.75,0.0010191655938273697,0.9920277565038075,0.05231700796741847,True,262144
24.0,kappa_prime,-9.450000000000001,0.0010912495987774557,0.9920277565038075,0.05231700796741847,True,262144
24.0,kappa_prime,-9.15,0.0012021027377891558,0.9920277565038075,0.05231700796741847,True,262144
24.0,kappa_prime,-8.85,0.001421929129560683,0.9920277565038075,0.05231700796741847,True,262144
24.0,kappa_prime,-8.55,0.0014309337166926437,0.9920277565038075,0.05231700796741847,True,262144
24.0,kappa_prime,-8.25,0.0015518932660065399,0.9920277565038075,0.05231700796741847,True,262144
24.0,kappa_prime,-7.950000000000001,0.001629547821781506,0.9920277565038075,0.05231700796741847,True,262144
24.0,kappa_prime,-7.65,0.0017245178881533387,0.9920277565038075,0.05231700796741847,True,262144
24.0,kappa_prime,-7.35,0.0017967256797568566,0.9920277565038075,0.05231700796741847,True,262144
24.0,kappa_prime,-7.050000000000001,0.002197112880761594,0.9920277565038075,0.05231700796741847,True,262144
24.0,kappa_prime,-6.75,0.0022880923894028965,0.9920277565038075,0.05231700796741847,True,262144
24.0,kappa_prime,-6.45,0.0027350031425922576,0.9920277565038075,0.05231700796741847,True,262144
24.0,kappa_prime,-6.15,0.0031162410449573474,0.9920277565038075,0.05231700796741847,True,262144
24.0,kappa_prime,-5.8500000000000005,0.003818745408897253,0.9920277565038075,0.05231700796741847,True,262144
24.0,kappa_prime,-5.550000000000001,0.00414088444898323,0.9920277565038075,0.05231700796741847,True,262144
24.0,kappa_prime,-5.25,0.00422071628958225,0.9920277565038075,0.05231700796741847,True,262144
24.0,kappa_prime,-4.95,0.004289056256215897,0.9920277565038075,0.05231700796741847,True,262144
24.0,kappa_prime,-4.65,0.005272402420045575,0.9920277565038075,0.05231700796741847,True,262144
24.0,kappa_prime,-4.3500000000000005,0.005826140706905836,0.9920277565038075,0.05231700796741847,True,262144
24.0,kappa_prime,-4.050000000000001,0.0074842603216471555,0.9920277565038075,0.05231700796741847,True,262144
24.0,kappa_prime,-3.75,0.008858660499026201,0.9920277565038075,0.05231700796741847,True,262144
24.0,kappa_prime,-3.45,0.009902361609821981,0.9920277565038075,0.05231700796741847,True,262144
24.0,kappa_prime,-3.1500000000000004,0.012578183176356221,0.9920277565038075,0.05231700796741847,True,262144
24.0,kappa_prime,-2.8500000000000005,0.015275965276051438,0.9920277565038075,0.05231700796741847,True,262144
24.0,kappa_prime,-2.5500000000000007,0.01970521234703504,0.9920277565038075,0.05231700796741847,True,262144
24.0,kappa_prime,-2.25,0.023971771632505166,0.9920277565038075,0.05231700796741847,True,262144
24.0,kappa_prime,-1.9500000000000002,0.031209218689903086,0.9920277565038075,0.05231700796741847,True,262144
24.0,kappa_prime,-1.6500000000000004,0.043477351023350666,0.9920277565038075,0.05231700796741847,True,262144
24.0,kappa_prime,-1.3500000000000005,0.061447462398368256,0.9920277565038075,0.05231700796741847,True,262144
24.0,kappa_prime,-1.0500000000000007,0.09036250613364886,0.9920277565038075,0.05231700796741847,True,262144
24.0,kappa_prime,-0.7500000000000009,0.14775541244146406,0.9920277565038075,0.05231700796741847,True,262144
24.0,kappa_prime,-0.45000000000000107,0.2935021273523083,0.9920277565038075,0.05231700796741847,True,262144
24.0,kappa_prime,-0.15000000000000036,0.830994585031068,0.9920277565038075,0.05231700796741847,True,262144
24.0,kappa_prime,0.14999999999999947,0.8274732869747301,0.9920277565038075,0.05231700796741847,True,262144
24.0,kappa_prime,0.4499999999999993,0.2878975086068112,0.9920277565038075,0.05231700796741847,True,262144
24.0,kappa_prime,0.7499999999999991,0.14899268494949147,0.9920277565038075,0.05231700796741847,True,262144
24.0,kappa_prime,1.049999999999999,0.08979733923266149,0.9920277565038075,0.05231700796741847,True,262144
24.0,kappa_prime,1.3499999999999996,0.05947617019304835,0.9920277565038075,0.05231700796741847,True,262144
24.0,kappa_prime,1.6500000000000004,0.04363355103279372,0.9920277565038075,0.05231700796741847,True,262144
24.0,kappa_prime,1.9499999999999993,0.031942428387856846,0.9920277565038075,0.05231700796741847,True,262144
24.0,kappa_prime,2.2499999999999982,0.024258881660663915,0.9920277565038075,0.05231700796741847,True,262144
24.0,kappa_prime,2.549999999999999,0.01962455741010641,0.9920277565038075,0.05231700796741847,True,262144
24.0,kappa_prime,2.8499999999999996,0.014470462099054306,0.9920277565038075,0.05231700796741847,True,262144
24.0,kappa_prime,3.1500000000000004,0.012404419490786692,0.9920277565038075,0.05231700796741847,True,262144
24.0,kappa_prime,3.4499999999999993,0.010446641347117149,0.9920277565038075,0.05231700796741847,True,262144
24.0,kappa_prime,3.7499999999999982,0.008426528166772855,0.9920277565038075,0.05231700796741847,True,262144
24.0,kappa_prime,4.049999999999999,0.007411121280223529,0.9920277565038075,0.05231700796741847,True,262144
24.0,kappa_prime,4.35,0.0065096391654037595,0.9920277565038075,0.05231700796741847,True,262144
24.0,kappa_prime,4.65,0.005386430539584629,0.9920277565038075,0.05231700796741847,True,262144
24.0,kappa_prime,4.949999999999999,0.004756712246258207,0.9920277565038075,0.05231700796741847,True,262144
24.0,kappa_prime,5.249999999999998,0.004244180826060361,0.9920277565038075,0.05231700796741847,True,262144
24.0,kappa_prime,5.549999999999999,0.0037470762820516496,0.9920277565038075,0.05231700796741847,True,262144
24.0,kappa_prime,5.85,0.003334284473440229,0.9920277565038075,0.05231700796741847,True,262144
24.0,kappa_prime,6.15,0.002874136108552328,0.9920277565038075,0.05231700796741847,True,262144
24.0,kappa_prime,6.449999999999999,0.0026235347717162454,0.9920277565038075,0.05231700796741847,True,262144
24.0,kappa_prime,6.749999999999998,0.0022507267358999913,0.9920277565038075,0.05231700796741847,True,262144
24.0,kappa_prime,7.049999999999999,0.0023485415824456082,0.9920277565038075,0.05231700796741847,True,262144
24.0,kappa_prime,7.35,0.0021279488430605634,0.9920277565038075,0.05231700796741847,True,262144
24.0,kappa_prime,7.65,0.001821787953238972,0.9920277565038075,0.05231700796741847,True,262144
24.0,kappa_prime,7.949999999999999,0.0017766925172762837,0.9920277565038075,0.05231700796741847,True,262144
24.0,kappa_prime,8.249999999999998,0.0017258545441452692,0.9920277565038075,0.05231700796741847,True,262144
24.0,kappa_prime,8.549999999999999,0.001339813518485629,0.9920277565038075,0.05231700796741847,True,262144
24.0,kappa_prime,8.85,0.0013283580628623201,0.9920277565038075,0.05231700796741847,True,262144
24.0,kappa_prime,9.15,0.0012582785701983846,0.9920277565038075,0.05231700796741847,True,262144
24.0,kappa_prime,9.45,0.0011697176732483922,0.9920277565038075,0.05231700796741847,True,262144
24.0,kappa_prime,9.749999999999998,0.0011725313045261015,0.9920277565038075,0.05231700796741847,True,262144
24.0,kappa_prime,10.049999999999999,0.0009080616929404628,0.9920277565038075,0.05231700796741847,True,262144
24.0,kappa_prime,10.35,0.000946542350552472,0.9920277565038075,0.05231700796741847,True,262144
24.0,kappa_prime,10.65,0.0008649457649227572,0.9920277565038075,0.05231700796741847,True,262144
24.0,kappa_prime,10.95,0.00086983917955232,0.9920277565038075,0.05231700796741847,True,262144
24.0,kappa_prime,11.249999999999998,0.000828575033836429,0.9920277565038075,0.05231700796741847,True,262144
24.0,kappa_prime,11.549999999999999,0.0008181845157864608,0.9920277565038075,0.05231700796741847,True,262144
24.0,kappa_prime,11.85,0.0007047105405443185,0.9920277565038075,0.05231700796741847,True,262144
24.0,kappa_prime,12.15,0.0006528946593110018,0.9920277565038075,0.05231700796741847,True,262144
24.0,kappa_prime,12.45,0.0006285631400790701,0.9920277565038075,0.05231700796741847,True,262144
24.0,kappa_prime,12.749999999999998,0.0005011977359800113,0.9920277565038075,0.05231700796741847,True,262144
24.0,kappa_prime,13.049999999999999,0.00046411425820193266,0.9920277565038075,0.05231700796741847,True,262144
24.0,kappa_prime,13.35,0.0006335988655924938,0.9920277565038075,0.05231700796741847,True,262144
24.0,kappa_prime,13.649999999999999,0.0005152794043206786,0.9920277565038075,0.05231700796741847,True,262144
24.0,kappa_prime,13.949999999999998,0.0004461826535640955,0.9920277565038075,0.05231700796741847,True,262144
24.0,kappa_prime,14.249999999999998,0.00047229266060771417,0.9920277565038075,0.05231700796741847,True,262144
24.0,kappa_prime,14.549999999999999,0.0003743540215579652,0.9920277565038075,0.05231700796741847,True,262144
24.0,kappa_prime,14.85,0.00038302648074189417,0.9920277565038075,0.05231700796741847,True,262144
40.0,kappa_prime,-14.85,0.0006061942307851971,0.9887476413192243,0.05231700796741847,True,262144
40.0,kappa_prime,-14.55,0.0006139186711106874,0.9887476413192243,0.05231700796741847,True,262144
40.0,kappa_prime,-14.25,0.0006262761807772241,0.9887476413192243,0.05231700796741847,True,262144
40.0,kappa_prime,-13.95,0.0006305947482695748,0.9887476413192243,0.05231700796741847,True,262144
40.0,kappa_prime,-13.65,0.0006635891003973366,0.9887476413192243,0.05231700796741847,True,262144
40.0,kappa_prime,-13.35,0.0008119004555315664,0.9887476413192243,0.05231700796741847,True,262144
40.0,kappa_prime,-13.05,0.0006910871789270914,0.9887476413192243,0.05231700796741847,True,262144
40.0,kappa_prime,-12.75,0.0007016895034533538,0.9887476413192243,0.05231700796741847,True,262144
40.0,kappa_prime,-12.45,0.0008857785201603456,0.9887476413192243,0.05231700796741847,True,262144
40.0,kappa_prime,-12.15,0.000803724966748365,0.9887476413192243,0.05231700796741847,True,262144
40.0,kappa_prime,-11.85,0.0008353485337881915,0.9887476413192243,0.05231700796741847,True,262144
40.0,kappa_prime,-11.55,0.000990943925607563,0.9887476413192243,0.05231700796741847,True,262144
40.0,kappa_prime,-11.25,0.0009652497083130158,0.9887476413192243,0.05231700796741847,True,262144
40.0,kappa_prime,-10.95,0.0009801635810035739,0.9887476413192243,0.05231700796741847,True,262144
40.0,kappa_prime,-10.65,0.0010922886622488379,0.9887476413192243,0.05231700796741847,True,262144
40.0,kappa_prime,-10.35,0.0011176812376928562,0.9887476413192243,0.05231700796741847,True,262144
40.0,kappa_prime,-10.05,0.001250550977204832,0.9887476413192243,0.05231700796741847,True,262144
40.0,kappa_prime,-9.75,0.0012964287667379345,0.9887476413192243,0.05231700796741847,True,262144
40.0,kappa_prime,-9.450000000000001,0.001441295339520393,0.9887476413192243,0.05231700796741847,True,262144
40.0,kappa_prime,-9.15,0.0016704770796644413,0.9887476413192243,0.05231700796741847,True,262144
40.0,kappa_prime,-8.85,0.00169440755924193,0.9887476413192243,0.05231700796741847,True,262144
40.0,kappa_prime,-8.55,0.0019283513016647926,0.9887476413192243,0.05231700796741847,True,262144
40.0,kappa_prime,-8.25,0.0019293828060532366,0.9887476413192243,0.05231700796741847,True,262144
40.0,kappa_prime,-7.950000000000001,0.002180305316793627,0.9887476413192243,0.05231700796741847,True,262144
40.0,kappa_prime,-7.65,0.0025408376017902706,0.9887476413192243,0.05231700796741847,True,262144
40.0,kappa_prime,-7.35,0.002448832139768734,0.9887476413192243,0.05231700796741847,True,262144
40.0,kappa_prime,-7.050000000000001,0.0027814776532253784,0.9887476413192243,0.05231700796741847,True,262144
40.0,kappa_prime,-6.75,0.0028313517495011297,0.9887476413192243,0.05231700796741847,True,262144
40.0,kappa_prime,-6.45,0.0034071318629215323,0.9887476413192243,0.05231700796741847,True,262144
40.0,kappa_prime,-6.15,0.003558010690814641,0.9887476413192243,0.05231700796741847,True,262144
40.0,kappa_prime,-5.8500000000000005,0.004169624637851005,0.9887476413192243,0.05231700796741847,True,262144
40.0,kappa_prime,-5.550000000000001,0.005059208092185749,0.9887476413192243,0.05231700796741847,True,262144
40.0,kappa_prime,-5.25,0.005088103213260617,0.9887476413192243,0.05231700796741847,True,262144
40.0,kappa_prime,-4.95,0.005562734877560433,0.9887476413192243,0.05231700796741847,True,262144
40.0,kappa_prime,-4.65,0.00688904508637037,0.9887476413192243,0.05231700796741847,True,262144
40.0,kappa_prime,-4.3500000000000005,0.00774581704251606,0.9887476413192243,0.05231700796741847,True,262144
40.0,kappa_prime,-4.050000000000001,0.009149280814218256,0.9887476413192243,0.05231700796741847,True,262144
40.0,kappa_prime,-3.75,0.010533463411745181,0.9887476413192243,0.05231700796741847,True,262144
40.0,kappa_prime,-3.45,0.01266245119364855,0.9887476413192243,0.05231700796741847,True,262144
40.0,kappa_prime,-3.1500000000000004,0.013880745221767897,0.9887476413192243,0.05231700796741847,True,262144
40.0,kappa_prime,-2.8500000000000005,0.01768543162180841,0.9887476413192243,0.05231700796741847,True,262144
40.0,kappa_prime,-2.5500000000000007,0.021510631190680703,0.9887476413192243,0.05231700796741847,True,262144
40.0,kappa_prime,-2.25,0.02705573876695919,0.9887476413192243,0.05231700796741847,True,262144
40.0,kappa_prime,-1.9500000000000002,0.03410793186260011,0.9887476413192243,0.05231700796741847,True,262144
40.0,kappa_prime,-1.6500000000000004,0.043922564314476824,0.9887476413192243,0.05231700796741847,True,262144
40.0,kappa_prime,-1.3500000000000005,0.05949226596628054,0.9887476413192243,0.05231700796741847,True,262144
40.0,kappa_prime,-1.0500000000000007,0.085832129415111,0.9887476413192243,0.05231700796741847,True,262144
40.0,kappa_prime,-0.7500000000000009,0.1359342608754608,0.9887476413192243,0.05231700796741847,True,262144
40.0,kappa_prime,-0.45000000000000107,0.258188986462927,0.9887476413192243,0.05231700796741847,True,262144
40.0,kappa_prime,-0.15000000000000036,0.8410074949003636,0.9887476413192243,0.05231700796741847,True,262144
40.0,kappa_prime,0.14999999999999947,0.8435050205142133,0.9887476413192243,0.05231700796741847,True,262144
40.0,kappa_prime,0.4499999999999993,0.2544308848189865,0.9887476413192243,0.05231700796741847,True,262144
40.0,kappa_prime,0.7499999999999991,0.13654343802886376,0.9887476413192243,0.05231700796741847,True,262144
40.0,kappa_prime,1.049999999999999,0.0855902378267174,0.9887476413192243,0.05231700796741847,True,262144
40.0,kappa_prime,1.3499999999999996,0.059742656363177375,0.9887476413192243,0.05231700796741847,True,262144
40.0,kappa_prime,1.6500000000000004,0.0430868545107814,0.9887476413192243,0.05231700796741847,True,262144
40.0,kappa_prime,1.9499999999999993,0.03344209377035537,0.9887476413192243,0.05231700796741847,True,262144
40.0,kappa_prime,2.2499999999999982,0.026482186412554884,0.9887476413192243,0.05231700796741847,True,262144
40.0,kappa_prime,2.549999999999999,0.020679344723957074,0.9887476413192243,0.05231700796741847,True,262144
40.0,kappa_prime,2.8499999999999996,0.017612733192277928,0.9887476413192243,0.05231700796741847,True,262144
40.0,kappa_prime,3.1500000000000004,0.014013663819440124,0.9887476413192243,0.05231700796741847,True,262144
40.0,kappa_prime,3.4499999999999993,0.012003223591943795,0.9887476413192243,0.05231700796741847,True,262144
40.0,kappa_prime,3.7499999999999982,0.010139498687595687,0.9887476413192243,0.05231700796741847,True,262144
40.0,kappa_prime,4.049999999999999,0.009289352548003822,0.9887476413192243,0.05231700796741847,True,262144
40.0,kappa_prime,4.35,0.008223427002090005,0.9887476413192243,0.05231700796741847,True,262144
40.0,kappa_prime,4.65,0.006841440079637515,0.9887476413192243,0.05231700796741847,True,262144
40.0,kappa_prime,4.949999999999999,0.005930326955951206,0.9887476413192243,0.05231700796741847,True,262144
40.0,kappa_prime,5.249999999999998,0.0049838851337650975,0.9887476413192243,0.05231700796741847,True,262144
40.0,kappa_prime,5.549999999999999,0.004876408822030505,0.9887476413192243,0.05231700796741847,True,262144
40.0,kappa_prime,5.85,0.003809544260676934,0.9887476413192243,0.05231700796741847,True,262144
40.0,kappa_prime,6.15,0.003740523957090215,0.9887476413192243,0.05231700796741847,True,262144
40.0,kappa_prime,6.449999999999999,0.003488979596276364,0.9887476413192243,0.05231700796741847,True,262144
40.0,kappa_prime,6.749999999999998,0.0030473851813125484,0.9887476413192243,0.05231700796741847,True,262144
40.0,kappa_prime,7.049999999999999,0.0024969678132469872,0.9887476413192243,0.05231700796741847,True,262144
40.0,kappa_prime,7.35,0.0025799130358849106,0.9887476413192243,0.05231700796741847,True,262144
40.0,kappa_prime,7.65,0.002314727884443183,0.9887476413192243,0.05231700796741847,True,262144
40.0,kappa_prime,7.949999999999999,0.0023375078163760375,0.9887476413192243,0.05231700796741847,True,262144
40.0,kappa_prime,8.249999999999998,0.0020975590453053685,0.9887476413192243,0.05231700796741847,True,262144
40.0,kappa_prime,8.549999999999999,0.0019424978065646146,0.9887476413192243,0.05231700796741847,True,262144
40.0,kappa_prime,8.85,0.0016721085786919364,0.9887476413192243,0.05231700796741847,True,262144
40.0,kappa_prime,9.15,0.0016733576101297476,0.9887476413192243,0.05231700796741847,True,262144
40.0,kappa_prime,9.45,0.001669010570274475,0.9887476413192243,0.05231700796741847,True,262144
40.0,kappa_prime,9.749999999999998,0.0014135015777204673,0.9887476413192243,0.05231700796741847,True,262144
40.0,kappa_prime,10.049999999999999,0.0013704833684493793,0.9887476413192243,0.05231700796741847,True,262144
40.0,kappa_prime,10.35,0.0011459788496208287,0.9887476413192243,0.05231700796741847,True,262144
40.0,kappa_prime,10.65,0.0012154052090550841,0.9887476413192243,0.05231700796741847,True,262144
40.0,kappa_prime,10.95,0.0010379904594045048,0.9887476413192243,0.05231700796741847,True,262144
40.0,kappa_prime,11.249999999999998,0.0010506022654324571,0.9887476413192243,0.05231700796741847,True,262144
40.0,kappa_prime,11.549999999999999,0.0010941917841868402,0.9887476413192243,0.05231700796741847,True,262144
40.0,kappa_prime,11.85,0.0008057308874072021,0.9887476413192243,0.05231700796741847,True,262144
40.0,kappa_prime,12.15,0.0010201488692539366,0.9887476413192243,0.05231700796741847,True,262144
40.0,kappa_prime,12.45,0.0007724367248993006,0.9887476413192243,0.05231700796741847,True,262144
40.0,kappa_prime,12.749999999999998,0.0008225623687881973,0.9887476413192243,0.05231700796741847,True,262144
40.0,kappa_prime,13.049999999999999,0.000788297052199152,0.9887476413192243,0.05231700796741847,True,262144
40.0,kappa_prime,13.35,0.0006736117399659932,0.9887476413192243,0.05231700796741847,True,262144
40.0,kappa_prime,13.649999999999999,0.0006719808034598378,0.9887476413192243,0.05231700796741847,True,262144
40.0,kappa_prime,13.949999999999998,0.0006592217408839136,0.9887476413192243,0.05231700796741847,True,262144
40.0,kappa_prime,14.249999999999998,0.0006157610913984176,0.9887476413192243,0.05231700796741847,True,262144
40.0,kappa_prime,14.549999999999999,0.00048402574563240555,0.9887476413192243,0.05231700796741847,True,262144
40.0,kappa_prime,14.85,0.0004436015501972622,0.9887476413192243,0.05231700796741847,True,262144
55.0,kappa_prime,-14.85,0.0006795104356474765,0.9812255484222061,0.05231700796741847,True,262144
55.0,kappa_prime,-14.55,0.0008831534351345896,0.9812255484222061,0.05231700796741847,True,262144
55.0,kappa_prime,-14.25,0.0009621613447363468,0.9812255484222061,0.05231700796741847,True,262144
55.0,kappa_prime,-13.95,0.0009172922030769992,0.9812255484222061,0.05231700796741847,True,262144
55.0,kappa_prime,-13.65,0.0011178885931204415,0.9812255484222061,0.05231700796741847,True,262144
55.0,kappa_prime,-13.35,0.0010785753838339017,0.9812255484222061,0.05231700796741847,True,262144
55.0,kappa_prime,-13.05,0.0010956696251084128,0.9812255484222061,0.05231700796741847,True,262144
55.0,kappa_prime,-12.75,0.0012250239170127554,0.9812255484222061,0.05231700796741847,True,262144
55.0,kappa_prime,-12.45,0.0012526283133044646,0.9812255484222061,0.05231700796741847,True,262144
55.0,kappa_prime,-12.15,0.0013303729593495018,0.9812255484222061,0.05231700796741847,True,262144
55.0,kappa_prime,-11.85,0.001437808560118998,0.9812255484222061,0.05231700796741847,True,262144
55.0,kappa_prime,-11.55,0.0015457423021036604,0.9812255484222061,0.05231700796741847,True,262144
55.0,kappa_prime,-11.25,0.0014951290438683655,0.9812255484222061,0.05231700796741847,True,262144
55.0,kappa_prime,-10.95,0.0016446247398317366,0.9812255484222061,0.05231700796741847,True,262144
55.0,kappa_prime,-10.65,0.0016083019528848887,0.9812255484222061,0.05231700796741847,True,262144
55.0,kappa_prime,-10.35,0.0018614897718026262,0.9812255484222061,0.05231700796741847,True,262144
55.0,kappa_prime,-10.05,0.001981743472268202,0.9812255484222061,0.05231700796741847,True,262144
55.0,kappa_prime,-9.75,0.001959029191285683,0.9812255484222061,0.05231700796741847,True,262144
55.0,kappa_prime,-9.450000000000001,0.0024679339267973444,0.9812255484222061,0.05231700796741847,True,262144
55.0,kappa_prime,-9.15,0.002302804126847439,0.9812255484222061,0.05231700796741847,True,262144
55.0,kappa_prime,-8.85,0.002698709950916645,0.9812255484222061,0.05231700796741847,True,262144
55.0,kappa_prime,-8.55,0.002764163278896676,0.9812255484222061,0.05231700796741847,True,262144
55.0,kappa_prime,-8.25,0.0032997575072108536,0.9812255484222061,0.05231700796741847,True,262144
55.0,kappa_prime,-7.950000000000001,0.0031388572272672767,0.9812255484222061,0.05231700796741847,True,262144
55.0,kappa_prime,-7.65,0.0034235442650092673,0.9812255484222061,0.05231700796741847,True,262144
55.0,kappa_prime,-7.35,0.0035095805908617167,0.9812255484222061,0.05231700796741847,True,262144
55.0,kappa_prime,-7.050000000000001,0.0038721491403673146,0.9812255484222061,0.05231700796741847,True,262144
55.0,kappa_prime,-6.75,0.004544202335603482,0.9812255484222061,0.05231700796741847,True,262144
55.0,kappa_prime,-6.45,0.004883634559074236,0.9812255484222061,0.05231700796741847,True,262144
55.0,kappa_prime,-6.15,0.005791380515639186,0.9812255484222061,0.05231700796741847,True,262144
55.0,kappa_prime,-5.8500000000000005,0.006045395876780843,0.9812255484222061,0.05231700796741847,True,262144
55.0,kappa_prime,-5.550000000000001,0.0065442050660991565,0.9812255484222061,0.05231700796741847,True,262144
55.0,kappa_prime,-5.25,0.007613930847416774,0.9812255484222061,0.05231700796741847,True,262144
55.0,kappa_prime,-4.95,0.008582447770467757,0.9812255484222061,0.05231700796741847,True,262144
55.0,kappa_prime,-4.65,0.009207769497393702,0.9812255484222061,0.05231700796741847,True,262144
55.0,kappa_prime,-4.3500000000000005,0.010844761250281876,0.9812255484222061,0.05231700796741847,True,262144
55.0,kappa_prime,-4.050000000000001,0.012362001867806914,0.9812255484222061,0.05231700796741847,True,262144
55.0,kappa_prime,-3.75,0.013940987415004895,0.9812255484222061,0.05231700796741847,True,262144
55.0,kappa_prime,-3.45,0.015373886243605705,0.9812255484222061,0.05231700796741847,True,262144
55.0,kappa_prime,-3.1500000000000004,0.019069980825963145,0.9812255484222061,0.05231700796741847,True,262144
55.0,kappa_prime,-2.8500000000000005,0.022573511279014698,0.9812255484222061,0.05231700796741847,True,262144
55.0,kappa_prime,-2.5500000000000007,0.026214138753591024,0.9812255484222061,0.05231700796741847,True,262144
55.0,kappa_prime,-2.25,0.03112524645076008,0.9812255484222061,0.05231700796741847,True,262144
55.0,kappa_prime,-1.9500000000000002,0.0378532411998835,0.9812255484222061,0.05231700796741847,True,262144
55.0,kappa_prime,-1.6500000000000004,0.05013358304142189,0.9812255484222061,0.05231700796741847,True,262144
55.0,kappa_prime,-1.3500000000000005,0.06615040805414987,0.9812255484222061,0.05231700796741847,True,262144
55.0,kappa_prime,-1.0500000000000007,0.0896722797990136,0.9812255484222061,0.05231700796741847,True,262144
55.0,kappa_prime,-0.7500000000000009,0.13758756570629965,0.9812255484222061,0.05231700796741847,True,262144
55.0,kappa_prime,-0.45000000000000107,0.2522431419985498,0.9812255484222061,0.05231700796741847,True,262144
55.0,kappa_prime,-0.15000000000000036,0.7477298395660767,0.9812255484222061,0.05231700796741847,True,262144
55.0,kappa_prime,0.14999999999999947,0.746573192741289,0.9812255484222061,0.05231700796741847,True,262144
55.0,kappa_prime,0.4499999999999993,0.25554320401814884,0.9812255484222061,0.05231700796741847,True,262144
55.0,kappa_prime,0.7499999999999991,0.13337166385491467,0.9812255484222061,0.05231700796741847,True,262144
55.0,kappa_prime,1.049999999999999,0.09230436945834487,0.9812255484222061,0.05231700796741847,True,262144
55.0,kappa_prime,1.3499999999999996,0.06461683391583672,0.9812255484222061,0.05231700796741847,True,262144
55.0,kappa_prime,1.6500000000000004,0.049855722948477184,0.9812255484222061,0.05231700796741847,True,262144
55.0,kappa_prime,1.9499999999999993,0.037957707093708166,0.9812255484222061,0.05231700796741847,True,262144
55.0,kappa_prime,2.2499999999999982,0.031046380662628742,0.9812255484222061,0.05231700796741847,True,262144
55.0,kappa_prime,2.549999999999999,0.0258087994959698,0.9812255484222061,0.05231700796741847,True,262144
55.0,kappa_prime,2.8499999999999996,0.021989270477559348,0.9812255484222061,0.05231700796741847,True,262144
55.0,kappa_prime,3.1500000000000004,0.01837878204858544,0.9812255484222061,0.05231700796741847,True,262144
55.0,kappa_prime,3.4499999999999993,0.015693364809386476,0.9812255484222061,0.05231700796741847,True,262144
55.0,kappa_prime,3.7499999999999982,0.013331925554024458,0.9812255484222061,0.05231700796741847,True,262144
55.0,kappa_prime,4.049999999999999,0.011935693038701253,0.9812255484222061,0.05231700796741847,True,262144
55.0,kappa_prime,4.35,0.010489761045576433,0.9812255484222061,0.05231700796741847,True,262144
55.0,kappa_prime,4.65,0.009180508637747385,0.9812255484222061,0.05231700796741847,True,262144
55.0,kappa_prime,4.949999999999999,0.0077833686141203905,0.9812255484222061,0.05231700796741847,True,262144
55.0,kappa_prime,5.249999999999998,0.0071913848436529005,0.9812255484222061,0.05231700796741847,True,262144
55.0,kappa_prime,5.549999999999999,0.006409615215587976,0.9812255484222061,0.05231700796741847,True,262144
55.0,kappa_prime,5.85,0.006329819984202297,0.9812255484222061,0.05231700796741847,True,262144
55.0,kappa_prime,6.15,0.005419534368913182,0.9812255484222061,0.05231700796741847,True,262144
55.0,kappa_prime,6.449999999999999,0.004817572943156847,0.9812255484222061,0.05231700796741847,True,262144
55.0,kappa_prime,6.749999999999998,0.004570428923986815,0.9812255484222061,0.05231700796741847,True,262144
55.0,kappa_prime,7.049999999999999,0.004327383342298696,0.9812255484222061,0.05231700796741847,True,262144
55.0,kappa_prime,7.35,0.003995765890483872,0.9812255484222061,0.05231700796741847,True,262144
55.0,kappa_prime,7.65,0.0034986086953883127,0.9812255484222061,0.05231700796741847,True,262144
55.0,kappa_prime,7.949999999999999,0.0029405925265591853,0.9812255484222061,0.05231700796741847,True,262144
55.0,kappa_prime,8.249999999999998,0.0030559281928516733,0.9812255484222061,0.05231700796741847,True,262144
55.0,kappa_prime,8.549999999999999,0.002901010714817444,0.9812255484222061,0.05231700796741847,True,262144
55.0,kappa_prime,8.85,0.0025585621371834047,0.9812255484222061,0.05231700796741847,True,262144
55.0,kappa_prime,9.15,0.0026013430602067305,0.9812255484222061,0.05231700796741847,True,262144
55.0,kappa_prime,9.45,0.002067229779613311,0.9812255484222061,0.05231700796741847,True,262144
55.0,kappa_prime,9.749999999999998,0.001999825490605603,0.9812255484222061,0.05231700796741847,True,262144
55.0,kappa_prime,10.049999999999999,0.0018737191008685492,0.9812255484222061,0.05231700796741847,True,262144
55.0,kappa_prime,10.35,0.001908877724653269,0.9812255484222061,0.05231700796741847,True,262144
55.0,kappa_prime,10.65,0.0018413486677799228,0.9812255484222061,0.05231700796741847,True,262144
55.0,kappa_prime,10.95,0.0016805688146266531,0.9812255484222061,0.05231700796741847,True,262144
55.0,kappa_prime,11.249999999999998,0.0015189947940419657,0.9812255484222061,0.05231700796741847,True,262144
55.0,kappa_prime,11.549999999999999,0.0015808799423715884,0.9812255484222061,0.05231700796741847,True,262144
55.0,kappa_prime,11.85,0.0014609646938730648,0.9812255484222061,0.05231700796741847,True,262144
55.0,kappa_prime,12.15,0.0015298641324377447,0.9812255484222061,0.05231700796741847,True,262144
55.0,kappa_prime,12.45,0.0013342102544717188,0.9812255484222061,0.05231700796741847,True,262144
55.0,kappa_prime,12.749999999999998,0.0011874051272630773,0.9812255484222061,0.05231700796741847,True,262144
55.0,kappa_prime,13.049999999999999,0.0011673722798414671,0.9812255484222061,0.05231700796741847,True,262144
55.0,kappa_prime,13.35,0.001159929681777008,0.9812255484222061,0.05231700796741847,True,262144
55.0,kappa_prime,13.649999999999999,0.0010226531363194654,0.9812255484222061,0.05231700796741847,True,262144
55.0,kappa_prime,13.949999999999998,0.0008976182970068459,0.9812255484222061,0.05231700796741847,True,262144
55.0,kappa_prime,14.249999999999998,0.0008609217993884819,0.9812255484222061,0.05231700796741847,True,262144
55.0,kappa_prime,14.549999999999999,0.0008319007156088504,0.9812255484222061,0.05231700796741847,True,262144
55.0,kappa_prime,14.85,0.0007082592086011519,0.9812255484222061,0.05231700796741847,True,262144
70.0,kappa_prime,-14.85,0.0011031557113529112,0.9737010972174708,0.05231700796741847,True,262144
70.0,kappa_prime,-14.55,0.0012801010893008177,0.9737010972174708,0.05231700796741847,True,262144
70.0,kappa_prime,-14.25,0.0010753306515947597,0.9737010972174708,0.05231700796741847,True,262144
70.0,kappa_prime,-13.95,0.001325989983309472,0.9737010972174708,0.05231700796741847,True,262144
70.0,kappa_prime,-13.65,0.0014269978528848432,0.9737010972174708,0.05231700796741847,True,262144
70.0,kappa_prime,-13.35,0.0013986140842447575,0.9737010972174708,0.05231700796741847,True,262144
70.0,kappa_prime,-13.05,0.0013673929546651608,0.9737010972174708,0.05231700796741847,True,262144
70.0,kappa_prime,-12.75,0.001692453108693913,0.9737010972174708,0.05231700796741847,True,262144
70.0,kappa_prime,-12.45,0.001940012314579103,0.9737010972174708,0.05231700796741847,True,262144
70.0,kappa_prime,-12.15,0.00188242420929615,0.9737010972174708,0.05231700796741847,True,262144
70.0,kappa_prime,-11.85,0.00170582623374702,0.9737010972174708,0.05231700796741847,True,262144
70.0,kappa_prime,-11.55,0.0020647663191365098,0.9737010972174708,0.05231700796741847,True,262144
70.0,kappa_prime,-11.25,0.002116634249297174,0.9737010972174708,0.05231700796741847,True,262144
70.0,kappa_prime,-10.95,0.002214725246905251,0.9737010972174708,0.05231700796741847,True,262144
70.0,kappa_prime,-10.65,0.0023253482098643074,0.9737010972174708,0.05231700796741847,True,262144
70.0,kappa_prime,-10.35,0.002818511618225699,0.9737010972174708,0.05231700796741847,True,262144
70.0,kappa_prime,-10.05,0.0028324228417728756,0.9737010972174708,0.05231700796741847,True,262144
70.0,kappa_prime,-9.75,0.0029357478529462933,0.9737010972174708,0.05231700796741847,True,262144
70.0,kappa_prime,-9.450000000000001,0.0028634142135641914,0.9737010972174708,0.05231700796741847,True,262144
70.0,kappa_prime,-9.15,0.0033152427973354016,0.9737010972174708,0.05231700796741847,True,262144
70.0,kappa_prime,-8.85,0.0033223177103826372,0.9737010972174708,0.05231700796741847,True,262144
70.0,kappa_prime,-8.55,0.0036721904108371946,0.9737010972174708,0.05231700796741847,True,262144
70.0,kappa_prime,-8.25,0.004115816606382422,0.9737010972174708,0.05231700796741847,True,262144
70.0,kappa_prime,-7.950000000000001,0.004605004785843158,0.9737010972174708,0.05231700796741847,True,262144
70.0,kappa_prime,-7.65,0.004299328915842664,0.9737010972174708,0.05231700796741847,True,262144
70.0,kappa_prime,-7.35,0.00498011716830031,0.9737010972174708,0.05231700796741847,True,262144
70.0,kappa_prime,-7.050000000000001,0.005303798486929623,0.9737010972174708,0.05231700796741847,True,262144
70.0,kappa_prime,-6.75,0.006795386498735205,0.9737010972174708,0.05231700796741847,True,262144
70.0,kappa_prime,-6.45,0.006855911985211101,0.9737010972174708,0.05231700796741847,True,262144
70.0,kappa_prime,-6.15,0.00715189337368975,0.9737010972174708,0.05231700796741847,True,262144
70.0,kappa_prime,-5.8500000000000005,0.007874391557438647,0.9737010972174708,0.05231700796741847,True,262144
70.0,kappa_prime,-5.550000000000001,0.008884278307153437,0.9737010972174708,0.05231700796741847,True,262144
70.0,kappa_prime,-5.25,0.00978290558293623,0.9737010972174708,0.05231700796741847,True,262144
70.0,kappa_prime,-4.95,0.011187427286385972,0.9737010972174708,0.05231700796741847,True,262144
70.0,kappa_prime,-4.65,0.012158890917744483,0.9737010972174708,0.05231700796741847,True,262144
70.0,kappa_prime,-4.3500000000000005,0.013210271535698844,0.9737010972174708,0.05231700796741847,True,262144
70.0,kappa_prime,-4.050000000000001,0.015224085381785817,0.9737010972174708,0.05231700796741847,True,262144
70.0,kappa_prime,-3.75,0.018187588862511275,0.9737010972174708,0.05231700796741847,True,262144
70.0,kappa_prime,-3.45,0.020594270352815833,0.9737010972174708,0.05231700796741847,True,262144
70.0,kappa_prime,-3.1500000000000004,0.022503517195433868,0.9737010972174708,0.05231700796741847,True,262144
70.0,kappa_prime,-2.8500000000000005,0.02589039161422983,0.9737010972174708,0.05231700796741847,True,262144
70.0,kappa_prime,-2.5500000000000007,0.030978737739710303,0.9737010972174708,0.05231700796741847,True,262144
70.0,kappa_prime,-2.25,0.038540673940989076,0.9737010972174708,0.05231700796741847,True,262144
70.0,kappa_prime,-1.9500000000000002,0.046314173546367646,0.9737010972174708,0.05231700796741847,True,262144
70.0,kappa_prime,-1.6500000000000004,0.05836580524276445,0.9737010972174708,0.05231700796741847,True,262144
70.0,kappa_prime,-1.3500000000000005,0.0743092503450392,0.9737010972174708,0.05231700796741847,True,262144
70.0,kappa_prime,-1.0500000000000007,0.10181296626338826,0.9737010972174708,0.05231700796741847,True,262144
70.0,kappa_prime,-0.7500000000000009,0.15028844374781827,0.9737010972174708,0.05231700796741847,True,262144
70.0,kappa_prime,-0.45000000000000107,0.26530383439259886,0.9737010972174708,0.05231700796741847,True,262144
70.0,kappa_prime,-0.15000000000000036,0.603888460569705,0.9737010972174708,0.05231700796741847,True,262144
70.0,kappa_prime,0.14999999999999947,0.6058751168775789,0.9737010972174708,0.05231700796741847,True,262144
70.0,kappa_prime,0.4499999999999993,0.26025750479374543,0.9737010972174708,0.05231700796741847,True,262144
70.0,kappa_prime,0.7499999999999991,0.1539172318703541,0.9737010972174708,0.05231700796741847,True,262144
70.0,kappa_prime,1.049999999999999,0.0996951544511507,0.9737010972174708,0.05231700796741847,True,262144
70.0,kappa_prime,1.3499999999999996,0.07322978121170128,0.9737010972174708,0.05231700796741847,True,262144
70.0,kappa_prime,1.6500000000000004,0.058271394468149496,0.9737010972174708,0.05231700796741847,True,262144
70.0,kappa_prime,1.9499999999999993,0.0468074420016565,0.9737010972174708,0.05231700796741847,True,262144
70.0,kappa_prime,2.2499999999999982,0.037154244731707434,0.9737010972174708,0.05231700796741847,True,262144
70.0,kappa_prime,2.549999999999999,0.03154194202352541,0.9737010972174708,0.05231700796741847,True,262144
70.0,kappa_prime,2.8499999999999996,0.02672665781006494,0.9737010972174708,0.05231700796741847,True,262144
70.0,kappa_prime,3.1500000000000004,0.022561805847149327,0.9737010972174708,0.05231700796741847,True,262144
70.0,kappa_prime,3.4499999999999993,0.020062234597531835,0.9737010972174708,0.05231700796741847,True,262144
70.0,kappa_prime,3.7499999999999982,0.016861635889041552,0.9737010972174708,0.05231700796741847,True,262144
70.0,kappa_prime,4.049999999999999,0.015016601579593334,0.9737010972174708,0.05231700796741847,True,262144
70.0,kappa_prime,4.35,0.013707271209788447,0.9737010972174708,0.05231700796741847,True,262144
70.0,kappa_prime,4.65,0.011743013857414476,0.9737010972174708,0.05231700796741847,True,262144
70.0,kappa_prime,4.949999999999999,0.01055786135590497,0.9737010972174708,0.05231700796741847,True,262144
70.0,kappa_prime,5.249999999999998,0.00952474931602914,0.9737010972174708,0.05231700796741847,True,262144
70.0,kappa_prime,5.549999999999999,0.007878291628867337,0.9737010972174708,0.05231700796741847,True,262144
70.0,kappa_prime,5.85,0.007831999187201618,0.9737010972174708,0.05231700796741847,True,262144
70.0,kappa_prime,6.15,0.007282595943205889,0.9737010972174708,0.05231700796741847,True,262144
70.0,kappa_prime,6.449999999999999,0.006340586799988512,0.9737010972174708,0.05231700796741847,True,262144
70.0,kappa_prime,6.749999999999998,0.006296000284800959,0.9737010972174708,0.05231700796741847,True,262144
70.0,kappa_prime,7.049999999999999,0.005225036964565245,0.9737010972174708,0.05231700796741847,True,262144
70.0,kappa_prime,7.35,0.005149289232913486,0.9737010972174708,0.05231700796741847,True,262144
70.0,kappa_prime,7.65,0.004610057044903499,0.9737010972174708,0.05231700796741847,True,262144
70.0,kappa_prime,7.949999999999999,0.004592723559698321,0.9737010972174708,0.05231700796741847,True,262144
70.0,kappa_prime,8.249999999999998,0.00441777654124556,0.9737010972174708,0.05231700796741847,True,262144
70.0,kappa_prime,8.549999999999999,0.0037210415219089844,0.9737010972174708,0.05231700796741847,True,262144
70.0,kappa_prime,8.85,0.003600749198473993,0.9737010972174708,0.05231700796741847,True,262144
70.0,kappa_prime,9.15,0.003266748376519401,0.9737010972174708,0.05231700796741847,True,262144
70.0,kappa_prime,9.45,0.003070049361833549,0.9737010972174708,0.05231700796741847,True,262144
70.0,kappa_prime,9.749999999999998,0.0029856126732916775,0.9737010972174708,0.05231700796741847,True,262144
70.0,kappa_prime,10.049999999999999,0.0027362883086751145,0.9737010972174708,0.05231700796741847,True,262144
70.0,kappa_prime,10.35,0.0023901386493800896,0.9737010972174708,0.05231700796741847,True,262144
70.0,kappa_prime,10.65,0.0023281533174426207,0.9737010972174708,0.05231700796741847,True,262144
70.0,kappa_prime,10.95,0.002034502439071375,0.9737010972174708,0.05231700796741847,True,262144
70.0,kappa_prime,11.249999999999998,0.0020906261779132518,0.9737010972174708,0.05231700796741847,True,262144
70.0,kappa_prime,11.549999999999999,0.0019751667077777453,0.9737010972174708,0.05231700796741847,True,262144
70.0,kappa_prime,11.85,0.0019432367381423394,0.9737010972174708,0.05231700796741847,True,262144
70.0,kappa_prime,12.15,0.0018129978844468506,0.9737010972174708,0.05231700796741847,True,262144
70.0,kappa_prime,12.45,0.00162628574994522,0.9737010972174708,0.05231700796741847,True,262144
70.0,kappa_prime,12.749999999999998,0.0016564509690556557,0.9737010972174708,0.05231700796741847,True,262144
70.0,kappa_prime,13.049999999999999,0.0013561057882121787,0.9737010972174708,0.05231700796741847,True,262144
70.0,kappa_prime,13.35,0.0015771273128462977,0.9737010972174708,0.05231700796741847,True,262144
70.0,kappa_prime,13.649999999999999,0.0013173018334095067,0.9737010972174708,0.05231700796741847,True,262144
70.0,kappa_prime,13.949999999999998,0.0013384914028311435,0.9737010972174708,0.05231700796741847,True,262144
70.0,kappa_prime,14.249999999999998,0.0012570090850954655,0.9737010972174708,0.05231700796741847,True,262144
70.0,kappa_prime,14.549999999999999,0.0012259146373019016,0.9737010972174708,0.05231700796741847,True,262144
70.0,kappa_prime,14.85,0.0011370829777982022,0.9737010972174708,0.05231700796741847,True,262144
100.0,kappa_prime,-14.85,0.0011089324921006018,0.9751311597375869,0.05231700796741847,True,262144
100.0,kappa_prime,-14.55,0.001393761256076192,0.9751311597375869,0.05231700796741847,True,262144
100.0,kappa_prime,-14.25,0.0011381638644974634,0.9751311597375869,0.05231700796741847,True,262144
100.0,kappa_prime,-13.95,0.0013738458292641648,0.9751311597375869,0.05231700796741847,True,262144
100.0,kappa_prime,-13.65,0.0014425288861735018,0.9751311597375869,0.05231700796741847,True,262144
100.0,kappa_prime,-13.35,0.0013997900219449451,0.9751311597375869,0.05231700796741847,True,262144
100.0,kappa_prime,-13.05,0.001544452919608766,0.9751311597375869,0.05231700796741847,True,262144
100.0,kappa_prime,-12.75,0.0014270786218037867,0.9751311597375869,0.05231700796741847,True,262144
100.0,kappa_prime,-12.45,0.0015245905586430378,0.9751311597375869,0.05231700796741847,True,262144
100.0,kappa_prime,-12.15,0.0019235547496664316,0.9751311597375869,0.05231700796741847,True,262144
100.0,kappa_prime,-11.85,0.0018403257629547884,0.9751311597375869,0.05231700796741847,True,262144
100.0,kappa_prime,-11.55,0.001953229243108613,0.9751311597375869,0.05231700796741847,True,262144
100.0,kappa_prime,-11.25,0.0017433732534133158,0.9751311597375869,0.05231700796741847,True,262144
100.0,kappa_prime,-10.95,0.0018684087344837668,0.9751311597375869,0.05231700796741847,True,262144
100.0,kappa_prime,-10.65,0.0024496974563137136,0.9751311597375869,0.05231700796741847,True,262144
100.0,kappa_prime,-10.35,0.0025652884512729177,0.9751311597375869,0.05231700796741847,True,262144
100.0,kappa_prime,-10.05,0.0029812566403848656,0.9751311597375869,0.05231700796741847,True,262144
100.0,kappa_prime,-9.75,0.0026859149249594846,0.9751311597375869,0.05231700796741847,True,262144
100.0,kappa_prime,-9.450000000000001,0.0029840552363753353,0.9751311597375869,0.05231700796741847,True,262144
100.0,kappa_prime,-9.15,0.003170900722346969,0.9751311597375869,0.05231700796741847,True,262144
100.0,kappa_prime,-8.85,0.003535123457024937,0.9751311597375869,0.05231700796741847,True,262144
100.0,kappa_prime,-8.55,0.003596054868771844,0.9751311597375869,0.05231700796741847,True,262144
100.0,kappa_prime,-8.25,0.003874744902390289,0.9751311597375869,0.05231700796741847,True,262144
100.0,kappa_prime,-7.950000000000001,0.0042827736419224745,0.9751311597375869,0.05231700796741847,True,262144
100.0,kappa_prime,-7.65,0.004838262633161341,0.9751311597375869,0.05231700796741847,True,262144
100.0,kappa_prime,-7.35,0.004654095372356034,0.9751311597375869,0.05231700796741847,True,262144
100.0,kappa_prime,-7.050000000000001,0.005215397416311787,0.9751311597375869,0.05231700796741847,True,262144
100.0,kappa_prime,-6.75,0.006007347556972102,0.9751311597375869,0.05231700796741847,True,262144
100.0,kappa_prime,-6.45,0.007106281433354839,0.9751311597375869,0.05231700796741847,True,262144
100.0,kappa_prime,-6.15,0.00753895868724873,0.9751311597375869,0.05231700796741847,True,262144
100.0,kappa_prime,-5.8500000000000005,0.007899053150554926,0.9751311597375869,0.05231700796741847,True,262144
100.0,kappa_prime,-5.550000000000001,0.008310009936868654,0.9751311597375869,0.05231700796741847,True,262144
100.0,kappa_prime,-5.25,0.009402621325309696,0.9751311597375869,0.05231700796741847,True,262144
100.0,kappa_prime,-4.95,0.011205999715888527,0.9751311597375869,0.05231700796741847,True,262144
100.0,kappa_prime,-4.65,0.01220773843881241,0.9751311597375869,0.05231700796741847,True,262144
100.0,kappa_prime,-4.3500000000000005,0.013603178353576644,0.9751311597375869,0.05231700796741847,True,262144
100.0,kappa_prime,-4.050000000000001,0.01549431735189923,0.9751311597375869,0.05231700796741847,True,262144
100.0,kappa_prime,-3.75,0.017861981740342918,0.9751311597375869,0.05231700796741847,True,262144
100.0,kappa_prime,-3.45,0.020146569041268155,0.9751311597375869,0.05231700796741847,True,262144
100.0,kappa_prime,-3.1500000000000004,0.023311355593487848,0.9751311597375869,0.05231700796741847,True,262144
100.0,kappa_prime,-2.8500000000000005,0.02656783493763236,0.9751311597375869,0.05231700796741847,True,262144
100.0,kappa_prime,-2.5500000000000007,0.03163884293893916,0.9751311597375869,0.05231700796741847,True,262144
100.0,kappa_prime,-2.25,0.03836815685905029,0.9751311597375869,0.05231700796741847,True,262144
100.0,kappa_prime,-1.9500000000000002,0.04769994304587981,0.9751311597375869,0.05231700796741847,True,262144
100.0,kappa_prime,-1.6500000000000004,0.05988194151665058,0.9751311597375869,0.05231700796741847,True,262144
100.0,kappa_prime,-1.3500000000000005,0.07601910162955207,0.9751311597375869,0.05231700796741847,True,262144
100.0,kappa_prime,-1.0500000000000007,0.10421167480036014,0.9751311597375869,0.05231700796741847,True,262144
100.0,kappa_prime,-0.7500000000000009,0.1540455072770612,0.9751311597375869,0.05231700796741847,True,262144
100.0,kappa_prime,-0.45000000000000107,0.26962757115765335,0.9751311597375869,0.05231700796741847,True,262144
100.0,kappa_prime,-0.15000000000000036,0.5907163175865456,0.9751311597375869,0.05231700796741847,True,262144
100.0,kappa_prime,0.14999999999999947,0.5953548127691678,0.9751311597375869,0.05231700796741847,True,262144
100.0,kappa_prime,0.4499999999999993,0.26693282002340774,0.9751311597375869,0.05231700796741847,True,262144
100.0,kappa_prime,0.7499999999999991,0.15405652051488058,0.9751311597375869,0.05231700796741847,True,262144
100.0,kappa_prime,1.049999999999999,0.1035573223991074,0.9751311597375869,0.05231700796741847,True,262144
100.0,kappa_prime,1.3499999999999996,0.07463574952978823,0.9751311597375869,0.05231700796741847,True,262144
100.0,kappa_prime,1.6500000000000004,0.059558415456728735,0.9751311597375869,0.05231700796741847,True,262144
100.0,kappa_prime,1.9499999999999993,0.04792245814248661,0.9751311597375869,0.05231700796741847,True,262144
100.0,kappa_prime,2.2499999999999982,0.038398928355237394,0.9751311597375869,0.05231700796741847,True,262144
100.0,kappa_prime,2.549999999999999,0.031936671555421944,0.9751311597375869,0.05231700796741847,True,262144
100.0,kappa_prime,2.8499999999999996,0.026373061788958926,0.9751311597375869,0.05231700796741847,True,262144
100.0,kappa_prime,3.1500000000000004,0.022984367985146435,0.9751311597375869,0.05231700796741847,True,262144
100.0,kappa_prime,3.4499999999999993,0.019920068491984168,0.9751311597375869,0.05231700796741847,True,262144
100.0,kappa_prime,3.7499999999999982,0.01707297980432884,0.9751311597375869,0.05231700796741847,True,262144
100.0,kappa_prime,4.049999999999999,0.015248609635530099,0.9751311597375869,0.05231700796741847,True,262144
100.0,kappa_prime,4.35,0.013427402855350736,0.9751311597375869,0.05231700796741847,True,262144
100.0,kappa_prime,4.65,0.011784271121863924,0.9751311597375869,0.05231700796741847,True,262144
100.0,kappa_prime,4.949999999999999,0.010502751069810065,0.9751311597375869,0.05231700796741847,True,262144
100.0,kappa_prime,5.249999999999998,0.008976515037932052,0.9751311597375869,0.05231700796741847,True,262144
100.0,kappa_prime,5.549999999999999,0.008406625113369318,0.9751311597375869,0.05231700796741847,True,262144
100.0,kappa_prime,5.85,0.007774406727112544,0.9751311597375869,0.05231700796741847,True,262144
100.0,kappa_prime,6.15,0.007158355080556004,0.9751311597375869,0.05231700796741847,True,262144
100.0,kappa_prime,6.449999999999999,0.006437700766157766,0.9751311597375869,0.05231700796741847,True,262144
100.0,kappa_prime,6.749999999999998,0.005815466567255847,0.9751311597375869,0.05231700796741847,True,262144
100.0,kappa_prime,7.049999999999999,0.005227845139527208,0.9751311597375869,0.05231700796741847,True,262144
100.0,kappa_prime,7.35,0.005081907371026083,0.9751311597375869,0.05231700796741847,True,262144
100.0,kappa_prime,7.65,0.004974646928993842,0.9751311597375869,0.05231700796741847,True,262144
100.0,kappa_prime,7.949999999999999,0.004725747190705498,0.9751311597375869,0.05231700796741847,True,262144
100.0,kappa_prime,8.249999999999998,0.00395531249087799,0.9751311597375869,0.05231700796741847,True,262144
100.0,kappa_prime,8.549999999999999,0.0035010354257472972,0.9751311597375869,0.05231700796741847,True,262144
100.0,kappa_prime,8.85,0.00360572804869411,0.9751311597375869,0.05231700796741847,True,262144
100.0,kappa_prime,9.15,0.003056113403150317,0.9751311597375869,0.05231700796741847,True,262144
100.0,kappa_prime,9.45,0.002904253642656042,0.9751311597375869,0.05231700796741847,True,262144
100.0,kappa_prime,9.749999999999998,0.0028946939570100192,0.9751311597375869,0.05231700796741847,True,262144
100.0,kappa_prime,10.049999999999999,0.0024505468215543507,0.9751311597375869,0.05231700796741847,True,262144
100.0,kappa_prime,10.35,0.002182910392974935,0.9751311597375869,0.05231700796741847,True,262144
100.0,kappa_prime,10.65,0.0023890008762801106,0.9751311597375869,0.05231700796741847,True,262144
100.0,kappa_prime,10.95,0.002047642091709862,0.9751311597375869,0.05231700796741847,True,262144
100.0,kappa_prime,11.249999999999998,0.00196930411824227,0.9751311597375869,0.05231700796741847,True,262144
100.0,kappa_prime,11.549999999999999,0.0019024844746516284,0.9751311597375869,0.05231700796741847,True,262144
100.0,kappa_prime,11.85,0.0018643012647373961,0.9751311597375869,0.05231700796741847,True,262144
100.0,kappa_prime,12.15,0.0017359473112978315,0.9751311597375869,0.05231700796741847,True,262144
100.0,kappa_prime,12.45,0.0015593331934106204,0.9751311597375869,0.05231700796741847,True,262144
100.0,kappa_prime,12.749999999999998,0.0015796281762283334,0.9751311597375869,0.05231700796741847,True,262144
100.0,kappa_prime,13.049999999999999,0.001355536019619752,0.9751311597375869,0.05231700796741847,True,262144
100.0,kappa_prime,13.35,0.0016232646431984775,0.9751311597375869,0.05231700796741847,True,262144
100.0,kappa_prime,13.649999999999999,0.001251370050422103,0.9751311597375869,0.05231700796741847,True,262144
100.0,kappa_prime,13.949999999999998,0.001324649296164926,0.9751311597375869,0.05231700796741847,True,262144
100.0,kappa_prime,14.249999999999998,0.0011080436269687193,0.9751311597375869,0.05231700796741847,True,262144
100.0,kappa_prime,14.549999999999999,0.0013687466106010173,0.9751311597375869,0.05231700796741847,True,262144
100.0,kappa_prime,14.85,0.0011730197750156983,0.9751311597375869,0.05231700796741847,True,262144
0.0,kappa_tau,-4.95,0.0009006815147494638,0.9968027171881719,0.05231700796741847,True,262144
0.0,kappa_tau,-4.85,0.000695972372718132,0.9968027171881719,0.05231700796741847,True,262144
0.0,kappa_tau,-4.75,0.0008802528089677578,0.9968027171881719,0.05231700796741847,True,262144
0.0,kappa_tau,-4.65,0.0012724903903094298,0.9968027171881719,0.05231700796741847,True,262144
0.0,kappa_tau,-4.55,0.001237699188640485,0.9968027171881719,0.05231700796741847,True,262144
0.0,kappa_tau,-4.45,0.0011658193666811646,0.9968027171881719,0.05231700796741847,True,262144
0.0,kappa_tau,-4.35,0.001624853622543145,0.9968027171881719,0.05231700796741847,True,262144
0.0,kappa_tau,-4.25,0.0014779401865069087,0.9968027171881719,0.05231700796741847,True,262144
0.0,kappa_tau,-4.15,0.0013800174276627972,0.9968027171881719,0.05231700796741847,True,262144
0.0,kappa_tau,-4.05,0.0015563067776156994,0.9968027171881719,0.05231700796741847,True,262144
0.0,kappa_tau,-3.95,0.0014049904052113199,0.9968027171881719,0.05231700796741847,True,262144
0.0,kappa_tau,-3.8499999999999996,0.0021568830698775725,0.9968027171881719,0.05231700796741847,True,262144
0.0,kappa_tau,-3.75,0.0020202448118181895,0.9968027171881719,0.05231700796741847,True,262144
0.0,kappa_tau,-3.65,0.0021589511450104356,0.9968027171881719,0.05231700796741847,True,262144
0.0,kappa_tau,-3.55,0.002464353771392893,0.9968027171881719,0.05231700796741847,True,262144
0.0,kappa_tau,-3.45,0.0029310967713450666,0.9968027171881719,0.05231700796741847,True,262144
0.0,kappa_tau,-3.3499999999999996,0.0031585183763507404,0.9968027171881719,0.05231700796741847,True,262144
0.0,kappa_tau,-3.25,0.0030530820264191207,0.9968027171881719,0.05231700796741847,True,262144
0.0,kappa_tau,-3.15,0.0042527533313805295,0.9968027171881719,0.05231700796741847,True,262144
0.0,kappa_tau,-3.05,0.004387221649330041,0.9968027171881719,0.05231700796741847,True,262144
0.0,kappa_tau,-2.95,0.0040114411050613955,0.9968027171881719,0.05231700796741847,True,262144
0.0,kappa_tau,-2.8499999999999996,0.0055292557030310035,0.9968027171881719,0.05231700796741847,True,262144
0.0,kappa_tau,-2.75,0.005343026730125482,0.9968027171881719,0.05231700796741847,True,262144
0.0,kappa_tau,-2.6499999999999995,0.006279265109567801,0.9968027171881719,0.05231700796741847,True,262144
0.0,kappa_tau,-2.55,0.007097872892116987,0.9968027171881719,0.05231700796741847,True,262144
0.0,kappa_tau,-2.45,0.007925214928129679,0.9968027171881719,0.05231700796741847,True,262144
0.0,kappa_tau,-2.3499999999999996,0.009997333520804482,0.9968027171881719,0.05231700796741847,True,262144
0.0,kappa_tau,-2.25,0.009992569278403626,0.9968027171881719,0.05231700796741847,True,262144
0.0,kappa_tau,-2.1499999999999995,0.012222077941849355,0.9968027171881719,0.05231700796741847,True,262144
0.0,kappa_tau,-2.05,0.014113796389467078,0.9968027171881719,0.05231700796741847,True,262144
0.0,kappa_tau,-1.95,0.015047742617604776,0.9968027171881719,0.05231700796741847,True,262144
0.0,kappa_tau,-1.8499999999999999,0.0176775576133008,0.9968027171881719,0.05231700796741847,True,262144
0.0,kappa_tau,-1.7499999999999998,0.02254195415239863,0.9968027171881719,0.05231700796741847,True,262144
0.0,kappa_tau,-1.6499999999999997,0.024618442742161073,0.9968027171881719,0.05231700796741847,True,262144
0.0,kappa_tau,-1.5499999999999998,0.028406188085896893,0.9968027171881719,0.05231700796741847,True,262144
0.0,kappa_tau,-1.45,0.03509993225458652,0.9968027171881719,0.05231700796741847,True,262144
0.0,kappa_tau,-1.3499999999999999,0.04036040142289737,0.9968027171881719,0.05231700796741847,True,262144
0.0,kappa_tau,-1.2499999999999998,0.05040003928895955,0.9968027171881719,0.05231700796741847,True,262144
0.0,kappa_tau,-1.1499999999999997,0.05956630321080486,0.9968027171881719,0.05231700796741847,True,262144
0.0,kappa_tau,-1.0499999999999998,0.07491358678918351,0.9968027171881719,0.05231700796741847,True,262144
0.0,kappa_tau,-0.9499999999999997,0.0911277863804716,0.9968027171881719,0.05231700796741847,True,262144
0.0,kappa_tau,-0.8499999999999996,0.1188587377212903,0.9968027171881719,0.05231700796741847,True,262144
0.0,kappa_tau,-0.75,0.15848435444449083,0.9968027171881719,0.05231700796741847,True,262144
0.0,kappa_tau,-0.6499999999999999,0.20146583049356553,0.9968027171881719,0.05231700796741847,True,262144
0.0,kappa_tau,-0.5499999999999998,0.2601153698389484,0.9968027171881719,0.05231700796741847,True,262144
0.0,kappa_tau,-0.44999999999999973,0.3530873974374826,0.9968027171881719,0.05231700796741847,True,262144
0.0,kappa_tau,-0.34999999999999964,0.4884330405114376,0.9968027171881719,0.05231700796741847,True,262144
0.0,kappa_tau,-0.24999999999999956,0.6714468916646635,0.9968027171881719,0.05231700796741847,True,262144
0.0,kappa_tau,-0.14999999999999947,0.9463405052868642,0.9968027171881719,0.05231700796741847,True,262144
0.0,kappa_tau,-0.04999999999999982,1.2037398445949956,0.9968027171881719,0.05231700796741847,True,262144
0.0,kappa_tau,0.050000000000000266,1.1891210444110019,0.9968027171881719,0.05231700796741847,True,262144
0.0,kappa_tau,0.15000000000000036,0.9408014278971397,0.9968027171881719,0.05231700796741847,True,262144
0.0,kappa_tau,0.25000000000000044,0.6891088523957581,0.9968027171881719,0.05231700796741847,True,262144
0.0,kappa_tau,0.35000000000000053,0.5003605467262882,0.9968027171881719,0.05231700796741847,True,262144
0.0,kappa_tau,0.4500000000000002,0.35584535034308246,0.9968027171881719,0.05231700796741847,True,262144
0.0,kappa_tau,0.5500000000000003,0.25951739182174594,0.9968027171881719,0.05231700796741847,True,262144
0.0,kappa_tau,0.6500000000000004,0.19443303066193754,0.9968027171881719,0.05231700796741847,True,262144
0.0,kappa_tau,0.7500000000000004,0.14981302105940528,0.9968027171881719,0.05231700796741847,True,262144
0.0,kappa_tau,0.8500000000000005,0.11892704486808812,0.9968027171881719,0.05231700796741847,True,262144
0.0,kappa_tau,0.9500000000000002,0.09352230550976383,0.9968027171881719,0.05231700796741847,True,262144
0.0,kappa_tau,1.0500000000000003,0.07703915289413356,0.9968027171881719,0.05231700796741847,True,262144
0.0,kappa_tau,1.1500000000000004,0.06167638760676983,0.9968027171881719,0.05231700796741847,True,262144
0.0,kappa_tau,1.2500000000000004,0.04986090780108142,0.9968027171881719,0.05231700796741847,True,262144
0.0,kappa_tau,1.3500000000000005,0.04285431798660952,0.9968027171881719,0.05231700796741847,True,262144
0.0,kappa_tau,1.4500000000000002,0.03287374795867255,0.9968027171881719,0.05231700796741847,True,262144
0.0,kappa_tau,1.5500000000000003,0.028553840103332125,0.9968027171881719,0.05231700796741847,True,262144
0.0,kappa_tau,1.6500000000000004,0.023770452130505288,0.9968027171881719,0.05231700796741847,True,262144
0.0,kappa_tau,1.7500000000000004,0.020540801439093478,0.9968027171881719,0.05231700796741847,True,262144
0.0,kappa_tau,1.8500000000000005,0.019068532807566357,0.9968027171881719,0.05231700796741847,True,262144
0.0,kappa_tau,1.9500000000000002,0.015511120476044946,0.9968027171881719,0.05231700796741847,True,262144
0.0,kappa_tau,2.0500000000000003,0.013508609662911123,0.9968027171881719,0.05231700796741847,True,262144
0.0,kappa_tau,2.1500000000000004,0.011403621201926182,0.9968027171881719,0.05231700796741847,True,262144
0.0,kappa_tau,2.2500000000000004,0.009539155569793898,0.9968027171881719,0.05231700796741847,True,262144
0.0,kappa_tau,2.3500000000000005,0.009025257788145764,0.9968027171881719,0.05231700796741847,True,262144
0.0,kappa_tau,2.45,0.007665356926350449,0.9968027171881719,0.05231700796741847,True,262144
0.0,kappa_tau,2.5500000000000003,0.006924401793706749,0.9968027171881719,0.05231700796741847,True,262144
0.0,kappa_tau,2.6500000000000004,0.006698501295480807,0.9968027171881719,0.05231700796741847,True,262144
0.0,kappa_tau,2.7500000000000004,0.006085064467750814,0.9968027171881719,0.05231700796741847,True,262144
0.0,kappa_tau,2.8500000000000005,0.005269616773710232,0.9968027171881719,0.05231700796741847,True,262144
0.0,kappa_tau,2.95,0.004941520921830613,0.9968027171881719,0.05231700796741847,True,262144
0.0,kappa_tau,3.05,0.004333502243421715,0.9968027171881719,0.05231700796741847,True,262144
0.0,kappa_tau,3.1500000000000004,0.003727796097259339,0.9968027171881719,0.05231700796741847,True,262144
0.0,kappa_tau,3.250000000000001,0.0028559399054983443,0.9968027171881719,0.05231700796741847,True,262144
0.0,kappa_tau,3.3500000000000005,0.003259403810235634,0.9968027171881719,0.05231700796741847,True,262144
0.0,kappa_tau,3.45,0.0027654410773944637,0.9968027171881719,0.05231700796741847,True,262144
0.0,kappa_tau,3.55,0.002310574753578816,0.9968027171881719,0.05231700796741847,True,262144
0.0,kappa_tau,3.6500000000000004,0.0019961369872278445,0.9968027171881719,0.05231700796741847,True,262144
0.0,kappa_tau,3.750000000000001,0.0021330382702571173,0.9968027171881719,0.05231700796741847,True,262144
0.0,kappa_tau,3.8500000000000005,0.0021820850595618262,0.9968027171881719,0.05231700796741847,True,262144
0.0,kappa_tau,3.95,0.0017513151148462044,0.9968027171881719,0.05231700796741847,True,262144
0.0,kappa_tau,4.05,0.001606319882579871,0.9968027171881719,0.05231700796741847,True,262144
0.0,kappa_tau,4.15,0.0013746631645770058,0.9968027171881719,0.05231700796741847,True,262144
0.0,kappa_tau,4.250000000000001,0.0013457428012236107,0.9968027171881719,0.05231700796741847,True,262144
0.0,kappa_tau,4.3500000000000005,0.0014523037150213154,0.9968027171881719,0.05231700796741847,True,262144
0.0,kappa_tau,4.45,0.0012715962407723943,0.9968027171881719,0.05231700796741847,True,262144
0.0,kappa_tau,4.550000000000001,0.0010681918389105634,0.9968027171881719,0.05231700796741847,True,262144
0.0,kappa_tau,4.650000000000001,0.0010175754790586224,0.9968027171881719,0.05231700796741847,True,262144
0.0,kappa_tau,4.750000000000001,0.0011216873710931585,0.9968027171881719,0.05231700796741847,True,262144
0.0,kappa_tau,4.8500000000000005,0.0007411422509548341,0.9968027171881719,0.05231700796741847,True,262144
0.0,kappa_tau,4.95,0.0010284433535282342,0.9968027171881719,0.05231700796741847,True,262144
1.0,kappa_tau,-4.95,0.0007392939075661166,0.9967352722841573,0.05231700796741847,True,262144
1.0,kappa_tau,-4.85,0.0007152496534187601,0.9967352722841573,0.05231700796741847,True,262144
1.0,kappa_tau,-4.75,0.0009307966375349392,0.9967352722841573,0.05231700796741847,True,262144
1.0,kappa_tau,-4.65,0.0012923684544467867,0.9967352722841573,0.05231700796741847,True,262144
1.0,kappa_tau,-4.55,0.0011967375286838122,0.9967352722841573,0.05231700796741847,True,262144
1.0,kappa_tau,-4.45,0.0013304390389016034,0.9967352722841573,0.05231700796741847,True,262144
1.0,kappa_tau,-4.35,0.00163335686638893,0.9967352722841573,0.05231700796741847,True,262144
1.0,kappa_tau,-4.25,0.0014111795041508077,0.9967352722841573,0.05231700796741847,True,262144
1.0,kappa_tau,-4.15,0.0015264016619854657,0.9967352722841573,0.05231700796741847,True,262144
1.0,kappa_tau,-4.05,0.0015461779416494291,0.9967352722841573,0.05231700796741847,True,262144
1.0,kappa_tau,-3.95,0.0015504758047761899,0.9967352722841573,0.05231700796741847,True,262144
1.0,kappa_tau,-3.8499999999999996,0.001966441722470916,0.9967352722841573,0.05231700796741847,True,262144
1.0,kappa_tau,-3.75,0.002067160560622008,0.9967352722841573,0.05231700796741847,True,262144
1.0,kappa_tau,-3.65,0.0025418737134808413,0.9967352722841573,0.05231700796741847,True,262144
1.0,kappa_tau,-3.55,0.0021768559612039343,0.9967352722841573,0.05231700796741847,True,262144
1.0,kappa_tau,-3.45,0.0030222567245550692,0.9967352722841573,0.05231700796741847,True,262144
1.0,kappa_tau,-3.3499999999999996,0.0032119128636321766,0.9967352722841573,0.05231700796741847,True,262144
1.0,kappa_tau,-3.25,0.0031697790836429976,0.9967352722841573,0.05231700796741847,True,262144
1.0,kappa_tau,-3.15,0.004277593275845027,0.9967352722841573,0.05231700796741847,True,262144
1.0,kappa_tau,-3.05,0.00427027719615113,0.9967352722841573,0.05231700796741847,True,262144
1.0,kappa_tau,-2.95,0.004685348379892784,0.9967352722841573,0.05231700796741847,True,262144
1.0,kappa_tau,-2.8499999999999996,0.0051187042985512176,0.9967352722841573,0.05231700796741847,True,262144
1.0,kappa_tau,-2.75,0.0056142692402302175,0.9967352722841573,0.05231700796741847,True,262144
1.0,kappa_tau,-2.6499999999999995,0.00648128294678733,0.9967352722841573,0.05231700796741847,True,262144
1.0,kappa_tau,-2.55,0.0075693852290109305,0.9967352722841573,0.05231700796741847,True,262144
1.0,kappa_tau,-2.45,0.007846145841523983,0.9967352722841573,0.05231700796741847,True,262144
1.0,kappa_tau,-2.3499999999999996,0.009936514943525808,0.9967352722841573,0.05231700796741847,True,262144
1.0,kappa_tau,-2.25,0.010661761070473067,0.9967352722841573,0.05231700796741847,True,262144
1.0,kappa_tau,-2.1499999999999995,0.01274398386641871,0.9967352722841573,0.05231700796741847,True,262144
1.0,kappa_tau,-2.05,0.013902829310498684,0.9967352722841573,0.05231700796741847,True,262144
1.0,kappa_tau,-1.95,0.015426588635806626,0.9967352722841573,0.05231700796741847,True,262144
1.0,kappa_tau,-1.8499999999999999,0.0185171205235274,0.9967352722841573,0.05231700796741847,True,262144
1.0,kappa_tau,-1.7499999999999998,0.022141670824927618,0.9967352722841573,0.05231700796741847,True,262144
1.0,kappa_tau,-1.6499999999999997,0.02639600288602653,0.9967352722841573,0.05231700796741847,True,262144
1.0,kappa_tau,-1.5499999999999998,0.028344419337713946,0.9967352722841573,0.05231700796741847,True,262144
1.0,kappa_tau,-1.45,0.03639762983110336,0.9967352722841573,0.05231700796741847,True,262144
1.0,kappa_tau,-1.3499999999999999,0.04108117756067257,0.9967352722841573,0.05231700796741847,True,262144
1.0,kappa_tau,-1.2499999999999998,0.05123576984987353,0.9967352722841573,0.05231700796741847,True,262144
1.0,kappa_tau,-1.1499999999999997,0.06185835371509579,0.9967352722841573,0.05231700796741847,True,262144
1.0,kappa_tau,-1.0499999999999998,0.07606065579571325,0.9967352722841573,0.05231700796741847,True,262144
1.0,kappa_tau,-0.9499999999999997,0.09300334899096227,0.9967352722841573,0.05231700796741847,True,262144
1.0,kappa_tau,-0.8499999999999996,0.12101544897406129,0.9967352722841573,0.05231700796741847,True,262144
1.0,kappa_tau,-0.75,0.16315765772518925,0.9967352722841573,0.05231700796741847,True,262144
1.0,kappa_tau,-0.6499999999999999,0.20334026595627505,0.9967352722841573,0.05231700796741847,True,262144
1.0,kappa_tau,-0.5499999999999998,0.26636263508980323,0.9967352722841573,0.05231700796741847,True,262144
1.0,kappa_tau,-0.44999999999999973,0.3594302528788456,0.9967352722841573,0.05231700796741847,True,262144
1.0,kappa_tau,-0.34999999999999964,0.4944628298496853,0.9967352722841573,0.05231700796741847,True,262144
1.0,kappa_tau,-0.24999999999999956,0.671460875958958,0.9967352722841573,0.05231700796741847,True,262144
1.0,kappa_tau,-0.14999999999999947,0.9347611533735407,0.9967352722841573,0.05231700796741847,True,262144
1.0,kappa_tau,-0.04999999999999982,1.1770106429814615,0.9967352722841573,0.05231700796741847,True,262144
1.0,kappa_tau,0.050000000000000266,1.158126500944793,0.9967352722841573,0.05231700796741847,True,262144
1.0,kappa_tau,0.15000000000000036,0.9249595090812693,0.9967352722841573,0.05231700796741847,True,262144
1.0,kappa_tau,0.25000000000000044,0.694300308469157,0.9967352722841573,0.05231700796741847,True,262144
1.0,kappa_tau,0.35000000000000053,0.5049510689878461,0.9967352722841573,0.05231700796741847,True,262144
1.0,kappa_tau,0.4500000000000002,0.3603765172100497,0.9967352722841573,0.05231700796741847,True,262144
1.0,kappa_tau,0.5500000000000003,0.2661896091345733,0.9967352722841573,0.05231700796741847,True,262144
1.0,kappa_tau,0.6500000000000004,0.19736020611658295,0.9967352722841573,0.05231700796741847,True,262144
1.0,kappa_tau,0.7500000000000004,0.15424615783961682,0.9967352722841573,0.05231700796741847,True,262144
1.0,kappa_tau,0.8500000000000005,0.12018830255511828,0.9967352722841573,0.05231700796741847,True,262144
1.0,kappa_tau,0.9500000000000002,0.09715807730355477,0.9967352722841573,0.05231700796741847,True,262144
1.0,kappa_tau,1.0500000000000003,0.07861413475695761,0.9967352722841573,0.05231700796741847,True,262144
1.0,kappa_tau,1.1500000000000004,0.06328211760865853,0.9967352722841573,0.05231700796741847,True,262144
1.0,kappa_tau,1.2500000000000004,0.049527976887277426,0.9967352722841573,0.05231700796741847,True,262144
1.0,kappa_tau,1.3500000000000005,0.044300342825548754,0.9967352722841573,0.05231700796741847,True,262144
1.0,kappa_tau,1.4500000000000002,0.034335732652650566,0.9967352722841573,0.05231700796741847,True,262144
1.0,kappa_tau,1.5500000000000003,0.029589481122710887,0.9967352722841573,0.05231700796741847,True,262144
1.0,kappa_tau,1.6500000000000004,0.024044749182273676,0.9967352722841573,0.05231700796741847,True,262144
1.0,kappa_tau,1.7500000000000004,0.020957457931667766,0.9967352722841573,0.05231700796741847,True,262144
1.0,kappa_tau,1.8500000000000005,0.019678126600097497,0.9967352722841573,0.05231700796741847,True,262144
1.0,kappa_tau,1.9500000000000002,0.015802371519310767,0.9967352722841573,0.05231700796741847,True,262144
1.0,kappa_tau,2.0500000000000003,0.013228863598273223,0.9967352722841573,0.05231700796741847,True,262144
1.0,kappa_tau,2.1500000000000004,0.01197403381041645,0.9967352722841573,0.05231700796741847,True,262144
1.0,kappa_tau,2.2500000000000004,0.009874819076648281,0.9967352722841573,0.05231700796741847,True,262144
1.0,kappa_tau,2.3500000000000005,0.009016530588603537,0.9967352722841573,0.05231700796741847,True,262144
1.0,kappa_tau,2.45,0.007835619766769431,0.9967352722841573,0.05231700796741847,True,262144
1.0,kappa_tau,2.5500000000000003,0.007614434332111993,0.9967352722841573,0.05231700796741847,True,262144
1.0,kappa_tau,2.6500000000000004,0.006341677982130428,0.9967352722841573,0.05231700796741847,True,262144
1.0,kappa_tau,2.7500000000000004,0.006220640341684708,0.9967352722841573,0.05231700796741847,True,262144
1.0,kappa_tau,2.8500000000000005,0.005248537761901236,0.9967352722841573,0.05231700796741847,True,262144
1.0,kappa_tau,2.95,0.0051682649036622315,0.9967352722841573,0.05231700796741847,True,262144
1.0,kappa_tau,3.05,0.0044567657220757565,0.9967352722841573,0.05231700796741847,True,262144
1.0,kappa_tau,3.1500000000000004,0.003943198724910669,0.9967352722841573,0.05231700796741847,True,262144
1.0,kappa_tau,3.250000000000001,0.00294104277281776,0.9967352722841573,0.05231700796741847,True,262144
1.0,kappa_tau,3.3500000000000005,0.003268357114548773,0.9967352722841573,0.05231700796741847,True,262144
1.0,kappa_tau,3.45,0.002893079465722959,0.9967352722841573,0.05231700796741847,True,262144
1.0,kappa_tau,3.55,0.0022554320407228686,0.9967352722841573,0.05231700796741847,True,262144
1.0,kappa_tau,3.6500000000000004,0.0021535834211221607,0.9967352722841573,0.05231700796741847,True,262144
1.0,kappa_tau,3.750000000000001,0.0021236763440065118,0.9967352722841573,0.05231700796741847,True,262144
1.0,kappa_tau,3.8500000000000005,0.0020379886835845016,0.9967352722841573,0.05231700796741847,True,262144
1.0,kappa_tau,3.95,0.0018727486996309953,0.9967352722841573,0.05231700796741847,True,262144
1.0,kappa_tau,4.05,0.0015918949485125642,0.9967352722841573,0.05231700796741847,True,262144
1.0,kappa_tau,4.15,0.0013917706612207883,0.9967352722841573,0.05231700796741847,True,262144
1.0,kappa_tau,4.250000000000001,0.001497903503568457,0.9967352722841573,0.05231700796741847,True,262144
1.0,kappa_tau,4.3500000000000005,0.0013503827648279594,0.9967352722841573,0.05231700796741847,True,262144
1.0,kappa_tau,4.45,0.0013554074007888887,0.9967352722841573,0.05231700796741847,True,262144
1.0,kappa_tau,4.550000000000001,0.0010186822831411417,0.9967352722841573,0.05231700796741847,True,262144
1.0,kappa_tau,4.650000000000001,0.0011568482790287444,0.9967352722841573,0.05231700796741847,True,262144
1.0,kappa_tau,4.750000000000001,0.0010867590766308914,0.9967352722841573,0.05231700796741847,True,262144
1.0,kappa_tau,4.8500000000000005,0.0009690094104303624,0.9967352722841573,0.05231700796741847,True,262144
1.0,kappa_tau,4.95,0.0008746666651000524,0.9967352722841573,0.05231700796741847,True,262144
10.0,kappa_tau,-4.95,0.0009038414764698541,0.9968738252034596,0.05231700796741847,True,262144
10.0,kappa_tau,-4.85,0.001060357979937374,0.9968738252034596,0.05231700796741847,True,262144
10.0,kappa_tau,-4.75,0.0009270102729528943,0.9968738252034596,0.05231700796741847,True,262144
10.0,kappa_tau,-4.65,0.0010650626902306863,0.9968738252034596,0.05231700796741847,True,262144
10.0,kappa_tau,-4.55,0.0010243952831747159,0.9968738252034596,0.05231700796741847,True,262144
10.0,kappa_tau,-4.45,0.0012023649487663151,0.9968738252034596,0.05231700796741847,True,262144
10.0,kappa_tau,-4.35,0.001401834770197365,0.9968738252034596,0.05231700796741847,True,262144
10.0,kappa_tau,-4.25,0.0014472257646791968,0.9968738252034596,0.05231700796741847,True,262144
10.0,kappa_tau,-4.15,0.0014274056323134937,0.9968738252034596,0.05231700796741847,True,262144
10.0,kappa_tau,-4.05,0.0015265843602912802,0.9968738252034596,0.05231700796741847,True,262144
10.0,kappa_tau,-3.95,0.0013936075612257608,0.9968738252034596,0.05231700796741847,True,262144
10.0,kappa_tau,-3.8499999999999996,0.0019422444717660666,0.9968738252034596,0.05231700796741847,True,262144
10.0,kappa_tau,-3.75,0.0019079943303496123,0.9968738252034596,0.05231700796741847,True,262144
10.0,kappa_tau,-3.65,0.002325447652841168,0.9968738252034596,0.05231700796741847,True,262144
10.0,kappa_tau,-3.55,0.002290409518899149,0.9968738252034596,0.05231700796741847,True,262144
10.0,kappa_tau,-3.45,0.002877262306537431,0.9968738252034596,0.05231700796741847,True,262144
10.0,kappa_tau,-3.3499999999999996,0.0029601705756137813,0.9968738252034596,0.05231700796741847,True,262144
10.0,kappa_tau,-3.25,0.0031189234693648742,0.9968738252034596,0.05231700796741847,True,262144
10.0,kappa_tau,-3.15,0.0036670839201906145,0.9968738252034596,0.05231700796741847,True,262144
10.0,kappa_tau,-3.05,0.0038264298030447072,0.9968738252034596,0.05231700796741847,True,262144
10.0,kappa_tau,-2.95,0.004742315852717286,0.9968738252034596,0.05231700796741847,True,262144
10.0,kappa_tau,-2.8499999999999996,0.004234982457349695,0.9968738252034596,0.05231700796741847,True,262144
10.0,kappa_tau,-2.75,0.005274876547491549,0.9968738252034596,0.05231700796741847,True,262144
10.0,kappa_tau,-2.6499999999999995,0.006474362594396236,0.9968738252034596,0.05231700796741847,True,262144
10.0,kappa_tau,-2.55,0.006871363608185289,0.9968738252034596,0.05231700796741847,True,262144
10.0,kappa_tau,-2.45,0.007682748911025931,0.9968738252034596,0.05231700796741847,True,262144
10.0,kappa_tau,-2.3499999999999996,0.008565450458201906,0.9968738252034596,0.05231700796741847,True,262144
10.0,kappa_tau,-2.25,0.010002520168382881,0.9968738252034596,0.05231700796741847,True,262144
10.0,kappa_tau,-2.1499999999999995,0.010672995623096364,0.9968738252034596,0.05231700796741847,True,262144
10.0,kappa_tau,-2.05,0.012817251865951795,0.9968738252034596,0.05231700796741847,True,262144
10.0,kappa_tau,-1.95,0.014755480091093842,0.9968738252034596,0.05231700796741847,True,262144
10.0,kappa_tau,-1.8499999999999999,0.017326109138928653,0.9968738252034596,0.05231700796741847,True,262144
10.0,kappa_tau,-1.7499999999999998,0.020406980905379946,0.9968738252034596,0.05231700796741847,True,262144
10.0,kappa_tau,-1.6499999999999997,0.022271639565541793,0.9968738252034596,0.05231700796741847,True,262144
10.0,kappa_tau,-1.5499999999999998,0.025547238901922047,0.9968738252034596,0.05231700796741847,True,262144
10.0,kappa_tau,-1.45,0.031093379067366242,0.9968738252034596,0.05231700796741847,True,262144
10.0,kappa_tau,-1.3499999999999999,0.03740692701404535,0.9968738252034596,0.05231700796741847,True,262144
10.0,kappa_tau,-1.2499999999999998,0.04490291235895409,0.9968738252034596,0.05231700796741847,True,262144
10.0,kappa_tau,-1.1499999999999997,0.05514439654733529,0.9968738252034596,0.05231700796741847,True,262144
10.0,kappa_tau,-1.0499999999999998,0.07122569470304406,0.9968738252034596,0.05231700796741847,True,262144
10.0,kappa_tau,-0.9499999999999997,0.08348560826629566,0.9968738252034596,0.05231700796741847,True,262144
10.0,kappa_tau,-0.8499999999999996,0.10759877796078955,0.9968738252034596,0.05231700796741847,True,262144
10.0,kappa_tau,-0.75,0.14102805655928966,0.9968738252034596,0.05231700796741847,True,262144
10.0,kappa_tau,-0.6499999999999999,0.17780499749063602,0.9968738252034596,0.05231700796741847,True,262144
10.0,kappa_tau,-0.5499999999999998,0.2374123592295184,0.9968738252034596,0.05231700796741847,True,262144
10.0,kappa_tau,-0.44999999999999973,0.32625417082959374,0.9968738252034596,0.05231700796741847,True,262144
10.0,kappa_tau,-0.34999999999999964,0.44776571353401456,0.9968738252034596,0.05231700796741847,True,262144
10.0,kappa_tau,-0.24999999999999956,0.6547008958151752,0.9968738252034596,0.05231700796741847,True,262144
10.0,kappa_tau,-0.14999999999999947,0.9763160340081346,0.9968738252034596,0.05231700796741847,True,262144
10.0,kappa_tau,-0.04999999999999982,1.376868681994348,0.9968738252034596,0.05231700796741847,True,262144
10.0,kappa_tau,0.050000000000000266,1.361631165488249,0.9968738252034596,0.05231700796741847,True,262144
10.0,kappa_tau,0.15000000000000036,0.9827204849019866,0.9968738252034596,0.05231700796741847,True,262144
10.0,kappa_tau,0.25000000000000044,0.66822292999066,0.9968738252034596,0.05231700796741847,True,262144
10.0,kappa_tau,0.35000000000000053,0.45090263596377417,0.9968738252034596,0.05231700796741847,True,262144
10.0,kappa_tau,0.4500000000000002,0.3258857948437165,0.9968738252034596,0.05231700796741847,True,262144
10.0,kappa_tau,0.5500000000000003,0.2391714400758088,0.9968738252034596,0.05231700796741847,True,262144
10.0,kappa_tau,0.6500000000000004,0.17353228774727988,0.9968738252034596,0.05231700796741847,True,262144
10.0,kappa_tau,0.7500000000000004,0.1341642944055921,0.9968738252034596,0.05231700796741847,True,262144
10.0,kappa_tau,0.8500000000000005,0.10822833952837736,0.9968738252034596,0.05231700796741847,True,262144
10.0,kappa_tau,0.9500000000000002,0.08461157621516273,0.9968738252034596,0.05231700796741847,True,262144
10.0,kappa_tau,1.0500000000000003,0.06867479429506985,0.9968738252034596,0.05231700796741847,True,262144
10.0,kappa_tau,1.1500000000000004,0.056349401647676316,0.9968738252034596,0.05231700796741847,True,262144
10.0,kappa_tau,1.2500000000000004,0.0473752050175262,0.9968738252034596,0.05231700796741847,True,262144
10.0,kappa_tau,1.3500000000000005,0.03802048391252736,0.9968738252034596,0.05231700796741847,True,262144
10.0,kappa_tau,1.4500000000000002,0.03190600924790576,0.9968738252034596,0.05231700796741847,True,262144
10.0,kappa_tau,1.5500000000000003,0.026109254659433843,0.9968738252034596,0.05231700796741847,True,262144
10.0,kappa_tau,1.6500000000000004,0.02200442808248392,0.9968738252034596,0.05231700796741847,True,262144
10.0,kappa_tau,1.7500000000000004,0.0182761505282308,0.9968738252034596,0.05231700796741847,True,262144
10.0,kappa_tau,1.8500000000000005,0.017526882685995573,0.9968738252034596,0.05231700796741847,True,262144
10.0,kappa_tau,1.9500000000000002,0.014697563535188501,0.9968738252034596,0.05231700796741847,True,262144
10.0,kappa_tau,2.0500000000000003,0.012318836879958798,0.9968738252034596,0.05231700796741847,True,262144
10.0,kappa_tau,2.1500000000000004,0.010553806596721099,0.9968738252034596,0.05231700796741847,True,262144
10.0,kappa_tau,2.2500000000000004,0.009616172201431576,0.9968738252034596,0.05231700796741847,True,262144
10.0,kappa_tau,2.3500000000000005,0.008028808625352588,0.9968738252034596,0.05231700796741847,True,262144
10.0,kappa_tau,2.45,0.007300962896217334,0.9968738252034596,0.05231700796741847,True,262144
10.0,kappa_tau,2.5500000000000003,0.007217433158117921,0.9968738252034596,0.05231700796741847,True,262144
10.0,kappa_tau,2.6500000000000004,0.0063348969052357705,0.9968738252034596,0.05231700796741847,True,262144
10.0,kappa_tau,2.7500000000000004,0.005407480587097203,0.9968738252034596,0.05231700796741847,True,262144
10.0,kappa_tau,2.8500000000000005,0.004452759464151746,0.9968738252034596,0.05231700796741847,True,262144
10.0,kappa_tau,2.95,0.004469848588119234,0.9968738252034596,0.05231700796741847,True,262144
10.0,kappa_tau,3.05,0.0040635207033556655,0.9968738252034596,0.05231700796741847,True,262144
10.0,kappa_tau,3.1500000000000004,0.00397241041218837,0.9968738252034596,0.05231700796741847,True,262144
10.0,kappa_tau,3.250000000000001,0.003053622490751117,0.9968738252034596,0.05231700796741847,True,262144
10.0,kappa_tau,3.3500000000000005,0.00298233595309553,0.9968738252034596,0.05231700796741847,True,262144
10.0,kappa_tau,3.45,0.0024809259762042708,0.9968738252034596,0.05231700796741847,True,262144
10.0,kappa_tau,3.55,0.0022507107117229943,0.9968738252034596,0.05231700796741847,True,262144
10.0,kappa_tau,3.6500000000000004,0.0021713649855338462,0.9968738252034596,0.05231700796741847,True,262144
10.0,kappa_tau,3.750000000000001,0.0018819805787293944,0.9968738252034596,0.05231700796741847,True,262144
10.0,kappa_tau,3.8500000000000005,0.0017305809177130566,0.9968738252034596,0.05231700796741847,True,262144
10.0,kappa_tau,3.95,0.0018611189874577461,0.9968738252034596,0.05231700796741847,True,262144
10.0,kappa_tau,4.05,0.00161345644097258,0.9968738252034596,0.05231700796741847,True,262144
10.0,kappa_tau,4.15,0.0014248023672477285,0.9968738252034596,0.05231700796741847,True,262144
10.0,kappa_tau,4.250000000000001,0.0012214066693351509,0.9968738252034596,0.05231700796741847,True,262144
10.0,kappa_tau,4.3500000000000005,0.0013679302015908346,0.9968738252034596,0.05231700796741847,True,262144
10.0,kappa_tau,4.45,0.0012050401708056557,0.9968738252034596,0.05231700796741847,True,262144
10.0,kappa_tau,4.550000000000001,0.0010387220457322352,0.9968738252034596,0.05231700796741847,True,262144
10.0,kappa_tau,4.650000000000001,0.0009897767248958388,0.9968738252034596,0.05231700796741847,True,262144
10.0,kappa_tau,4.750000000000001,0.0011377750175030421,0.9968738252034596,0.05231700796741847,True,262144
10.0,kappa_tau,4.8500000000000005,0.0007874673762463312,0.9968738252034596,0.05231700796741847,True,262144
10.0,kappa_tau,4.95,0.0008405957714129607,0.9968738252034596,0.05231700796741847,True,262144
24.0,kappa_tau,-4.95,0.0012561377819458703,0.995733968663293,0.05231700796741847,True,262144
24.0,kappa_tau,-4.85,0.0012572755219752603,0.995733968663293,0.05231700796741847,True,262144
24.0,kappa_tau,-4.75,0.0013165783178492507,0.995733968663293,0.05231700796741847,True,262144
24.0,kappa_tau,-4.65,0.0013896455428466408,0.995733968663293,0.05231700796741847,True,262144
24.0,kappa_tau,-4.55,0.0012369166737937526,0.995733968663293,0.05231700796741847,True,262144
24.0,kappa_tau,-4.45,0.0015708239728528868,0.995733968663293,0.05231700796741847,True,262144
24.0,kappa_tau,-4.35,0.0014658822073219434,0.995733968663293,0.05231700796741847,True,262144
24.0,kappa_tau,-4.25,0.0016315020667303493,0.995733968663293,0.05231700796741847,True,262144
24.0,kappa_tau,-4.15,0.0017363537086175212,0.995733968663293,0.05231700796741847,True,262144
24.0,kappa_tau,-4.05,0.0019109658960652848,0.995733968663293,0.05231700796741847,True,262144
24.0,kappa_tau,-3.95,0.0021798882140563005,0.995733968663293,0.05231700796741847,True,262144
24.0,kappa_tau,-3.8499999999999996,0.0019721096792493834,0.995733968663293,0.05231700796741847,True,262144
24.0,kappa_tau,-3.75,0.0025726884092697987,0.995733968663293,0.05231700796741847,True,262144
24.0,kappa_tau,-3.65,0.002743931659678792,0.995733968663293,0.05231700796741847,True,262144
24.0,kappa_tau,-3.55,0.0031953138382492348,0.995733968663293,0.05231700796741847,True,262144
24.0,kappa_tau,-3.45,0.0032065789411846444,0.995733968663293,0.05231700796741847,True,262144
24.0,kappa_tau,-3.3499999999999996,0.0039640804276007404,0.995733968663293,0.05231700796741847,True,262144
24.0,kappa_tau,-3.25,0.003962373573743211,0.995733968663293,0.05231700796741847,True,262144
24.0,kappa_tau,-3.15,0.0042328404442735935,0.995733968663293,0.05231700796741847,True,262144
24.0,kappa_tau,-3.05,0.0049674168426794485,0.995733968663293,0.05231700796741847,True,262144
24.0,kappa_tau,-2.95,0.005026071387690855,0.995733968663293,0.05231700796741847,True,262144
24.0,kappa_tau,-2.8499999999999996,0.005671709497115235,0.995733968663293,0.05231700796741847,True,262144
24.0,kappa_tau,-2.75,0.006753291005029321,0.995733968663293,0.05231700796741847,True,262144
24.0,kappa_tau,-2.6499999999999995,0.006442344289372287,0.995733968663293,0.05231700796741847,True,262144
24.0,kappa_tau,-2.55,0.007849534784757507,0.995733968663293,0.05231700796741847,True,262144
24.0,kappa_tau,-2.45,0.009615987189381824,0.995733968663293,0.05231700796741847,True,262144
24.0,kappa_tau,-2.3499999999999996,0.010296304006967112,0.995733968663293,0.05231700796741847,True,262144
24.0,kappa_tau,-2.25,0.010537431815851832,0.995733968663293,0.05231700796741847,True,262144
24.0,kappa_tau,-2.1499999999999995,0.012430287695648745,0.995733968663293,0.05231700796741847,True,262144
24.0,kappa_tau,-2.05,0.01331586434061901,0.995733968663293,0.05231700796741847,True,262144
24.0,kappa_tau,-1.95,0.01693134963011648,0.995733968663293,0.05231700796741847,True,262144
24.0,kappa_tau,-1.8499999999999999,0.01809323245499027,0.995733968663293,0.05231700796741847,True,262144
24.0,kappa_tau,-1.7499999999999998,0.02160176258044729,0.995733968663293,0.05231700796741847,True,262144
24.0,kappa_tau,-1.6499999999999997,0.024442222845605585,0.995733968663293,0.05231700796741847,True,262144
24.0,kappa_tau,-1.5499999999999998,0.029479495541529826,0.995733968663293,0.05231700796741847,True,262144
24.0,kappa_tau,-1.45,0.03376481677606009,0.995733968663293,0.05231700796741847,True,262144
24.0,kappa_tau,-1.3499999999999999,0.03710602444591824,0.995733968663293,0.05231700796741847,True,262144
24.0,kappa_tau,-1.2499999999999998,0.04565789803819857,0.995733968663293,0.05231700796741847,True,262144
24.0,kappa_tau,-1.1499999999999997,0.055024954540579187,0.995733968663293,0.05231700796741847,True,262144
24.0,kappa_tau,-1.0499999999999998,0.06558609188555306,0.995733968663293,0.05231700796741847,True,262144
24.0,kappa_tau,-0.9499999999999997,0.08352129611085506,0.995733968663293,0.05231700796741847,True,262144
24.0,kappa_tau,-0.8499999999999996,0.10327046657787219,0.995733968663293,0.05231700796741847,True,262144
24.0,kappa_tau,-0.75,0.1295226332839192,0.995733968663293,0.05231700796741847,True,262144
24.0,kappa_tau,-0.6499999999999999,0.15943360670598045,0.995733968663293,0.05231700796741847,True,262144
24.0,kappa_tau,-0.5499999999999998,0.20907320444979804,0.995733968663293,0.05231700796741847,True,262144
24.0,kappa_tau,-0.44999999999999973,0.28300959411331816,0.995733968663293,0.05231700796741847,True,262144
24.0,kappa_tau,-0.34999999999999964,0.40379889115244516,0.995733968663293,0.05231700796741847,True,262144
24.0,kappa_tau,-0.24999999999999956,0.5995287105469528,0.995733968663293,0.05231700796741847,True,262144
24.0,kappa_tau,-0.14999999999999947,0.9535420337721381,0.995733968663293,0.05231700796741847,True,262144
24.0,kappa_tau,-0.04999999999999982,1.5657794134208214,0.995733968663293,0.05231700796741847,True,262144
24.0,kappa_tau,0.050000000000000266,1.5587043727062866,0.995733968663293,0.05231700796741847,True,262144
24.0,kappa_tau,0.15000000000000036,0.980382879001642,0.995733968663293,0.05231700796741847,True,262144
24.0,kappa_tau,0.25000000000000044,0.5961746925088918,0.995733968663293,0.05231700796741847,True,262144
24.0,kappa_tau,0.35000000000000053,0.40213739507022733,0.995733968663293,0.05231700796741847,True,262144
24.0,kappa_tau,0.4500000000000002,0.28236357545443913,0.995733968663293,0.05231700796741847,True,262144
24.0,kappa_tau,0.5500000000000003,0.2123942060211876,0.995733968663293,0.05231700796741847,True,262144
24.0,kappa_tau,0.6500000000000004,0.1584509620555334,0.995733968663293,0.05231700796741847,True,262144
24.0,kappa_tau,0.7500000000000004,0.12798528362932052,0.995733968663293,0.05231700796741847,True,262144
24.0,kappa_tau,0.8500000000000005,0.09947421801508098,0.995733968663293,0.05231700796741847,True,262144
24.0,kappa_tau,0.9500000000000002,0.0810908026917201,0.995733968663293,0.05231700796741847,True,262144
24.0,kappa_tau,1.0500000000000003,0.06683069147253927,0.995733968663293,0.05231700796741847,True,262144
24.0,kappa_tau,1.1500000000000004,0.054672098963886605,0.995733968663293,0.05231700796741847,True,262144
24.0,kappa_tau,1.2500000000000004,0.04615968885238325,0.995733968663293,0.05231700796741847,True,262144
24.0,kappa_tau,1.3500000000000005,0.0415753163223732,0.995733968663293,0.05231700796741847,True,262144
24.0,kappa_tau,1.4500000000000002,0.032872734389409713,0.995733968663293,0.05231700796741847,True,262144
24.0,kappa_tau,1.5500000000000003,0.027371315755659667,0.995733968663293,0.05231700796741847,True,262144
24.0,kappa_tau,1.6500000000000004,0.02420851897063145,0.995733968663293,0.05231700796741847,True,262144
24.0,kappa_tau,1.7500000000000004,0.02102201481097619,0.995733968663293,0.05231700796741847,True,262144
24.0,kappa_tau,1.8500000000000005,0.017822882225074718,0.995733968663293,0.05231700796741847,True,262144
24.0,kappa_tau,1.9500000000000002,0.01708609689516337,0.995733968663293,0.05231700796741847,True,262144
24.0,kappa_tau,2.0500000000000003,0.01376645066024691,0.995733968663293,0.05231700796741847,True,262144
24.0,kappa_tau,2.1500000000000004,0.011892287256870008,0.995733968663293,0.05231700796741847,True,262144
24.0,kappa_tau,2.2500000000000004,0.011116310735354325,0.995733968663293,0.05231700796741847,True,262144
24.0,kappa_tau,2.3500000000000005,0.010047724283150473,0.995733968663293,0.05231700796741847,True,262144
24.0,kappa_tau,2.45,0.009032056727498605,0.995733968663293,0.05231700796741847,True,262144
24.0,kappa_tau,2.5500000000000003,0.008298306223030922,0.995733968663293,0.05231700796741847,True,262144
24.0,kappa_tau,2.6500000000000004,0.006761756792149806,0.995733968663293,0.05231700796741847,True,262144
24.0,kappa_tau,2.7500000000000004,0.006024944613611715,0.995733968663293,0.05231700796741847,True,262144
24.0,kappa_tau,2.8500000000000005,0.0057170765607084725,0.995733968663293,0.05231700796741847,True,262144
24.0,kappa_tau,2.95,0.005129084879324054,0.995733968663293,0.05231700796741847,True,262144
24.0,kappa_tau,3.05,0.00452391011467761,0.995733968663293,0.05231700796741847,True,262144
24.0,kappa_tau,3.1500000000000004,0.004336515123273117,0.995733968663293,0.05231700796741847,True,262144
24.0,kappa_tau,3.250000000000001,0.004244253107037233,0.995733968663293,0.05231700796741847,True,262144
24.0,kappa_tau,3.3500000000000005,0.00350662252845723,0.995733968663293,0.05231700796741847,True,262144
24.0,kappa_tau,3.45,0.002921773082613372,0.995733968663293,0.05231700796741847,True,262144
24.0,kappa_tau,3.55,0.002802202963577686,0.995733968663293,0.05231700796741847,True,262144
24.0,kappa_tau,3.6500000000000004,0.0029176377066774356,0.995733968663293,0.05231700796741847,True,262144
24.0,kappa_tau,3.750000000000001,0.002454099612859075,0.995733968663293,0.05231700796741847,True,262144
24.0,kappa_tau,3.8500000000000005,0.0022218902163798067,0.995733968663293,0.05231700796741847,True,262144
24.0,kappa_tau,3.95,0.0022517419839793184,0.995733968663293,0.05231700796741847,True,262144
24.0,kappa_tau,4.05,0.0020143470450198443,0.995733968663293,0.05231700796741847,True,262144
24.0,kappa_tau,4.15,0.002001278069123431,0.995733968663293,0.05231700796741847,True,262144
24.0,kappa_tau,4.250000000000001,0.0017226155085952712,0.995733968663293,0.05231700796741847,True,262144
24.0,kappa_tau,4.3500000000000005,0.0015713759096493394,0.995733968663293,0.05231700796741847,True,262144
24.0,kappa_tau,4.45,0.0014227031416885177,0.995733968663293,0.05231700796741847,True,262144
24.0,kappa_tau,4.550000000000001,0.0011609920814725345,0.995733968663293,0.05231700796741847,True,262144
24.0,kappa_tau,4.650000000000001,0.001573331202365813,0.995733968663293,0.05231700796741847,True,262144
24.0,kappa_tau,4.750000000000001,0.001277638934537475,0.995733968663293,0.05231700796741847,True,262144
24.0,kappa_tau,4.8500000000000005,0.0010518724132727072,0.995733968663293,0.05231700796741847,True,262144
24.0,kappa_tau,4.95,0.0009213127377852538,0.995733968663293,0.05231700796741847,True,262144
40.0,kappa_tau,-4.95,0.0012849129710978805,0.9938046524976248,0.05231700796741847,True,262144
40.0,kappa_tau,-4.85,0.0015866538265734715,0.9938046524976248,0.05231700796741847,True,262144
40.0,kappa_tau,-4.75,0.0012187318765892613,0.9938046524976248,0.05231700796741847,True,262144
40.0,kappa_tau,-4.65,0.0018571871709477316,0.9938046524976248,0.05231700796741847,True,262144
40.0,kappa_tau,-4.55,0.001955113990657462,0.9938046524976248,0.05231700796741847,True,262144
40.0,kappa_tau,-4.45,0.0019470020861173682,0.9938046524976248,0.05231700796741847,True,262144
40.0,kappa_tau,-4.35,0.0023556570167550606,0.9938046524976248,0.05231700796741847,True,262144
40.0,kappa_tau,-4.25,0.002029864534437115,0.9938046524976248,0.05231700796741847,True,262144
40.0,kappa_tau,-4.15,0.0022894764120267347,0.9938046524976248,0.05231700796741847,True,262144
40.0,kappa_tau,-4.05,0.0031627916037949653,0.9938046524976248,0.05231700796741847,True,262144
40.0,kappa_tau,-3.95,0.0024600177645042404,0.9938046524976248,0.05231700796741847,True,262144
40.0,kappa_tau,-3.8499999999999996,0.003043867378792449,0.9938046524976248,0.05231700796741847,True,262144
40.0,kappa_tau,-3.75,0.0031969264342381416,0.9938046524976248,0.05231700796741847,True,262144
40.0,kappa_tau,-3.65,0.003359501934245813,0.9938046524976248,0.05231700796741847,True,262144
40.0,kappa_tau,-3.55,0.0038743887506437766,0.9938046524976248,0.05231700796741847,True,262144
40.0,kappa_tau,-3.45,0.004146828366655178,0.9938046524976248,0.05231700796741847,True,262144
40.0,kappa_tau,-3.3499999999999996,0.004766437291441365,0.9938046524976248,0.05231700796741847,True,262144
40.0,kappa_tau,-3.25,0.004936249263022711,0.9938046524976248,0.05231700796741847,True,262144
40.0,kappa_tau,-3.15,0.005127966735745491,0.9938046524976248,0.05231700796741847,True,262144
40.0,kappa_tau,-3.05,0.0056419603894558735,0.9938046524976248,0.05231700796741847,True,262144
40.0,kappa_tau,-2.95,0.006599827256164784,0.9938046524976248,0.05231700796741847,True,262144
40.0,kappa_tau,-2.8499999999999996,0.00731991978400743,0.9938046524976248,0.05231700796741847,True,262144
40.0,kappa_tau,-2.75,0.007844004900886867,0.9938046524976248,0.05231700796741847,True,262144
40.0,kappa_tau,-2.6499999999999995,0.008389903011838683,0.9938046524976248,0.05231700796741847,True,262144
40.0,kappa_tau,-2.55,0.008769518945845765,0.9938046524976248,0.05231700796741847,True,262144
40.0,kappa_tau,-2.45,0.010835741555338124,0.9938046524976248,0.05231700796741847,True,262144
40.0,kappa_tau,-2.3499999999999996,0.01155753762707217,0.9938046524976248,0.05231700796741847,True,262144
40.0,kappa_tau,-2.25,0.013356553157660777,0.9938046524976248,0.05231700796741847,True,262144
40.0,kappa_tau,-2.1499999999999995,0.015308516996689382,0.9938046524976248,0.05231700796741847,True,262144
40.0,kappa_tau,-2.05,0.016077130533254647,0.9938046524976248,0.05231700796741847,True,262144
40.0,kappa_tau,-1.95,0.017980009649632603,0.9938046524976248,0.05231700796741847,True,262144
40.0,kappa_tau,-1.8499999999999999,0.020453123588021177,0.9938046524976248,0.05231700796741847,True,262144
40.0,kappa_tau,-1.7499999999999998,0.022849621215165945,0.9938046524976248,0.05231700796741847,True,262144
40.0,kappa_tau,-1.6499999999999997,0.025183872344719332,0.9938046524976248,0.05231700796741847,True,262144
40.0,kappa_tau,-1.5499999999999998,0.02818348246915351,0.9938046524976248,0.05231700796741847,True,262144
40.0,kappa_tau,-1.45,0.036044112602302565,0.9938046524976248,0.05231700796741847,True,262144
40.0,kappa_tau,-1.3499999999999999,0.03991870178342004,0.9938046524976248,0.05231700796741847,True,262144
40.0,kappa_tau,-1.2499999999999998,0.04709881920206036,0.9938046524976248,0.05231700796741847,True,262144
40.0,kappa_tau,-1.1499999999999997,0.05630863758311541,0.9938046524976248,0.05231700796741847,True,262144
40.0,kappa_tau,-1.0499999999999998,0.06456562287444724,0.9938046524976248,0.05231700796741847,True,262144
40.0,kappa_tau,-0.9499999999999997,0.07812036405864722,0.9938046524976248,0.05231700796741847,True,262144
40.0,kappa_tau,-0.8499999999999996,0.09332477545988507,0.9938046524976248,0.05231700796741847,True,262144
40.0,kappa_tau,-0.75,0.1166980098159943,0.9938046524976248,0.05231700796741847,True,262144
40.0,kappa_tau,-0.6499999999999999,0.14617249876683505,0.9938046524976248,0.05231700796741847,True,262144
40.0,kappa_tau,-0.5499999999999998,0.18938536191879177,0.9938046524976248,0.05231700796741847,True,262144
40.0,kappa_tau,-0.44999999999999973,0.24909262999504203,0.9938046524976248,0.05231700796741847,True,262144
40.0,kappa_tau,-0.34999999999999964,0.3551318217847424,0.9938046524976248,0.05231700796741847,True,262144
40.0,kappa_tau,-0.24999999999999956,0.5390840831783718,0.9938046524976248,0.05231700796741847,True,262144
40.0,kappa_tau,-0.14999999999999947,0.9223672461172129,0.9938046524976248,0.05231700796741847,True,262144
40.0,kappa_tau,-0.04999999999999982,1.7472370126149979,0.9938046524976248,0.05231700796741847,True,262144
40.0,kappa_tau,0.050000000000000266,1.752018765306551,0.9938046524976248,0.05231700796741847,True,262144
40.0,kappa_tau,0.15000000000000036,0.9447907263424298,0.9938046524976248,0.05231700796741847,True,262144
40.0,kappa_tau,0.25000000000000044,0.5362546116880209,0.9938046524976248,0.05231700796741847,True,262144
40.0,kappa_tau,0.35000000000000053,0.353769343748538,0.9938046524976248,0.05231700796741847,True,262144
40.0,kappa_tau,0.4500000000000002,0.24523095347356832,0.9938046524976248,0.05231700796741847,True,262144
40.0,kappa_tau,0.5500000000000003,0.18528766791906495,0.9938046524976248,0.05231700796741847,True,262144
40.0,kappa_tau,0.6500000000000004,0.14802398674906359,0.9938046524976248,0.05231700796741847,True,262144
40.0,kappa_tau,0.7500000000000004,0.11664841027659564,0.9938046524976248,0.05231700796741847,True,262144
40.0,kappa_tau,0.8500000000000005,0.09470107838066594,0.9938046524976248,0.05231700796741847,True,262144
40.0,kappa_tau,0.9500000000000002,0.07927915660399305,0.9938046524976248,0.05231700796741847,True,262144
40.0,kappa_tau,1.0500000000000003,0.06475128623252914,0.9938046524976248,0.05231700796741847,True,262144
40.0,kappa_tau,1.1500000000000004,0.05389933279051069,0.9938046524976248,0.05231700796741847,True,262144
40.0,kappa_tau,1.2500000000000004,0.04486198527284231,0.9938046524976248,0.05231700796741847,True,262144
40.0,kappa_tau,1.3500000000000005,0.0419729705929346,0.9938046524976248,0.05231700796741847,True,262144
40.0,kappa_tau,1.4500000000000002,0.034606633975064215,0.9938046524976248,0.05231700796741847,True,262144
40.0,kappa_tau,1.5500000000000003,0.02974289439092982,0.9938046524976248,0.05231700796741847,True,262144
40.0,kappa_tau,1.6500000000000004,0.024585767975114126,0.9938046524976248,0.05231700796741847,True,262144
40.0,kappa_tau,1.7500000000000004,0.023310636961731895,0.9938046524976248,0.05231700796741847,True,262144
40.0,kappa_tau,1.8500000000000005,0.01956668095028504,0.9938046524976248,0.05231700796741847,True,262144
40.0,kappa_tau,1.9500000000000002,0.017098513324105606,0.9938046524976248,0.05231700796741847,True,262144
40.0,kappa_tau,2.0500000000000003,0.016120400236529688,0.9938046524976248,0.05231700796741847,True,262144
40.0,kappa_tau,2.1500000000000004,0.014146849812928207,0.9938046524976248,0.05231700796741847,True,262144
40.0,kappa_tau,2.2500000000000004,0.013379732335610075,0.9938046524976248,0.05231700796741847,True,262144
40.0,kappa_tau,2.3500000000000005,0.011831370288923358,0.9938046524976248,0.05231700796741847,True,262144
40.0,kappa_tau,2.45,0.01068349655722591,0.9938046524976248,0.05231700796741847,True,262144
40.0,kappa_tau,2.5500000000000003,0.009060599389853517,0.9938046524976248,0.05231700796741847,True,262144
40.0,kappa_tau,2.6500000000000004,0.008481349905547619,0.9938046524976248,0.05231700796741847,True,262144
40.0,kappa_tau,2.7500000000000004,0.00738686621538752,0.9938046524976248,0.05231700796741847,True,262144
40.0,kappa_tau,2.8500000000000005,0.0071261541077629635,0.9938046524976248,0.05231700796741847,True,262144
40.0,kappa_tau,2.95,0.0068808051287292905,0.9938046524976248,0.05231700796741847,True,262144
40.0,kappa_tau,3.05,0.006360477919612652,0.9938046524976248,0.05231700796741847,True,262144
40.0,kappa_tau,3.1500000000000004,0.005326026253907263,0.9938046524976248,0.05231700796741847,True,262144
40.0,kappa_tau,3.250000000000001,0.0049535029708615026,0.9938046524976248,0.05231700796741847,True,262144
40.0,kappa_tau,3.3500000000000005,0.004722854111899661,0.9938046524976248,0.05231700796741847,True,262144
40.0,kappa_tau,3.45,0.003651950458076876,0.9938046524976248,0.05231700796741847,True,262144
40.0,kappa_tau,3.55,0.004751053293276101,0.9938046524976248,0.05231700796741847,True,262144
40.0,kappa_tau,3.6500000000000004,0.003527832376974121,0.9938046524976248,0.05231700796741847,True,262144
40.0,kappa_tau,3.750000000000001,0.0031532381178707267,0.9938046524976248,0.05231700796741847,True,262144
40.0,kappa_tau,3.8500000000000005,0.0032019518253835894,0.9938046524976248,0.05231700796741847,True,262144
40.0,kappa_tau,3.95,0.002979251928172065,0.9938046524976248,0.05231700796741847,True,262144
40.0,kappa_tau,4.05,0.0028078544573306207,0.9938046524976248,0.05231700796741847,True,262144
40.0,kappa_tau,4.15,0.00216785389397895,0.9938046524976248,0.05231700796741847,True,262144
40.0,kappa_tau,4.250000000000001,0.0019678331930843185,0.9938046524976248,0.05231700796741847,True,262144
40.0,kappa_tau,4.3500000000000005,0.0018926223803783578,0.9938046524976248,0.05231700796741847,True,262144
40.0,kappa_tau,4.45,0.0018276159904350917,0.9938046524976248,0.05231700796741847,True,262144
40.0,kappa_tau,4.550000000000001,0.0017994413437400587,0.9938046524976248,0.05231700796741847,True,262144
40.0,kappa_tau,4.650000000000001,0.0014453777103688944,0.9938046524976248,0.05231700796741847,True,262144
40.0,kappa_tau,4.750000000000001,0.0013896017844732592,0.9938046524976248,0.05231700796741847,True,262144
40.0,kappa_tau,4.8500000000000005,0.0015190679059013446,0.9938046524976248,0.05231700796741847,True,262144
40.0,kappa_tau,4.95,0.0016020935384254782,0.9938046524976248,0.05231700796741847,True,262144
55.0,kappa_tau,-4.95,0.002809465850243455,0.9876379130231052,0.05231700796741847,True,262144
55.0,kappa_tau,-4.85,0.002529752798947549,0.9876379130231052,0.05231700796741847,True,262144
55.0,kappa_tau,-4.75,0.002931864232453783,0.9876379130231052,0.05231700796741847,True,262144
55.0,kappa_tau,-4.65,0.003223034240829295,0.9876379130231052,0.05231700796741847,True,262144
55.0,kappa_tau,-4.55,0.002975655496314725,0.9876379130231052,0.05231700796741847,True,262144
55.0,kappa_tau,-4.45,0.003594151543651249,0.9876379130231052,0.05231700796741847,True,262144
55.0,kappa_tau,-4.35,0.00394294622602132,0.9876379130231052,0.05231700796741847,True,262144
55.0,kappa_tau,-4.25,0.0037813974121422176,0.9876379130231052,0.05231700796741847,True,262144
55.0,kappa_tau,-4.15,0.004378817987718795,0.9876379130231052,0.05231700796741847,True,262144
55.0,kappa_tau,-4.05,0.004658880555541347,0.9876379130231052,0.05231700796741847,True,262144
55.0,kappa_tau,-3.95,0.004809323789590584,0.9876379130231052,0.05231700796741847,True,262144
55.0,kappa_tau,-3.8499999999999996,0.005234689419839423,0.9876379130231052,0.05231700796741847,True,262144
55.0,kappa_tau,-3.75,0.005495032190661082,0.9876379130231052,0.05231700796741847,True,262144
55.0,kappa_tau,-3.65,0.0064005430759429514,0.9876379130231052,0.05231700796741847,True,262144
55.0,kappa_tau,-3.55,0.006480390806975679,0.9876379130231052,0.05231700796741847,True,262144
55.0,kappa_tau,-3.45,0.007519039278273925,0.9876379130231052,0.05231700796741847,True,262144
55.0,kappa_tau,-3.3499999999999996,0.007481021183151221,0.9876379130231052,0.05231700796741847,True,262144
55.0,kappa_tau,-3.25,0.008314696626481254,0.9876379130231052,0.05231700796741847,True,262144
55.0,kappa_tau,-3.15,0.009211237659491547,0.9876379130231052,0.05231700796741847,True,262144
55.0,kappa_tau,-3.05,0.008453271814280985,0.9876379130231052,0.05231700796741847,True,262144
55.0,kappa_tau,-2.95,0.011246833957440572,0.9876379130231052,0.05231700796741847,True,262144
55.0,kappa_tau,-2.8499999999999996,0.011283168609154912,0.9876379130231052,0.05231700796741847,True,262144
55.0,kappa_tau,-2.75,0.012326922270110598,0.9876379130231052,0.05231700796741847,True,262144
55.0,kappa_tau,-2.6499999999999995,0.01237393576178909,0.9876379130231052,0.05231700796741847,True,262144
55.0,kappa_tau,-2.55,0.013616169135810615,0.9876379130231052,0.05231700796741847,True,262144
55.0,kappa_tau,-2.45,0.01617763262921297,0.9876379130231052,0.05231700796741847,True,262144
55.0,kappa_tau,-2.3499999999999996,0.01588065204899086,0.9876379130231052,0.05231700796741847,True,262144
55.0,kappa_tau,-2.25,0.017845741326263567,0.9876379130231052,0.05231700796741847,True,262144
55.0,kappa_tau,-2.1499999999999995,0.01983753005438889,0.9876379130231052,0.05231700796741847,True,262144
55.0,kappa_tau,-2.05,0.02334496962036255,0.9876379130231052,0.05231700796741847,True,262144
55.0,kappa_tau,-1.95,0.026829987054557025,0.9876379130231052,0.05231700796741847,True,262144
55.0,kappa_tau,-1.8499999999999999,0.028487499813844314,0.9876379130231052,0.05231700796741847,True,262144
55.0,kappa_tau,-1.7499999999999998,0.030986896143042387,0.9876379130231052,0.05231700796741847,True,262144
55.0,kappa_tau,-1.6499999999999997,0.0345651613753951,0.9876379130231052,0.05231700796741847,True,262144
55.0,kappa_tau,-1.5499999999999998,0.040015482954464346,0.9876379130231052,0.05231700796741847,True,262144
55.0,kappa_tau,-1.45,0.04487207318051893,0.9876379130231052,0.05231700796741847,True,262144
55.0,kappa_tau,-1.3499999999999999,0.0485966107473412,0.9876379130231052,0.05231700796741847,True,262144
55.0,kappa_tau,-1.2499999999999998,0.05856891789004677,0.9876379130231052,0.05231700796741847,True,262144
55.0,kappa_tau,-1.1499999999999997,0.06400246011351937,0.9876379130231052,0.05231700796741847,True,262144
55.0,kappa_tau,-1.0499999999999998,0.07727055308622467,0.9876379130231052,0.05231700796741847,True,262144
55.0,kappa_tau,-0.9499999999999997,0.08808236515236151,0.9876379130231052,0.05231700796741847,True,262144
55.0,kappa_tau,-0.8499999999999996,0.10727193852133841,0.9876379130231052,0.05231700796741847,True,262144
55.0,kappa_tau,-0.75,0.12631826343949415,0.9876379130231052,0.05231700796741847,True,262144
55.0,kappa_tau,-0.6499999999999999,0.16163334126270684,0.9876379130231052,0.05231700796741847,True,262144
55.0,kappa_tau,-0.5499999999999998,0.20467567082836788,0.9876379130231052,0.05231700796741847,True,262144
55.0,kappa_tau,-0.44999999999999973,0.25833683612655817,0.9876379130231052,0.05231700796741847,True,262144
55.0,kappa_tau,-0.34999999999999964,0.36533852522953913,0.9876379130231052,0.05231700796741847,True,262144
55.0,kappa_tau,-0.24999999999999956,0.5329364539066905,0.9876379130231052,0.05231700796741847,True,262144
55.0,kappa_tau,-0.14999999999999947,0.877483373290371,0.9876379130231052,0.05231700796741847,True,262144
55.0,kappa_tau,-0.04999999999999982,1.4922681068409258,0.9876379130231052,0.05231700796741847,True,262144
55.0,kappa_tau,0.050000000000000266,1.4981908843936171,0.9876379130231052,0.05231700796741847,True,262144
55.0,kappa_tau,0.15000000000000036,0.9022007869686001,0.9876379130231052,0.05231700796741847,True,262144
55.0,kappa_tau,0.25000000000000044,0.5403146110972795,0.9876379130231052,0.05231700796741847,True,262144
55.0,kappa_tau,0.35000000000000053,0.35885389937079587,0.9876379130231052,0.05231700796741847,True,262144
55.0,kappa_tau,0.4500000000000002,0.26233734882813287,0.9876379130231052,0.05231700796741847,True,262144
55.0,kappa_tau,0.5500000000000003,0.19795150666121444,0.9876379130231052,0.05231700796741847,True,262144
55.0,kappa_tau,0.6500000000000004,0.15408859886656667,0.9876379130231052,0.05231700796741847,True,262144
55.0,kappa_tau,0.7500000000000004,0.13130121033032638,0.9876379130231052,0.05231700796741847,True,262144
55.0,kappa_tau,0.8500000000000005,0.1010150908586668,0.9876379130231052,0.05231700796741847,True,262144
55.0,kappa_tau,0.9500000000000002,0.08706922943782901,0.9876379130231052,0.05231700796741847,True,262144
55.0,kappa_tau,1.0500000000000003,0.08020017625391927,0.9876379130231052,0.05231700796741847,True,262144
55.0,kappa_tau,1.1500000000000004,0.06563813349964456,0.9876379130231052,0.05231700796741847,True,262144
55.0,kappa_tau,1.2500000000000004,0.05962514019142643,0.9876379130231052,0.05231700796741847,True,262144
55.0,kappa_tau,1.3500000000000005,0.05102573850692092,0.9876379130231052,0.05231700796741847,True,262144
55.0,kappa_tau,1.4500000000000002,0.0453980425040589,0.9876379130231052,0.05231700796741847,True,262144
55.0,kappa_tau,1.5500000000000003,0.03685114956709933,0.9876379130231052,0.05231700796741847,True,262144
55.0,kappa_tau,1.6500000000000004,0.03492430225784108,0.9876379130231052,0.05231700796741847,True,262144
55.0,kappa_tau,1.7500000000000004,0.03067187647435522,0.9876379130231052,0.05231700796741847,True,262144
55.0,kappa_tau,1.8500000000000005,0.028080199657747,0.9876379130231052,0.05231700796741847,True,262144
55.0,kappa_tau,1.9500000000000002,0.025445076601922648,0.9876379130231052,0.05231700796741847,True,262144
55.0,kappa_tau,2.0500000000000003,0.02276290106270871,0.9876379130231052,0.05231700796741847,True,262144
55.0,kappa_tau,2.1500000000000004,0.020419809022879577,0.9876379130231052,0.05231700796741847,True,262144
55.0,kappa_tau,2.2500000000000004,0.017797953640650774,0.9876379130231052,0.05231700796741847,True,262144
55.0,kappa_tau,2.3500000000000005,0.01706765654638605,0.9876379130231052,0.05231700796741847,True,262144
55.0,kappa_tau,2.45,0.015396552215325123,0.9876379130231052,0.05231700796741847,True,262144
55.0,kappa_tau,2.5500000000000003,0.014250348220702347,0.9876379130231052,0.05231700796741847,True,262144
55.0,kappa_tau,2.6500000000000004,0.012916291432070104,0.9876379130231052,0.05231700796741847,True,262144
55.0,kappa_tau,2.7500000000000004,0.0124374801839896,0.9876379130231052,0.05231700796741847,True,262144
55.0,kappa_tau,2.8500000000000005,0.01058296993122774,0.9876379130231052,0.05231700796741847,True,262144
55.0,kappa_tau,2.95,0.009741998727004434,0.9876379130231052,0.05231700796741847,True,262144
55.0,kappa_tau,3.05,0.008416762795954625,0.9876379130231052,0.05231700796741847,True,262144
55.0,kappa_tau,3.1500000000000004,0.008170058374482536,0.9876379130231052,0.05231700796741847,True,262144
55.0,kappa_tau,3.250000000000001,0.00790210641935605,0.9876379130231052,0.05231700796741847,True,262144
55.0,kappa_tau,3.3500000000000005,0.007768982150989488,0.9876379130231052,0.05231700796741847,True,262144
55.0,kappa_tau,3.45,0.006742448297306572,0.9876379130231052,0.05231700796741847,True,262144
55.0,kappa_tau,3.55,0.006933567738813142,0.9876379130231052,0.05231700796741847,True,262144
55.0,kappa_tau,3.6500000000000004,0.0061861552365628444,0.9876379130231052,0.05231700796741847,True,262144
55.0,kappa_tau,3.750000000000001,0.005387145045699104,0.9876379130231052,0.05231700796741847,True,262144
55.0,kappa_tau,3.8500000000000005,0.005611768135925159,0.9876379130231052,0.05231700796741847,True,262144
55.0,kappa_tau,3.95,0.005520163780168688,0.9876379130231052,0.05231700796741847,True,262144
55.0,kappa_tau,4.05,0.0054169654609932845,0.9876379130231052,0.05231700796741847,True,262144
55.0,kappa_tau,4.15,0.004293869020170198,0.9876379130231052,0.05231700796741847,True,262144
55.0,kappa_tau,4.250000000000001,0.004571242255741352,0.9876379130231052,0.05231700796741847,True,262144
55.0,kappa_tau,4.3500000000000005,0.003541772577093742,0.9876379130231052,0.05231700796741847,True,262144
55.0,kappa_tau,4.45,0.003727673739695849,0.9876379130231052,0.05231700796741847,True,262144
55.0,kappa_tau,4.550000000000001,0.003236967509427484,0.9876379130231052,0.05231700796741847,True,262144
55.0,kappa_tau,4.650000000000001,0.0030923075990104084,0.9876379130231052,0.05231700796741847,True,262144
55.0,kappa_tau,4.750000000000001,0.0030498501671421922,0.9876379130231052,0.05231700796741847,True,262144
55.0,kappa_tau,4.8500000000000005,0.002636469484230926,0.9876379130231052,0.05231700796741847,True,262144
55.0,kappa_tau,4.95,0.0029166065719967364,0.9876379130231052,0.05231700796741847,True,262144
70.0,kappa_tau,-4.95,0.004507919178912565,0.9781883183247408,0.05231700796741847,True,262144
70.0,kappa_tau,-4.85,0.0050020394694631105,0.9781883183247408,0.05231700796741847,True,262144
70.0,kappa_tau,-4.75,0.005357298359245662,0.9781883183247408,0.05231700796741847,True,262144
70.0,kappa_tau,-4.65,0.005540821559928272,0.9781883183247408,0.05231700796741847,True,262144
70.0,kappa_tau,-4.55,0.005307034997043512,0.9781883183247408,0.05231700796741847,True,262144
70.0,kappa_tau,-4.45,0.005352194261163962,0.9781883183247408,0.05231700796741847,True,262144
70.0,kappa_tau,-4.35,0.005560880680849697,0.9781883183247408,0.05231700796741847,True,262144
70.0,kappa_tau,-4.25,0.007320350672280614,0.9781883183247408,0.05231700796741847,True,262144
70.0,kappa_tau,-4.15,0.007112257067047328,0.9781883183247408,0.05231700796741847,True,262144
70.0,kappa_tau,-4.05,0.008161687117398507,0.9781883183247408,0.05231700796741847,True,262144
70.0,kappa_tau,-3.95,0.00789335887501816,0.9781883183247408,0.05231700796741847,True,262144
70.0,kappa_tau,-3.8499999999999996,0.007457833184402458,0.9781883183247408,0.05231700796741847,True,262144
70.0,kappa_tau,-3.75,0.008577417944710456,0.9781883183247408,0.05231700796741847,True,262144
70.0,kappa_tau,-3.65,0.01000473198895705,0.9781883183247408,0.05231700796741847,True,262144
70.0,kappa_tau,-3.55,0.010150505160720028,0.9781883183247408,0.05231700796741847,True,262144
70.0,kappa_tau,-3.45,0.010880849218581096,0.9781883183247408,0.05231700796741847,True,262144
70.0,kappa_tau,-3.3499999999999996,0.01117765423114698,0.9781883183247408,0.05231700796741847,True,262144
70.0,kappa_tau,-3.25,0.011380525531230505,0.9781883183247408,0.05231700796741847,True,262144
70.0,kappa_tau,-3.15,0.013464599096047511,0.9781883183247408,0.05231700796741847,True,262144
70.0,kappa_tau,-3.05,0.012986605510304384,0.9781883183247408,0.05231700796741847,True,262144
70.0,kappa_tau,-2.95,0.014944603980874948,0.9781883183247408,0.05231700796741847,True,262144
70.0,kappa_tau,-2.8499999999999996,0.01610722845725902,0.9781883183247408,0.05231700796741847,True,262144
70.0,kappa_tau,-2.75,0.017018654586244013,0.9781883183247408,0.05231700796741847,True,262144
70.0,kappa_tau,-2.6499999999999995,0.020886333653061476,0.9781883183247408,0.05231700796741847,True,262144
70.0,kappa_tau,-2.55,0.019512715711767607,0.9781883183247408,0.05231700796741847,True,262144
70.0,kappa_tau,-2.45,0.023431337536107,0.9781883183247408,0.05231700796741847,True,262144
70.0,kappa_tau,-2.3499999999999996,0.025153192894016994,0.9781883183247408,0.05231700796741847,True,262144
70.0,kappa_tau,-2.25,0.028115434114324378,0.9781883183247408,0.05231700796741847,True,262144
70.0,kappa_tau,-2.1499999999999995,0.030566814404650648,0.9781883183247408,0.05231700796741847,True,262144
70.0,kappa_tau,-2.05,0.032519419532765034,0.9781883183247408,0.05231700796741847,True,262144
70.0,kappa_tau,-1.95,0.03444963259752859,0.9781883183247408,0.05231700796741847,True,262144
70.0,kappa_tau,-1.8499999999999999,0.03854147217065596,0.9781883183247408,0.05231700796741847,True,262144
70.0,kappa_tau,-1.7499999999999998,0.04136470667026441,0.9781883183247408,0.05231700796741847,True,262144
70.0,kappa_tau,-1.6499999999999997,0.04567250703999789,0.9781883183247408,0.05231700796741847,True,262144
70.0,kappa_tau,-1.5499999999999998,0.05078610345107864,0.9781883183247408,0.05231700796741847,True,262144
70.0,kappa_tau,-1.45,0.05848976308017219,0.9781883183247408,0.05231700796741847,True,262144
70.0,kappa_tau,-1.3499999999999999,0.0653787809804161,0.9781883183247408,0.05231700796741847,True,262144
70.0,kappa_tau,-1.2499999999999998,0.07584187212737639,0.9781883183247408,0.05231700796741847,True,262144
70.0,kappa_tau,-1.1499999999999997,0.07968686725959233,0.9781883183247408,0.05231700796741847,True,262144
70.0,kappa_tau,-1.0499999999999998,0.09819677078471663,0.9781883183247408,0.05231700796741847,True,262144
70.0,kappa_tau,-0.9499999999999997,0.11042933379734608,0.9781883183247408,0.05231700796741847,True,262144
70.0,kappa_tau,-0.8499999999999996,0.1324907192113527,0.9781883183247408,0.05231700796741847,True,262144
70.0,kappa_tau,-0.75,0.1589817684447801,0.9781883183247408,0.05231700796741847,True,262144
70.0,kappa_tau,-0.6499999999999999,0.18461086474056262,0.9781883183247408,0.05231700796741847,True,262144
70.0,kappa_tau,-0.5499999999999998,0.23110446349847166,0.9781883183247408,0.05231700796741847,True,262144
70.0,kappa_tau,-0.44999999999999973,0.29206365968287334,0.9781883183247408,0.05231700796741847,True,262144
70.0,kappa_tau,-0.34999999999999964,0.3887003573086646,0.9781883183247408,0.05231700796741847,True,262144
70.0,kappa_tau,-0.24999999999999956,0.5418855241136691,0.9781883183247408,0.05231700796741847,True,262144
70.0,kappa_tau,-0.14999999999999947,0.7935508046921297,0.9781883183247408,0.05231700796741847,True,262144
70.0,kappa_tau,-0.04999999999999982,1.0716406782326515,0.9781883183247408,0.05231700796741847,True,262144
70.0,kappa_tau,0.050000000000000266,1.061067555726838,0.9781883183247408,0.05231700796741847,True,262144
70.0,kappa_tau,0.15000000000000036,0.8023681068808994,0.9781883183247408,0.05231700796741847,True,262144
70.0,kappa_tau,0.25000000000000044,0.5543125198660499,0.9781883183247408,0.05231700796741847,True,262144
70.0,kappa_tau,0.35000000000000053,0.39896763544325786,0.9781883183247408,0.05231700796741847,True,262144
70.0,kappa_tau,0.4500000000000002,0.2962397432042683,0.9781883183247408,0.05231700796741847,True,262144
70.0,kappa_tau,0.5500000000000003,0.23493531870531692,0.9781883183247408,0.05231700796741847,True,262144
70.0,kappa_tau,0.6500000000000004,0.18222881541135946,0.9781883183247408,0.05231700796741847,True,262144
70.0,kappa_tau,0.7500000000000004,0.1535557691358288,0.9781883183247408,0.05231700796741847,True,262144
70.0,kappa_tau,0.8500000000000005,0.128350059836359,0.9781883183247408,0.05231700796741847,True,262144
70.0,kappa_tau,0.9500000000000002,0.11109576696403498,0.9781883183247408,0.05231700796741847,True,262144
70.0,kappa_tau,1.0500000000000003,0.09295022191264099,0.9781883183247408,0.05231700796741847,True,262144
70.0,kappa_tau,1.1500000000000004,0.08140799961782527,0.9781883183247408,0.05231700796741847,True,262144
70.0,kappa_tau,1.2500000000000004,0.0733180570633221,0.9781883183247408,0.05231700796741847,True,262144
70.0,kappa_tau,1.3500000000000005,0.0677786546986664,0.9781883183247408,0.05231700796741847,True,262144
70.0,kappa_tau,1.4500000000000002,0.05840806445213689,0.9781883183247408,0.05231700796741847,True,262144
70.0,kappa_tau,1.5500000000000003,0.050144616198236444,0.9781883183247408,0.05231700796741847,True,262144
70.0,kappa_tau,1.6500000000000004,0.045969121042506764,0.9781883183247408,0.05231700796741847,True,262144
70.0,kappa_tau,1.7500000000000004,0.04304914999419993,0.9781883183247408,0.05231700796741847,True,262144
70.0,kappa_tau,1.8500000000000005,0.040667501255665484,0.9781883183247408,0.05231700796741847,True,262144
70.0,kappa_tau,1.9500000000000002,0.03514155429071517,0.9781883183247408,0.05231700796741847,True,262144
70.0,kappa_tau,2.0500000000000003,0.032362870901189264,0.9781883183247408,0.05231700796741847,True,262144
70.0,kappa_tau,2.1500000000000004,0.02811090159822834,0.9781883183247408,0.05231700796741847,True,262144
70.0,kappa_tau,2.2500000000000004,0.025986726942687572,0.9781883183247408,0.05231700796741847,True,262144
70.0,kappa_tau,2.3500000000000005,0.021949863989082292,0.9781883183247408,0.05231700796741847,True,262144
70.0,kappa_tau,2.45,0.024119932110097473,0.9781883183247408,0.05231700796741847,True,262144
70.0,kappa_tau,2.5500000000000003,0.02229493561952568,0.9781883183247408,0.05231700796741847,True,262144
70.0,kappa_tau,2.6500000000000004,0.017594650538369512,0.9781883183247408,0.05231700796741847,True,262144
70.0,kappa_tau,2.7500000000000004,0.017990866370505204,0.9781883183247408,0.05231700796741847,True,262144
70.0,kappa_tau,2.8500000000000005,0.016980198112100865,0.9781883183247408,0.05231700796741847,True,262144
70.0,kappa_tau,2.95,0.015298086682778834,0.9781883183247408,0.05231700796741847,True,262144
70.0,kappa_tau,3.05,0.014572295063776072,0.9781883183247408,0.05231700796741847,True,262144
70.0,kappa_tau,3.1500000000000004,0.012120918631988855,0.9781883183247408,0.05231700796741847,True,262144
70.0,kappa_tau,3.250000000000001,0.013010962137653641,0.9781883183247408,0.05231700796741847,True,262144
70.0,kappa_tau,3.3500000000000005,0.01118712622848357,0.9781883183247408,0.05231700796741847,True,262144
70.0,kappa_tau,3.45,0.010283776531478876,0.9781883183247408,0.05231700796741847,True,262144
70.0,kappa_tau,3.55,0.009282496887053748,0.9781883183247408,0.05231700796741847,True,262144
70.0,kappa_tau,3.6500000000000004,0.009348895457961361,0.9781883183247408,0.05231700796741847,True,262144
70.0,kappa_tau,3.750000000000001,0.008766936095667806,0.9781883183247408,0.05231700796741847,True,262144
70.0,kappa_tau,3.8500000000000005,0.008347437131635087,0.9781883183247408,0.05231700796741847,True,262144
70.0,kappa_tau,3.95,0.006797569389370476,0.9781883183247408,0.05231700796741847,True,262144
70.0,kappa_tau,4.05,0.006941304378919505,0.9781883183247408,0.05231700796741847,True,262144
70.0,kappa_tau,4.15,0.007146003675530935,0.9781883183247408,0.05231700796741847,True,262144
70.0,kappa_tau,4.250000000000001,0.006081323768238221,0.9781883183247408,0.05231700796741847,True,262144
70.0,kappa_tau,4.3500000000000005,0.007115955486751225,0.9781883183247408,0.05231700796741847,True,262144
70.0,kappa_tau,4.45,0.006439163677529948,0.9781883183247408,0.05231700796741847,True,262144
70.0,kappa_tau,4.550000000000001,0.005612510684332667,0.9781883183247408,0.05231700796741847,True,262144
70.0,kappa_tau,4.650000000000001,0.004694839994159071,0.9781883183247408,0.05231700796741847,True,262144
70.0,kappa_tau,4.750000000000001,0.004875416398771828,0.9781883183247408,0.05231700796741847,True,262144
70.0,kappa_tau,4.8500000000000005,0.004623658468863703,0.9781883183247408,0.05231700796741847,True,262144
70.0,kappa_tau,4.95,0.004670379734723485,0.9781883183247408,0.05231700796741847,True,262144
100.0,kappa_tau,-4.95,0.004938658700975778,0.9791607724705932,0.05231700796741847,True,262144
100.0,kappa_tau,-4.85,0.0047346119390813375,0.9791607724705932,0.05231700796741847,True,262144
100.0,kappa_tau,-4.75,0.004988757806223259,0.9791607724705932,0.05231700796741847,True,262144
100.0,kappa_tau,-4.65,0.004774709394628335,0.9791607724705932,0.05231700796741847,True,262144
100.0,kappa_tau,-4.55,0.005248513572678384,0.9791607724705932,0.05231700796741847,True,262144
100.0,kappa_tau,-4.45,0.005906735272084207,0.9791607724705932,0.05231700796741847,True,262144
100.0,kappa_tau,-4.35,0.0063728929908814045,0.9791607724705932,0.05231700796741847,True,262144
100.0,kappa_tau,-4.25,0.006165120743252235,0.9791607724705932,0.05231700796741847,True,262144
100.0,kappa_tau,-4.15,0.006942528336839335,0.9791607724705932,0.05231700796741847,True,262144
100.0,kappa_tau,-4.05,0.007345405797879735,0.9791607724705932,0.05231700796741847,True,262144
100.0,kappa_tau,-3.95,0.008250664201652177,0.9791607724705932,0.05231700796741847,True,262144
100.0,kappa_tau,-3.8499999999999996,0.007957587915566292,0.9791607724705932,0.05231700796741847,True,262144
100.0,kappa_tau,-3.75,0.008658198391448735,0.9791607724705932,0.05231700796741847,True,262144
100.0,kappa_tau,-3.65,0.009677525785151329,0.9791607724705932,0.05231700796741847,True,262144
100.0,kappa_tau,-3.55,0.009285401034255866,0.9791607724705932,0.05231700796741847,True,262144
100.0,kappa_tau,-3.45,0.011198795887385088,0.9791607724705932,0.05231700796741847,True,262144
100.0,kappa_tau,-3.3499999999999996,0.011434262925019903,0.9791607724705932,0.05231700796741847,True,262144
100.0,kappa_tau,-3.25,0.011915745648412038,0.9791607724705932,0.05231700796741847,True,262144
100.0,kappa_tau,-3.15,0.012878296425812745,0.9791607724705932,0.05231700796741847,True,262144
100.0,kappa_tau,-3.05,0.012584132629499934,0.9791607724705932,0.05231700796741847,True,262144
100.0,kappa_tau,-2.95,0.015635593475749887,0.9791607724705932,0.05231700796741847,True,262144
100.0,kappa_tau,-2.8499999999999996,0.01607643691886931,0.9791607724705932,0.05231700796741847,True,262144
100.0,kappa_tau,-2.75,0.01769050202085853,0.9791607724705932,0.05231700796741847,True,262144
100.0,kappa_tau,-2.6499999999999995,0.019041745952321023,0.9791607724705932,0.05231700796741847,True,262144
100.0,kappa_tau,-2.55,0.02162203811764067,0.9791607724705932,0.05231700796741847,True,262144
100.0,kappa_tau,-2.45,0.022951792528746018,0.9791607724705932,0.05231700796741847,True,262144
100.0,kappa_tau,-2.3499999999999996,0.025464316439226704,0.9791607724705932,0.05231700796741847,True,262144
100.0,kappa_tau,-2.25,0.028834729007444958,0.9791607724705932,0.05231700796741847,True,262144
100.0,kappa_tau,-2.1499999999999995,0.03042937365675105,0.9791607724705932,0.05231700796741847,True,262144
100.0,kappa_tau,-2.05,0.032327614692876025,0.9791607724705932,0.05231700796741847,True,262144
100.0,kappa_tau,-1.95,0.03783254945426291,0.9791607724705932,0.05231700796741847,True,262144
100.0,kappa_tau,-1.8499999999999999,0.03829478324385254,0.9791607724705932,0.05231700796741847,True,262144
100.0,kappa_tau,-1.7499999999999998,0.04142056859903968,0.9791607724705932,0.05231700796741847,True,262144
100.0,kappa_tau,-1.6499999999999997,0.04648362984069807,0.9791607724705932,0.05231700796741847,True,262144
100.0,kappa_tau,-1.5499999999999998,0.05326270975426057,0.9791607724705932,0.05231700796741847,True,262144
100.0,kappa_tau,-1.45,0.059205955992067204,0.9791607724705932,0.05231700796741847,True,262144
100.0,kappa_tau,-1.3499999999999999,0.06747941121373416,0.9791607724705932,0.05231700796741847,True,262144
100.0,kappa_tau,-1.2499999999999998,0.07647604809972204,0.9791607724705932,0.05231700796741847,True,262144
100.0,kappa_tau,-1.1499999999999997,0.08380285214746322,0.9791607724705932,0.05231700796741847,True,262144
100.0,kappa_tau,-1.0499999999999998,0.09727741113069645,0.9791607724705932,0.05231700796741847,True,262144
100.0,kappa_tau,-0.9499999999999997,0.11351462509714796,0.9791607724705932,0.05231700796741847,True,262144
100.0,kappa_tau,-0.8499999999999996,0.13901591568341157,0.9791607724705932,0.05231700796741847,True,262144
100.0,kappa_tau,-0.75,0.16116907873247885,0.9791607724705932,0.05231700796741847,True,262144
100.0,kappa_tau,-0.6499999999999999,0.1921918676051628,0.9791607724705932,0.05231700796741847,True,262144
100.0,kappa_tau,-0.5499999999999998,0.23367544619399838,0.9791607724705932,0.05231700796741847,True,262144
100.0,kappa_tau,-0.44999999999999973,0.29702606589781716,0.9791607724705932,0.05231700796741847,True,262144
100.0,kappa_tau,-0.34999999999999964,0.395008421599961,0.9791607724705932,0.05231700796741847,True,262144
100.0,kappa_tau,-0.24999999999999956,0.5430836914766618,0.9791607724705932,0.05231700796741847,True,262144
100.0,kappa_tau,-0.14999999999999947,0.7882181249598211,0.9791607724705932,0.05231700796741847,True,262144
100.0,kappa_tau,-0.04999999999999982,1.0337417686348265,0.9791607724705932,0.05231700796741847,True,262144
100.0,kappa_tau,0.050000000000000266,1.0254469008891938,0.9791607724705932,0.05231700796741847,True,262144
100.0,kappa_tau,0.15000000000000036,0.7901955434310411,0.9791607724705932,0.05231700796741847,True,262144
100.0,kappa_tau,0.25000000000000044,0.5610531407101897,0.9791607724705932,0.05231700796741847,True,262144
100.0,kappa_tau,0.35000000000000053,0.4015322550544875,0.9791607724705932,0.05231700796741847,True,262144
100.0,kappa_tau,0.4500000000000002,0.30405112925058503,0.9791607724705932,0.05231700796741847,True,262144
100.0,kappa_tau,0.5500000000000003,0.23917877298633353,0.9791607724705932,0.05231700796741847,True,262144
100.0,kappa_tau,0.6500000000000004,0.1883453616828025,0.9791607724705932,0.05231700796741847,True,262144
100.0,kappa_tau,0.7500000000000004,0.15781527184743468,0.9791607724705932,0.05231700796741847,True,262144
100.0,kappa_tau,0.8500000000000005,0.1324282587130503,0.9791607724705932,0.05231700796741847,True,262144
100.0,kappa_tau,0.9500000000000002,0.1159496202371891,0.9791607724705932,0.05231700796741847,True,262144
100.0,kappa_tau,1.0500000000000003,0.0947364359656374,0.9791607724705932,0.05231700796741847,True,262144
100.0,kappa_tau,1.1500000000000004,0.08335300535928807,0.9791607724705932,0.05231700796741847,True,262144
100.0,kappa_tau,1.2500000000000004,0.07662800425016,0.9791607724705932,0.05231700796741847,True,262144
100.0,kappa_tau,1.3500000000000005,0.0665978562565215,0.9791607724705932,0.05231700796741847,True,262144
100.0,kappa_tau,1.4500000000000002,0.060672013927229644,0.9791607724705932,0.05231700796741847,True,262144
100.0,kappa_tau,1.5500000000000003,0.051653415241281156,0.9791607724705932,0.05231700796741847,True,262144
100.0,kappa_tau,1.6500000000000004,0.04828786663459504,0.9791607724705932,0.05231700796741847,True,262144
100.0,kappa_tau,1.7500000000000004,0.043007394907303584,0.9791607724705932,0.05231700796741847,True,262144
100.0,kappa_tau,1.8500000000000005,0.040244864559320276,0.9791607724705932,0.05231700796741847,True,262144
100.0,kappa_tau,1.9500000000000002,0.03586283441234626,0.9791607724705932,0.05231700796741847,True,262144
100.0,kappa_tau,2.0500000000000003,0.032745725964354176,0.9791607724705932,0.05231700796741847,True,262144
100.0,kappa_tau,2.1500000000000004,0.028819936280319845,0.9791607724705932,0.05231700796741847,True,262144
100.0,kappa_tau,2.2500000000000004,0.02675303173313261,0.9791607724705932,0.05231700796741847,True,262144
100.0,kappa_tau,2.3500000000000005,0.023681315635805333,0.9791607724705932,0.05231700796741847,True,262144
100.0,kappa_tau,2.45,0.023596224716850696,0.9791607724705932,0.05231700796741847,True,262144
100.0,kappa_tau,2.5500000000000003,0.01986727426495368,0.9791607724705932,0.05231700796741847,True,262144
100.0,kappa_tau,2.6500000000000004,0.019805872254582368,0.9791607724705932,0.05231700796741847,True,262144
100.0,kappa_tau,2.7500000000000004,0.01786025815921575,0.9791607724705932,0.05231700796741847,True,262144
100.0,kappa_tau,2.8500000000000005,0.016077088313331635,0.9791607724705932,0.05231700796741847,True,262144
100.0,kappa_tau,2.95,0.015692394040942956,0.9791607724705932,0.05231700796741847,True,262144
100.0,kappa_tau,3.05,0.01437983555654283,0.9791607724705932,0.05231700796741847,True,262144
100.0,kappa_tau,3.1500000000000004,0.01294165332919554,0.9791607724705932,0.05231700796741847,True,262144
100.0,kappa_tau,3.250000000000001,0.01197035663969443,0.9791607724705932,0.05231700796741847,True,262144
100.0,kappa_tau,3.3500000000000005,0.011238442396152574,0.9791607724705932,0.05231700796741847,True,262144
100.0,kappa_tau,3.45,0.009993117874367387,0.9791607724705932,0.05231700796741847,True,262144
100.0,kappa_tau,3.55,0.009602804112225275,0.9791607724705932,0.05231700796741847,True,262144
100.0,kappa_tau,3.6500000000000004,0.010151633029440553,0.9791607724705932,0.05231700796741847,True,262144
100.0,kappa_tau,3.750000000000001,0.007998719582526561,0.9791607724705932,0.05231700796741847,True,262144
100.0,kappa_tau,3.8500000000000005,0.007317789319671809,0.9791607724705932,0.05231700796741847,True,262144
100.0,kappa_tau,3.95,0.0073414239940717135,0.9791607724705932,0.05231700796741847,True,262144
100.0,kappa_tau,4.05,0.007589508424660826,0.9791607724705932,0.05231700796741847,True,262144
100.0,kappa_tau,4.15,0.007081958954235646,0.9791607724705932,0.05231700796741847,True,262144
100.0,kappa_tau,4.250000000000001,0.006762536301947189,0.9791607724705932,0.05231700796741847,True,262144
100.0,kappa_tau,4.3500000000000005,0.0061291466952706685,0.9791607724705932,0.05231700796741847,True,262144
100.0,kappa_tau,4.45,0.005717419399445344,0.9791607724705932,0.05231700796741847,True,262144
100.0,kappa_tau,4.550000000000001,0.0051298088223133715,0.9791607724705932,0.05231700796741847,True,262144
100.0,kappa_tau,4.650000000000001,0.005063182091608274,0.9791607724705932,0.05231700796741847,True,262144
100.0,kappa_tau,4.750000000000001,0.004744215725690583,0.9791607724705932,0.05231700796741847,True,262144
100.0,kappa_tau,4.8500000000000005,0.004708965923458848,0.9791607724705932,0.05231700796741847,True,262144
100.0,kappa_tau,4.95,0.0042925252876368355,0.9791607724705932,0.05231700796741847,True,262144
