concentration_mM,variable,coordinate,density,retained_probability,normalization_k_ref_A^-1,anisotropic_geometry,sample_count
0.0,kappa,0.025,0.27412457690184316,0.9983147995500856,0.052411292667388615,True,262144
0.0,kappa,0.07500000000000001,0.7794981910997371,0.9983147995500856,0.052411292667388615,True,262144
0.0,kappa,0.125,1.1799838112768797,0.9983147995500856,0.052411292667388615,True,262144
0.0,kappa,0.17500000000000002,1.4183900142318253,0.9983147995500856,0.052411292667388615,True,262144
0.0,kappa,0.225,1.5108062107444384,0.9983147995500856,0.052411292667388615,True,262144
0.0,kappa,0.275,1.5209045656671203,0.9983147995500856,0.052411292667388615,True,262144
0.0,kappa,0.32500000000000007,1.4414390663085865,0.9983147995500856,0.052411292667388615,True,262144
0.0,kappa,0.375,1.370736669565028,0.9983147995500856,0.052411292667388615,True,262144
0.0,kappa,0.42500000000000004,1.2292385864426234,0.9983147995500856,0.052411292667388615,True,262144
0.0,kappa,0.475,1.0941546259574553,0.9983147995500856,0.052411292667388615,True,262144
0.0,kappa,0.525,0.9693242460782756,0.9983147995500856,0.052411292667388615,True,262144
0.0,kappa,0.5750000000000001,0.8429604104935348,0.9983147995500856,0.052411292667388615,True,262144
0.0,kappa,0.625,0.7380187630531233,0.9983147995500856,0.052411292667388615,True,262144
0.0,kappa,0.675,0.6463082730883298,0.9983147995500856,0.052411292667388615,True,262144
0.0,kappa,0.7250000000000001,0.5683375623775369,0.9983147995500856,0.052411292667388615,True,262144
0.0,kappa,0.775,0.48904066769525756,0.9983147995500856,0.052411292667388615,True,262144
0.0,kappa,0.8250000000000001,0.42354502609702477,0.9983147995500856,0.052411292667388615,True,262144
0.0,kappa,0.875,0.3746485257941571,0.9983147995500856,0.052411292667388615,True,262144
0.0,kappa,0.925,0.3288237017793699,0.9983147995500856,0.052411292667388615,True,262144
0.0,kappa,0.9750000000000001,0.2809790959647801,0.9983147995500856,0.052411292667388615,True,262144
0.0,kappa,1.025,0.25634900170336994,0.9983147995500856,0.052411292667388615,True,262144
0.0,kappa,1.0750000000000002,0.22899143163992533,0.9983147995500856,0.052411292667388615,True,262144
0.0,kappa,1.125,0.19580137784042131,0.9983147995500856,0.052411292667388615,True,262144
0.0,kappa,1.1750000000000003,0.1762757762582635,0.9983147995500856,0.052411292667388615,True,262144
0.0,kappa,1.225,0.1562863520903346,0.9983147995500856,0.052411292667388615,True,262144
0.0,kappa,1.275,0.1372061841032295,0.9983147995500856,0.052411292667388615,True,262144
0.0,kappa,1.3250000000000002,0.12168005559481425,0.9983147995500856,0.052411292667388615,True,262144
0.0,kappa,1.375,0.10610981185861819,0.9983147995500856,0.052411292667388615,True,262144
0.0,kappa,1.4250000000000003,0.09674626879906936,0.9983147995500856,0.052411292667388615,True,262144
0.0,kappa,1.475,0.0845568990159573,0.9983147995500856,0.052411292667388615,True,262144
0.0,kappa,1.525,0.07587238424692125,0.9983147995500856,0.052411292667388615,True,262144
0.0,kappa,1.5750000000000002,0.06818365628887159,0.9983147995500856,0.052411292667388615,True,262144
0.0,kappa,1.625,0.06177603616631494,0.9983147995500856,0.052411292667388615,True,262144
0.0,kappa,1.6750000000000003,0.057012438110652756,0.9983147995500856,0.052411292667388615,True,262144
0.0,kappa,1.725,0.05090533388031789,0.9983147995500856,0.052411292667388615,True,262144
0.0,kappa,1.775,0.04566818198342929,0.9983147995500856,0.052411292667388615,True,262144
0.0,kappa,1.8250000000000002,0.042263448153579394,0.9983147995500856,0.052411292667388615,True,262144
0.0,kappa,1.875,0.03842658093044442,0.9983147995500856,0.052411292667388615,True,262144
0.0,kappa,1.9250000000000003,0.0352005351301926,0.9983147995500856,0.052411292667388615,True,262144
0.0,kappa,1.975,0.02987440407363112,0.9983147995500856,0.052411292667388615,True,262144
0.0,kappa,2.0250000000000004,0.03088587046344766,0.9983147995500856,0.052411292667388615,True,262144
0.0,kappa,2.075,0.025425308166995866,0.9983147995500856,0.052411292667388615,True,262144
0.0,kappa,2.125,0.025337568101035417,0.9983147995500856,0.052411292667388615,True,262144
0.0,kappa,2.175,0.02441347520385615,0.9983147995500856,0.052411292667388615,True,262144
0.0,kappa,2.225,0.021608781130989026,0.9983147995500856,0.052411292667388615,True,262144
0.0,kappa,2.2750000000000004,0.02069050484603189,0.9983147995500856,0.052411292667388615,True,262144
0.0,kappa,2.325,0.01683802396833021,0.9983147995500856,0.052411292667388615,True,262144
0.0,kappa,2.375,0.01717039132172056,0.9983147995500856,0.052411292667388615,True,262144
0.0,kappa,2.4250000000000003,0.014525646579882125,0.9983147995500856,0.052411292667388615,True,262144
0.0,kappa,2.475,0.013632610073235919,0.9983147995500856,0.052411292667388615,True,262144
0.0,kappa,2.5250000000000004,0.014315639921125252,0.9983147995500856,0.052411292667388615,True,262144
0.0,kappa,2.575,0.011140596008909808,0.9983147995500856,0.052411292667388615,True,262144
0.0,kappa,2.625,0.011277392367260757,0.9983147995500856,0.052411292667388615,True,262144
0.0,kappa,2.6750000000000003,0.011202056526597365,0.9983147995500856,0.052411292667388615,True,262144
0.0,kappa,2.725,0.010078955164420216,0.9983147995500856,0.052411292667388615,True,262144
0.0,kappa,2.7750000000000004,0.009589792287766696,0.9983147995500856,0.052411292667388615,True,262144
0.0,kappa,2.825,0.008556098909917322,0.9983147995500856,0.052411292667388615,True,262144
0.0,kappa,2.875,0.00808105785402111,0.9983147995500856,0.052411292667388615,True,262144
0.0,kappa,2.9250000000000003,0.00801563863232069,0.9983147995500856,0.052411292667388615,True,262144
0.0,kappa,2.975,0.007141024360619572,0.9983147995500856,0.052411292667388615,True,262144
0.0,kappa,3.0250000000000004,0.007057154350604372,0.9983147995500856,0.052411292667388615,True,262144
0.0,kappa,3.075,0.006375719864667148,0.9983147995500856,0.052411292667388615,True,262144
0.0,kappa,3.125,0.006122696405818175,0.9983147995500856,0.052411292667388615,True,262144
0.0,kappa,3.1750000000000003,0.005209412296786328,0.9983147995500856,0.052411292667388615,True,262144
0.0,kappa,3.225,0.004893712819734382,0.9983147995500856,0.052411292667388615,True,262144
0.0,kappa,3.2750000000000004,0.005147098716663845,0.9983147995500856,0.052411292667388615,True,262144
0.0,kappa,3.325,0.004058658948932868,0.9983147995500856,0.052411292667388615,True,262144
0.0,kappa,3.375,0.0042200072367459375,0.9983147995500856,0.052411292667388615,True,262144
0.0,kappa,3.4250000000000003,0.003943243933162007,0.9983147995500856,0.052411292667388615,True,262144
0.0,kappa,3.475,0.004273480793092849,0.9983147995500856,0.052411292667388615,True,262144
0.0,kappa,3.5250000000000004,0.0032084135029870754,0.9983147995500856,0.052411292667388615,True,262144
0.0,kappa,3.575,0.003266289858193321,0.9983147995500856,0.052411292667388615,True,262144
0.0,kappa,3.625,0.0031633763064127136,0.9983147995500856,0.052411292667388615,True,262144
0.0,kappa,3.6750000000000003,0.0031870845131525623,0.9983147995500856,0.052411292667388615,True,262144
0.0,kappa,3.725,0.003029681181174361,0.9983147995500856,0.052411292667388615,True,262144
0.0,kappa,3.7750000000000004,0.0028651550405122445,0.9983147995500856,0.052411292667388615,True,262144
0.0,kappa,3.825,0.0024845768007285053,0.9983147995500856,0.052411292667388615,True,262144
0.0,kappa,3.875,0.0022845416171961793,0.9983147995500856,0.052411292667388615,True,262144
0.0,kappa,3.9250000000000003,0.002627421541396788,0.9983147995500856,0.052411292667388615,True,262144
0.0,kappa,3.975,0.0023561329039445875,0.9983147995500856,0.052411292667388615,True,262144
0.0,kappa,4.025,0.002114177070574256,0.9983147995500856,0.052411292667388615,True,262144
0.0,kappa,4.075,0.002250341190247998,0.9983147995500856,0.052411292667388615,True,262144
0.0,kappa,4.125,0.0021755852782094033,0.9983147995500856,0.052411292667388615,True,262144
0.0,kappa,4.175000000000001,0.0018094956272537038,0.9983147995500856,0.052411292667388615,True,262144
0.0,kappa,4.225,0.002017836517018392,0.9983147995500856,0.052411292667388615,True,262144
0.0,kappa,4.275,0.0018348868546250988,0.9983147995500856,0.052411292667388615,True,262144
0.0,kappa,4.325,0.0017064574546529594,0.9983147995500856,0.052411292667388615,True,262144
0.0,kappa,4.375,0.001645913782431522,0.9983147995500856,0.052411292667388615,True,262144
0.0,kappa,4.425000000000001,0.001472341560683525,0.9983147995500856,0.052411292667388615,True,262144
0.0,kappa,4.475,0.0016955572867047328,0.9983147995500856,0.052411292667388615,True,262144
0.0,kappa,4.525,0.0014206058684400125,0.9983147995500856,0.052411292667388615,True,262144
0.0,kappa,4.575,0.001225146967341689,0.9983147995500856,0.052411292667388615,True,262144
0.0,kappa,4.625,0.0014120536271808426,0.9983147995500856,0.052411292667388615,True,262144
0.0,kappa,4.675000000000001,0.001063389021541925,0.9983147995500856,0.052411292667388615,True,262144
0.0,kappa,4.725,0.0012793035001084439,0.9983147995500856,0.052411292667388615,True,262144
0.0,kappa,4.775,0.0012238383716237154,0.9983147995500856,0.052411292667388615,True,262144
0.0,kappa,4.825000000000001,0.0010366021960364724,0.9983147995500856,0.052411292667388615,True,262144
0.0,kappa,4.875,0.0010348715779133417,0.9983147995500856,0.052411292667388615,True,262144
0.0,kappa,4.925000000000001,0.0010538665264370724,0.9983147995500856,0.052411292667388615,True,262144
0.0,kappa,4.975,0.0006746817170091276,0.9983147995500856,0.052411292667388615,True,262144
1.0,kappa,0.025,0.3057878615830924,0.9982586173026665,0.052411292667388615,True,262144
1.0,kappa,0.07500000000000001,0.8389248013950797,0.9982586173026665,0.052411292667388615,True,262144
1.0,kappa,0.125,1.2669875935416777,0.9982586173026665,0.052411292667388615,True,262144
1.0,kappa,0.17500000000000002,1.4857958258772372,0.9982586173026665,0.052411292667388615,True,262144
1.0,kappa,0.225,1.5662480201754145,0.9982586173026665,0.052411292667388615,True,262144
1.0,kappa,0.275,1.5169951334776552,0.9982586173026665,0.052411292667388615,True,262144
1.0,kappa,0.32500000000000007,1.4425812913331124,0.9982586173026665,0.052411292667388615,True,262144
1.0,kappa,0.375,1.3383595362769385,0.9982586173026665,0.052411292667388615,True,262144
1.0,kappa,0.42500000000000004,1.2017232984381507,0.9982586173026665,0.052411292667388615,True,262144
1.0,kappa,0.475,1.0652326299642783,0.9982586173026665,0.052411292667388615,True,262144
1.0,kappa,0.525,0.9240427776522908,0.9982586173026665,0.052411292667388615,True,262144
1.0,kappa,0.5750000000000001,0.8155696689020012,0.9982586173026665,0.052411292667388615,True,262144
1.0,kappa,0.625,0.7046839825288721,0.9982586173026665,0.052411292667388615,True,262144
1.0,kappa,0.675,0.6329066326542404,0.9982586173026665,0.052411292667388615,True,262144
1.0,kappa,0.7250000000000001,0.5353869667890929,0.9982586173026665,0.052411292667388615,True,262144
1.0,kappa,0.775,0.47628498757070975,0.9982586173026665,0.052411292667388615,True,262144
1.0,kappa,0.8250000000000001,0.41507556938965545,0.9982586173026665,0.052411292667388615,True,262144
1.0,kappa,0.875,0.3650133295933785,0.9982586173026665,0.052411292667388615,True,262144
1.0,kappa,0.925,0.3148348241780071,0.9982586173026665,0.052411292667388615,True,262144
1.0,kappa,0.9750000000000001,0.2739992794654462,0.9982586173026665,0.052411292667388615,True,262144
1.0,kappa,1.025,0.25118777285135413,0.9982586173026665,0.052411292667388615,True,262144
1.0,kappa,1.0750000000000002,0.22230570880858733,0.9982586173026665,0.052411292667388615,True,262144
1.0,kappa,1.125,0.19235531905222691,0.9982586173026665,0.052411292667388615,True,262144
1.0,kappa,1.1750000000000003,0.17360956849807108,0.9982586173026665,0.052411292667388615,True,262144
1.0,kappa,1.225,0.15693097405829715,0.9982586173026665,0.052411292667388615,True,262144
1.0,kappa,1.275,0.13602342168320922,0.9982586173026665,0.052411292667388615,True,262144
1.0,kappa,1.3250000000000002,0.11976571896805971,0.9982586173026665,0.052411292667388615,True,262144
1.0,kappa,1.375,0.1089928499369731,0.9982586173026665,0.052411292667388615,True,262144
1.0,kappa,1.4250000000000003,0.0932121925807853,0.9982586173026665,0.052411292667388615,True,262144
1.0,kappa,1.475,0.08622225316885575,0.9982586173026665,0.052411292667388615,True,262144
1.0,kappa,1.525,0.07519656402188385,0.9982586173026665,0.052411292667388615,True,262144
1.0,kappa,1.5750000000000002,0.06954910234669594,0.9982586173026665,0.052411292667388615,True,262144
1.0,kappa,1.625,0.06297390920293647,0.9982586173026665,0.052411292667388615,True,262144
1.0,kappa,1.6750000000000003,0.05684495948943081,0.9982586173026665,0.052411292667388615,True,262144
1.0,kappa,1.725,0.0520257659660861,0.9982586173026665,0.052411292667388615,True,262144
1.0,kappa,1.775,0.04626628280122854,0.9982586173026665,0.052411292667388615,True,262144
1.0,kappa,1.8250000000000002,0.04388705715715561,0.9982586173026665,0.052411292667388615,True,262144
1.0,kappa,1.875,0.03657235400902268,0.9982586173026665,0.052411292667388615,True,262144
1.0,kappa,1.9250000000000003,0.03481566295508614,0.9982586173026665,0.052411292667388615,True,262144
1.0,kappa,1.975,0.033288463463280814,0.9982586173026665,0.052411292667388615,True,262144
1.0,kappa,2.0250000000000004,0.028609467657733787,0.9982586173026665,0.052411292667388615,True,262144
1.0,kappa,2.075,0.02627613966250092,0.9982586173026665,0.052411292667388615,True,262144
1.0,kappa,2.125,0.025448783034476476,0.9982586173026665,0.052411292667388615,True,262144
1.0,kappa,2.175,0.024206578018308555,0.9982586173026665,0.052411292667388615,True,262144
1.0,kappa,2.225,0.022107728343971657,0.9982586173026665,0.052411292667388615,True,262144
1.0,kappa,2.2750000000000004,0.021661739722346415,0.9982586173026665,0.052411292667388615,True,262144
1.0,kappa,2.325,0.017711611089313316,0.9982586173026665,0.052411292667388615,True,262144
1.0,kappa,2.375,0.01753957185913903,0.9982586173026665,0.052411292667388615,True,262144
1.0,kappa,2.4250000000000003,0.015752786245916906,0.9982586173026665,0.052411292667388615,True,262144
1.0,kappa,2.475,0.012992488352382547,0.9982586173026665,0.052411292667388615,True,262144
1.0,kappa,2.5250000000000004,0.013911036537260345,0.9982586173026665,0.052411292667388615,True,262144
1.0,kappa,2.575,0.01203090801271645,0.9982586173026665,0.052411292667388615,True,262144
1.0,kappa,2.625,0.01166650289320006,0.9982586173026665,0.052411292667388615,True,262144
1.0,kappa,2.6750000000000003,0.011605725974725884,0.9982586173026665,0.052411292667388615,True,262144
1.0,kappa,2.725,0.009563763314725693,0.9982586173026665,0.052411292667388615,True,262144
1.0,kappa,2.7750000000000004,0.009535838096050511,0.9982586173026665,0.052411292667388615,True,262144
1.0,kappa,2.825,0.009665353926866056,0.9982586173026665,0.052411292667388615,True,262144
1.0,kappa,2.875,0.00817722659636026,0.9982586173026665,0.052411292667388615,True,262144
1.0,kappa,2.9250000000000003,0.007448828216404299,0.9982586173026665,0.052411292667388615,True,262144
1.0,kappa,2.975,0.007678340042796761,0.9982586173026665,0.052411292667388615,True,262144
1.0,kappa,3.0250000000000004,0.006571168347624162,0.9982586173026665,0.052411292667388615,True,262144
1.0,kappa,3.075,0.006770438030665205,0.9982586173026665,0.052411292667388615,True,262144
1.0,kappa,3.125,0.006234243826298035,0.9982586173026665,0.052411292667388615,True,262144
1.0,kappa,3.1750000000000003,0.006216243739310897,0.9982586173026665,0.052411292667388615,True,262144
1.0,kappa,3.225,0.005482051541067422,0.9982586173026665,0.052411292667388615,True,262144
1.0,kappa,3.2750000000000004,0.004808765391078452,0.9982586173026665,0.052411292667388615,True,262144
1.0,kappa,3.325,0.005045444990553833,0.9982586173026665,0.052411292667388615,True,262144
1.0,kappa,3.375,0.003823395124027822,0.9982586173026665,0.052411292667388615,True,262144
1.0,kappa,3.4250000000000003,0.0039600794991248595,0.9982586173026665,0.052411292667388615,True,262144
1.0,kappa,3.475,0.0035366146739651736,0.9982586173026665,0.052411292667388615,True,262144
1.0,kappa,3.5250000000000004,0.004109603470847616,0.9982586173026665,0.052411292667388615,True,262144
1.0,kappa,3.575,0.0032696751297840334,0.9982586173026665,0.052411292667388615,True,262144
1.0,kappa,3.625,0.0033229396308460677,0.9982586173026665,0.052411292667388615,True,262144
1.0,kappa,3.6750000000000003,0.0030115000215888334,0.9982586173026665,0.052411292667388615,True,262144
1.0,kappa,3.725,0.0032060356088723183,0.9982586173026665,0.052411292667388615,True,262144
1.0,kappa,3.7750000000000004,0.0031659417777250296,0.9982586173026665,0.052411292667388615,True,262144
1.0,kappa,3.825,0.0030023078150921744,0.9982586173026665,0.052411292667388615,True,262144
1.0,kappa,3.875,0.002249338328073214,0.9982586173026665,0.052411292667388615,True,262144
1.0,kappa,3.9250000000000003,0.002388377505149684,0.9982586173026665,0.052411292667388615,True,262144
1.0,kappa,3.975,0.002254495359068211,0.9982586173026665,0.052411292667388615,True,262144
1.0,kappa,4.025,0.0021101953834230334,0.9982586173026665,0.052411292667388615,True,262144
1.0,kappa,4.075,0.001904346137379355,0.9982586173026665,0.052411292667388615,True,262144
1.0,kappa,4.125,0.002589547889104698,0.9982586173026665,0.052411292667388615,True,262144
1.0,kappa,4.175000000000001,0.0020566024646662133,0.9982586173026665,0.052411292667388615,True,262144
1.0,kappa,4.225,0.001639894163922425,0.9982586173026665,0.052411292667388615,True,262144
1.0,kappa,4.275,0.0017297016964340182,0.9982586173026665,0.052411292667388615,True,262144
1.0,kappa,4.325,0.001700033099315825,0.9982586173026665,0.052411292667388615,True,262144
1.0,kappa,4.375,0.0018011322194004629,0.9982586173026665,0.052411292667388615,True,262144
1.0,kappa,4.425000000000001,0.0018543385956379828,0.9982586173026665,0.052411292667388615,True,262144
1.0,kappa,4.475,0.0013810770114193493,0.9982586173026665,0.052411292667388615,True,262144
1.0,kappa,4.525,0.0012745488741223792,0.9982586173026665,0.052411292667388615,True,262144
1.0,kappa,4.575,0.0014891239181887882,0.9982586173026665,0.052411292667388615,True,262144
1.0,kappa,4.625,0.0011157524472351554,0.9982586173026665,0.052411292667388615,True,262144
1.0,kappa,4.675000000000001,0.0015052016892160949,0.9982586173026665,0.052411292667388615,True,262144
1.0,kappa,4.725,0.0011709081674855,0.9982586173026665,0.052411292667388615,True,262144
1.0,kappa,4.775,0.0012966070407862361,0.9982586173026665,0.052411292667388615,True,262144
1.0,kappa,4.825000000000001,0.0010982315736108384,0.9982586173026665,0.052411292667388615,True,262144
1.0,kappa,4.875,0.0010827823179497382,0.9982586173026665,0.052411292667388615,True,262144
1.0,kappa,4.925000000000001,0.0008912589702888794,0.9982586173026665,0.052411292667388615,True,262144
1.0,kappa,4.975,0.0010020731802299135,0.9982586173026665,0.052411292667388615,True,262144
10.0,kappa,0.025,0.31405748315698606,0.9980037536127676,0.052411292667388615,True,262144
10.0,kappa,0.07500000000000001,0.8797524463152919,0.9980037536127676,0.052411292667388615,True,262144
10.0,kappa,0.125,1.2996334665980067,0.9980037536127676,0.052411292667388615,True,262144
10.0,kappa,0.17500000000000002,1.4971484851354835,0.9980037536127676,0.052411292667388615,True,262144
10.0,kappa,0.225,1.5246387097756746,0.9980037536127676,0.052411292667388615,True,262144
10.0,kappa,0.275,1.4941745425402373,0.9980037536127676,0.052411292667388615,True,262144
10.0,kappa,0.32500000000000007,1.4192835345551902,0.9980037536127676,0.052411292667388615,True,262144
10.0,kappa,0.375,1.3052296843000109,0.9980037536127676,0.052411292667388615,True,262144
10.0,kappa,0.42500000000000004,1.1433411357141279,0.9980037536127676,0.052411292667388615,True,262144
10.0,kappa,0.475,1.0392116121188641,0.9980037536127676,0.052411292667388615,True,262144
10.0,kappa,0.525,0.9048720256310704,0.9980037536127676,0.052411292667388615,True,262144
10.0,kappa,0.5750000000000001,0.7895771426620303,0.9980037536127676,0.052411292667388615,True,262144
10.0,kappa,0.625,0.6985994255529505,0.9980037536127676,0.052411292667388615,True,262144
10.0,kappa,0.675,0.6006729381457865,0.9980037536127676,0.052411292667388615,True,262144
10.0,kappa,0.7250000000000001,0.5468051950978192,0.9980037536127676,0.052411292667388615,True,262144
10.0,kappa,0.775,0.4676511282922696,0.9980037536127676,0.052411292667388615,True,262144
10.0,kappa,0.8250000000000001,0.4226263437718746,0.9980037536127676,0.052411292667388615,True,262144
10.0,kappa,0.875,0.3629366945727938,0.9980037536127676,0.052411292667388615,True,262144
10.0,kappa,0.925,0.3328413956825716,0.9980037536127676,0.052411292667388615,True,262144
10.0,kappa,0.9750000000000001,0.2799433883800767,0.9980037536127676,0.052411292667388615,True,262144
10.0,kappa,1.025,0.24466512249303227,0.9980037536127676,0.052411292667388615,True,262144
10.0,kappa,1.0750000000000002,0.22535429087083192,0.9980037536127676,0.052411292667388615,True,262144
10.0,kappa,1.125,0.20581232248356066,0.9980037536127676,0.052411292667388615,True,262144
10.0,kappa,1.1750000000000003,0.18473636531685703,0.9980037536127676,0.052411292667388615,True,262144
10.0,kappa,1.225,0.15519920838912823,0.9980037536127676,0.052411292667388615,True,262144
10.0,kappa,1.275,0.14666941670343955,0.9980037536127676,0.052411292667388615,True,262144
10.0,kappa,1.3250000000000002,0.12991753575100604,0.9980037536127676,0.052411292667388615,True,262144
10.0,kappa,1.375,0.11390648472271482,0.9980037536127676,0.052411292667388615,True,262144
10.0,kappa,1.4250000000000003,0.10455160359154235,0.9980037536127676,0.052411292667388615,True,262144
10.0,kappa,1.475,0.09233415135348111,0.9980037536127676,0.052411292667388615,True,262144
10.0,kappa,1.525,0.0828044538388557,0.9980037536127676,0.052411292667388615,True,262144
10.0,kappa,1.5750000000000002,0.07428624995132954,0.9980037536127676,0.052411292667388615,True,262144
10.0,kappa,1.625,0.06842236577625284,0.9980037536127676,0.052411292667388615,True,262144
10.0,kappa,1.6750000000000003,0.05953309245462352,0.9980037536127676,0.052411292667388615,True,262144
10.0,kappa,1.725,0.05899785273563181,0.9980037536127676,0.052411292667388615,True,262144
10.0,kappa,1.775,0.05066933241629186,0.9980037536127676,0.052411292667388615,True,262144
10.0,kappa,1.8250000000000002,0.046937146525962314,0.9980037536127676,0.052411292667388615,True,262144
10.0,kappa,1.875,0.042284478876846235,0.9980037536127676,0.052411292667388615,True,262144
10.0,kappa,1.9250000000000003,0.03840652379357701,0.9980037536127676,0.052411292667388615,True,262144
10.0,kappa,1.975,0.03478149364961002,0.9980037536127676,0.052411292667388615,True,262144
10.0,kappa,2.0250000000000004,0.03129173886811847,0.9980037536127676,0.052411292667388615,True,262144
10.0,kappa,2.075,0.02963877414004025,0.9980037536127676,0.052411292667388615,True,262144
10.0,kappa,2.125,0.02674390851892986,0.9980037536127676,0.052411292667388615,True,262144
10.0,kappa,2.175,0.0264901468528438,0.9980037536127676,0.052411292667388615,True,262144
10.0,kappa,2.225,0.02480682821679435,0.9980037536127676,0.052411292667388615,True,262144
10.0,kappa,2.2750000000000004,0.021292284853058986,0.9980037536127676,0.052411292667388615,True,262144
10.0,kappa,2.325,0.020809830348866052,0.9980037536127676,0.052411292667388615,True,262144
10.0,kappa,2.375,0.019718890267311485,0.9980037536127676,0.052411292667388615,True,262144
10.0,kappa,2.4250000000000003,0.017971017588015496,0.9980037536127676,0.052411292667388615,True,262144
10.0,kappa,2.475,0.016187009491525472,0.9980037536127676,0.052411292667388615,True,262144
10.0,kappa,2.5250000000000004,0.015263292699494809,0.9980037536127676,0.052411292667388615,True,262144
10.0,kappa,2.575,0.014041192501724581,0.9980037536127676,0.052411292667388615,True,262144
10.0,kappa,2.625,0.013167011620812621,0.9980037536127676,0.052411292667388615,True,262144
10.0,kappa,2.6750000000000003,0.012035883582414494,0.9980037536127676,0.052411292667388615,True,262144
10.0,kappa,2.725,0.011156280237380467,0.9980037536127676,0.052411292667388615,True,262144
10.0,kappa,2.7750000000000004,0.010464864507877232,0.9980037536127676,0.052411292667388615,True,262144
10.0,kappa,2.825,0.009753318578197237,0.9980037536127676,0.052411292667388615,True,262144
10.0,kappa,2.875,0.009285032815846812,0.9980037536127676,0.052411292667388615,True,262144
10.0,kappa,2.9250000000000003,0.00882337741223217,0.9980037536127676,0.052411292667388615,True,262144
10.0,kappa,2.975,0.008232022226393776,0.9980037536127676,0.052411292667388615,True,262144
10.0,kappa,3.0250000000000004,0.009141861612071608,0.9980037536127676,0.052411292667388615,True,262144
10.0,kappa,3.075,0.007716493703268795,0.9980037536127676,0.052411292667388615,True,262144
10.0,kappa,3.125,0.006999068574399051,0.9980037536127676,0.052411292667388615,True,262144
10.0,kappa,3.1750000000000003,0.0059455133201789774,0.9980037536127676,0.052411292667388615,True,262144
10.0,kappa,3.225,0.005498760032845321,0.9980037536127676,0.052411292667388615,True,262144
10.0,kappa,3.2750000000000004,0.005674368986665796,0.9980037536127676,0.052411292667388615,True,262144
10.0,kappa,3.325,0.005930715819664675,0.9980037536127676,0.052411292667388615,True,262144
10.0,kappa,3.375,0.005040738299482917,0.9980037536127676,0.052411292667388615,True,262144
10.0,kappa,3.4250000000000003,0.004692728495965421,0.9980037536127676,0.052411292667388615,True,262144
10.0,kappa,3.475,0.004157008720144632,0.9980037536127676,0.052411292667388615,True,262144
10.0,kappa,3.5250000000000004,0.004992739418371251,0.9980037536127676,0.052411292667388615,True,262144
10.0,kappa,3.575,0.004421537047925617,0.9980037536127676,0.052411292667388615,True,262144
10.0,kappa,3.625,0.00435179642142436,0.9980037536127676,0.052411292667388615,True,262144
10.0,kappa,3.6750000000000003,0.003114831281992346,0.9980037536127676,0.052411292667388615,True,262144
10.0,kappa,3.725,0.003139268200963332,0.9980037536127676,0.052411292667388615,True,262144
10.0,kappa,3.7750000000000004,0.003167113115219119,0.9980037536127676,0.052411292667388615,True,262144
10.0,kappa,3.825,0.003020880486982338,0.9980037536127676,0.052411292667388615,True,262144
10.0,kappa,3.875,0.002871454069582351,0.9980037536127676,0.052411292667388615,True,262144
10.0,kappa,3.9250000000000003,0.0032581973723742677,0.9980037536127676,0.052411292667388615,True,262144
10.0,kappa,3.975,0.0026271697204370828,0.9980037536127676,0.052411292667388615,True,262144
10.0,kappa,4.025,0.002546150316469329,0.9980037536127676,0.052411292667388615,True,262144
10.0,kappa,4.075,0.0020462797908479976,0.9980037536127676,0.052411292667388615,True,262144
10.0,kappa,4.125,0.002138322067727809,0.9980037536127676,0.052411292667388615,True,262144
10.0,kappa,4.175000000000001,0.0020410749022099204,0.9980037536127676,0.052411292667388615,True,262144
10.0,kappa,4.225,0.002050799791991301,0.9980037536127676,0.052411292667388615,True,262144
10.0,kappa,4.275,0.0021446382067204415,0.9980037536127676,0.052411292667388615,True,262144
10.0,kappa,4.325,0.001788003070705417,0.9980037536127676,0.052411292667388615,True,262144
10.0,kappa,4.375,0.0017286206808546757,0.9980037536127676,0.052411292667388615,True,262144
10.0,kappa,4.425000000000001,0.0017839223844888837,0.9980037536127676,0.052411292667388615,True,262144
10.0,kappa,4.475,0.0019357259153201685,0.9980037536127676,0.052411292667388615,True,262144
10.0,kappa,4.525,0.0018868934458798798,0.9980037536127676,0.052411292667388615,True,262144
10.0,kappa,4.575,0.001697114180259188,0.9980037536127676,0.052411292667388615,True,262144
10.0,kappa,4.625,0.0013272870723210774,0.9980037536127676,0.052411292667388615,True,262144
10.0,kappa,4.675000000000001,0.0013474020564113846,0.9980037536127676,0.052411292667388615,True,262144
10.0,kappa,4.725,0.0013573993757557859,0.9980037536127676,0.052411292667388615,True,262144
10.0,kappa,4.775,0.001782686726425051,0.9980037536127676,0.052411292667388615,True,262144
10.0,kappa,4.825000000000001,0.000994579398776267,0.9980037536127676,0.052411292667388615,True,262144
10.0,kappa,4.875,0.0012048140315641658,0.9980037536127676,0.052411292667388615,True,262144
10.0,kappa,4.925000000000001,0.0010707479815631972,0.9980037536127676,0.052411292667388615,True,262144
10.0,kappa,4.975,0.0010013911375294517,0.9980037536127676,0.052411292667388615,True,262144
24.0,kappa,0.025,0.5230877111662678,0.9971739964875946,0.052411292667388615,True,262144
24.0,kappa,0.07500000000000001,1.3817061649169597,0.9971739964875946,0.052411292667388615,True,262144
24.0,kappa,0.125,1.7491416303419274,0.9971739964875946,0.052411292667388615,True,262144
24.0,kappa,0.17500000000000002,1.786792030834931,0.9971739964875946,0.052411292667388615,True,262144
24.0,kappa,0.225,1.6401100513862097,0.9971739964875946,0.052411292667388615,True,262144
24.0,kappa,0.275,1.4653148974940184,0.9971739964875946,0.052411292667388615,True,262144
24.0,kappa,0.32500000000000007,1.2905815644781318,0.9971739964875946,0.052411292667388615,True,262144
24.0,kappa,0.375,1.0867668124129326,0.9971739964875946,0.052411292667388615,True,262144
24.0,kappa,0.42500000000000004,0.9585142645890207,0.9971739964875946,0.052411292667388615,True,262144
24.0,kappa,0.475,0.8357354414744789,0.9971739964875946,0.052411292667388615,True,262144
24.0,kappa,0.525,0.7166346638201999,0.9971739964875946,0.052411292667388615,True,262144
24.0,kappa,0.5750000000000001,0.630676670590449,0.9971739964875946,0.052411292667388615,True,262144
24.0,kappa,0.625,0.5755415800514871,0.9971739964875946,0.052411292667388615,True,262144
24.0,kappa,0.675,0.48987341539502083,0.9971739964875946,0.052411292667388615,True,262144
24.0,kappa,0.7250000000000001,0.43042698733787893,0.9971739964875946,0.052411292667388615,True,262144
24.0,kappa,0.775,0.38481975419243897,0.9971739964875946,0.052411292667388615,True,262144
24.0,kappa,0.8250000000000001,0.3614125414609772,0.9971739964875946,0.052411292667388615,True,262144
24.0,kappa,0.875,0.3097430149715011,0.9971739964875946,0.052411292667388615,True,262144
24.0,kappa,0.925,0.28277310414716267,0.9971739964875946,0.052411292667388615,True,262144
24.0,kappa,0.9750000000000001,0.2582050586770912,0.9971739964875946,0.052411292667388615,True,262144
24.0,kappa,1.025,0.2311817828538032,0.9971739964875946,0.052411292667388615,True,262144
24.0,kappa,1.0750000000000002,0.21235457491371326,0.9971739964875946,0.052411292667388615,True,262144
24.0,kappa,1.125,0.18224076915558549,0.9971739964875946,0.052411292667388615,True,262144
24.0,kappa,1.1750000000000003,0.16774108271854568,0.9971739964875946,0.052411292667388615,True,262144
24.0,kappa,1.225,0.15024415536163357,0.9971739964875946,0.052411292667388615,True,262144
24.0,kappa,1.275,0.1378623043082254,0.9971739964875946,0.052411292667388615,True,262144
24.0,kappa,1.3250000000000002,0.13154060433642792,0.9971739964875946,0.052411292667388615,True,262144
24.0,kappa,1.375,0.11674416078830635,0.9971739964875946,0.052411292667388615,True,262144
24.0,kappa,1.4250000000000003,0.10237955310603067,0.9971739964875946,0.052411292667388615,True,262144
24.0,kappa,1.475,0.10171303051219023,0.9971739964875946,0.052411292667388615,True,262144
24.0,kappa,1.525,0.08821948358363008,0.9971739964875946,0.052411292667388615,True,262144
24.0,kappa,1.5750000000000002,0.08526003557462668,0.9971739964875946,0.052411292667388615,True,262144
24.0,kappa,1.625,0.07402916777408738,0.9971739964875946,0.052411292667388615,True,262144
24.0,kappa,1.6750000000000003,0.06939122662228221,0.9971739964875946,0.052411292667388615,True,262144
24.0,kappa,1.725,0.06310076246002613,0.9971739964875946,0.052411292667388615,True,262144
24.0,kappa,1.775,0.06111942298390127,0.9971739964875946,0.052411292667388615,True,262144
24.0,kappa,1.8250000000000002,0.05362145114621614,0.9971739964875946,0.052411292667388615,True,262144
24.0,kappa,1.875,0.051152919832542366,0.9971739964875946,0.052411292667388615,True,262144
24.0,kappa,1.9250000000000003,0.04756505138842398,0.9971739964875946,0.052411292667388615,True,262144
24.0,kappa,1.975,0.044588200607763785,0.9971739964875946,0.052411292667388615,True,262144
24.0,kappa,2.0250000000000004,0.037341569026388556,0.9971739964875946,0.052411292667388615,True,262144
24.0,kappa,2.075,0.03376557884816958,0.9971739964875946,0.052411292667388615,True,262144
24.0,kappa,2.125,0.03346514645226381,0.9971739964875946,0.052411292667388615,True,262144
24.0,kappa,2.175,0.03399889838198524,0.9971739964875946,0.052411292667388615,True,262144
24.0,kappa,2.225,0.028507758535664333,0.9971739964875946,0.052411292667388615,True,262144
24.0,kappa,2.2750000000000004,0.03012103872353821,0.9971739964875946,0.052411292667388615,True,262144
24.0,kappa,2.325,0.023635253730365857,0.9971739964875946,0.052411292667388615,True,262144
24.0,kappa,2.375,0.02428111011904663,0.9971739964875946,0.052411292667388615,True,262144
24.0,kappa,2.4250000000000003,0.02262567868282703,0.9971739964875946,0.052411292667388615,True,262144
24.0,kappa,2.475,0.018068981924789288,0.9971739964875946,0.052411292667388615,True,262144
24.0,kappa,2.5250000000000004,0.018706416058120172,0.9971739964875946,0.052411292667388615,True,262144
24.0,kappa,2.575,0.01710578805751955,0.9971739964875946,0.052411292667388615,True,262144
24.0,kappa,2.625,0.016801691221856794,0.9971739964875946,0.052411292667388615,True,262144
24.0,kappa,2.6750000000000003,0.016239900814105028,0.9971739964875946,0.052411292667388615,True,262144
24.0,kappa,2.725,0.01391152710249225,0.9971739964875946,0.052411292667388615,True,262144
24.0,kappa,2.7750000000000004,0.013566656436615514,0.9971739964875946,0.052411292667388615,True,262144
24.0,kappa,2.825,0.011552296520401125,0.9971739964875946,0.052411292667388615,True,262144
24.0,kappa,2.875,0.011729515403830207,0.9971739964875946,0.052411292667388615,True,262144
24.0,kappa,2.9250000000000003,0.011876911645604355,0.9971739964875946,0.052411292667388615,True,262144
24.0,kappa,2.975,0.01199769654823613,0.9971739964875946,0.052411292667388615,True,262144
24.0,kappa,3.0250000000000004,0.010583183365616625,0.9971739964875946,0.052411292667388615,True,262144
24.0,kappa,3.075,0.009729002342170195,0.9971739964875946,0.052411292667388615,True,262144
24.0,kappa,3.125,0.008850380425878393,0.9971739964875946,0.052411292667388615,True,262144
24.0,kappa,3.1750000000000003,0.00858484672295241,0.9971739964875946,0.052411292667388615,True,262144
24.0,kappa,3.225,0.008939963219145187,0.9971739964875946,0.052411292667388615,True,262144
24.0,kappa,3.2750000000000004,0.008325048624437786,0.9971739964875946,0.052411292667388615,True,262144
24.0,kappa,3.325,0.007377857764545824,0.9971739964875946,0.052411292667388615,True,262144
24.0,kappa,3.375,0.007943490098355432,0.9971739964875946,0.052411292667388615,True,262144
24.0,kappa,3.4250000000000003,0.007641563362508047,0.9971739964875946,0.052411292667388615,True,262144
24.0,kappa,3.475,0.006580176129269831,0.9971739964875946,0.052411292667388615,True,262144
24.0,kappa,3.5250000000000004,0.005797075595477656,0.9971739964875946,0.052411292667388615,True,262144
24.0,kappa,3.575,0.005781217638241893,0.9971739964875946,0.052411292667388615,True,262144
24.0,kappa,3.625,0.0054775556015219775,0.9971739964875946,0.052411292667388615,True,262144
24.0,kappa,3.6750000000000003,0.005337503240432352,0.9971739964875946,0.052411292667388615,True,262144
24.0,kappa,3.725,0.005480509978796552,0.9971739964875946,0.052411292667388615,True,262144
24.0,kappa,3.7750000000000004,0.004293828111249208,0.9971739964875946,0.052411292667388615,True,262144
24.0,kappa,3.825,0.004837126913809225,0.9971739964875946,0.052411292667388615,True,262144
24.0,kappa,3.875,0.004197927544424861,0.9971739964875946,0.052411292667388615,True,262144
24.0,kappa,3.9250000000000003,0.004607544393101738,0.9971739964875946,0.052411292667388615,True,262144
24.0,kappa,3.975,0.003507352741849259,0.9971739964875946,0.052411292667388615,True,262144
24.0,kappa,4.025,0.004029749387288513,0.9971739964875946,0.052411292667388615,True,262144
24.0,kappa,4.075,0.0035362812720485717,0.9971739964875946,0.052411292667388615,True,262144
24.0,kappa,4.125,0.003167085907127429,0.9971739964875946,0.052411292667388615,True,262144
24.0,kappa,4.175000000000001,0.0032783996234923467,0.9971739964875946,0.052411292667388615,True,262144
24.0,kappa,4.225,0.0033205533071375797,0.9971739964875946,0.052411292667388615,True,262144
24.0,kappa,4.275,0.002782882034665392,0.9971739964875946,0.052411292667388615,True,262144
24.0,kappa,4.325,0.0025748968831153384,0.9971739964875946,0.052411292667388615,True,262144
24.0,kappa,4.375,0.0023573821758361103,0.9971739964875946,0.052411292667388615,True,262144
24.0,kappa,4.425000000000001,0.0025265344218459848,0.9971739964875946,0.052411292667388615,True,262144
24.0,kappa,4.475,0.0027015687072399763,0.9971739964875946,0.052411292667388615,True,262144
24.0,kappa,4.525,0.0020354225984734187,0.9971739964875946,0.052411292667388615,True,262144
24.0,kappa,4.575,0.002546915994946382,0.9971739964875946,0.052411292667388615,True,262144
24.0,kappa,4.625,0.0024290899726838967,0.9971739964875946,0.052411292667388615,True,262144
24.0,kappa,4.675000000000001,0.001855763308427234,0.9971739964875946,0.052411292667388615,True,262144
24.0,kappa,4.725,0.002088756048259542,0.9971739964875946,0.052411292667388615,True,262144
24.0,kappa,4.775,0.002149336685030001,0.9971739964875946,0.052411292667388615,True,262144
24.0,kappa,4.825000000000001,0.0016612359087232373,0.9971739964875946,0.052411292667388615,True,262144
24.0,kappa,4.875,0.0019164775776006752,0.9971739964875946,0.052411292667388615,True,262144
24.0,kappa,4.925000000000001,0.00177473501376091,0.9971739964875946,0.052411292667388615,True,262144
24.0,kappa,4.975,0.0016671951095355276,0.9971739964875946,0.052411292667388615,True,262144
40.0,kappa,0.025,0.7120135287907804,0.9958294517378405,0.052411292667388615,True,262144
40.0,kappa,0.07500000000000001,1.7413651928949319,0.9958294517378405,0.052411292667388615,True,262144
40.0,kappa,0.125,2.0358310059657625,0.9958294517378405,0.052411292667388615,True,262144
40.0,kappa,0.17500000000000002,1.8931074483923054,0.9958294517378405,0.052411292667388615,True,262144
40.0,kappa,0.225,1.6226310532856552,0.9958294517378405,0.052411292667388615,True,262144
40.0,kappa,0.275,1.3879235388169382,0.9958294517378405,0.052411292667388615,True,262144
40.0,kappa,0.32500000000000007,1.1629503026647745,0.9958294517378405,0.052411292667388615,True,262144
40.0,kappa,0.375,0.9742914659731051,0.9958294517378405,0.052411292667388615,True,262144
40.0,kappa,0.42500000000000004,0.8328317772152785,0.9958294517378405,0.052411292667388615,True,262144
40.0,kappa,0.475,0.71228591678109,0.9958294517378405,0.052411292667388615,True,262144
40.0,kappa,0.525,0.637624548742792,0.9958294517378405,0.052411292667388615,True,262144
40.0,kappa,0.5750000000000001,0.5450889608273782,0.9958294517378405,0.052411292667388615,True,262144
40.0,kappa,0.625,0.486603865783604,0.9958294517378405,0.052411292667388615,True,262144
40.0,kappa,0.675,0.42844390889667217,0.9958294517378405,0.052411292667388615,True,262144
40.0,kappa,0.7250000000000001,0.38047649943965056,0.9958294517378405,0.052411292667388615,True,262144
40.0,kappa,0.775,0.3391412557124458,0.9958294517378405,0.052411292667388615,True,262144
40.0,kappa,0.8250000000000001,0.3088319989358674,0.9958294517378405,0.052411292667388615,True,262144
40.0,kappa,0.875,0.2799611271898809,0.9958294517378405,0.052411292667388615,True,262144
40.0,kappa,0.925,0.25684863064665286,0.9958294517378405,0.052411292667388615,True,262144
40.0,kappa,0.9750000000000001,0.23549532568027812,0.9958294517378405,0.052411292667388615,True,262144
40.0,kappa,1.025,0.21555060944708793,0.9958294517378405,0.052411292667388615,True,262144
40.0,kappa,1.0750000000000002,0.18864317419815602,0.9958294517378405,0.052411292667388615,True,262144
40.0,kappa,1.125,0.17796208324918186,0.9958294517378405,0.052411292667388615,True,262144
40.0,kappa,1.1750000000000003,0.16226561387946298,0.9958294517378405,0.052411292667388615,True,262144
40.0,kappa,1.225,0.14950200354486345,0.9958294517378405,0.052411292667388615,True,262144
40.0,kappa,1.275,0.13741232614911164,0.9958294517378405,0.052411292667388615,True,262144
40.0,kappa,1.3250000000000002,0.12706444033091985,0.9958294517378405,0.052411292667388615,True,262144
40.0,kappa,1.375,0.11253113653708814,0.9958294517378405,0.052411292667388615,True,262144
40.0,kappa,1.4250000000000003,0.10714446908175056,0.9958294517378405,0.052411292667388615,True,262144
40.0,kappa,1.475,0.10124386892764747,0.9958294517378405,0.052411292667388615,True,262144
40.0,kappa,1.525,0.09490272443419183,0.9958294517378405,0.052411292667388615,True,262144
40.0,kappa,1.5750000000000002,0.08866495086160264,0.9958294517378405,0.052411292667388615,True,262144
40.0,kappa,1.625,0.07821959728558858,0.9958294517378405,0.052411292667388615,True,262144
40.0,kappa,1.6750000000000003,0.07139165388367763,0.9958294517378405,0.052411292667388615,True,262144
40.0,kappa,1.725,0.07159634657333588,0.9958294517378405,0.052411292667388615,True,262144
40.0,kappa,1.775,0.06368407201878862,0.9958294517378405,0.052411292667388615,True,262144
40.0,kappa,1.8250000000000002,0.06056039994683784,0.9958294517378405,0.052411292667388615,True,262144
40.0,kappa,1.875,0.054988398995501855,0.9958294517378405,0.052411292667388615,True,262144
40.0,kappa,1.9250000000000003,0.0505769305098936,0.9958294517378405,0.052411292667388615,True,262144
40.0,kappa,1.975,0.04822001782986269,0.9958294517378405,0.052411292667388615,True,262144
40.0,kappa,2.0250000000000004,0.04623051471776689,0.9958294517378405,0.052411292667388615,True,262144
40.0,kappa,2.075,0.04412086094550391,0.9958294517378405,0.052411292667388615,True,262144
40.0,kappa,2.125,0.04058707124688992,0.9958294517378405,0.052411292667388615,True,262144
40.0,kappa,2.175,0.04023654804790541,0.9958294517378405,0.052411292667388615,True,262144
40.0,kappa,2.225,0.03464918718310723,0.9958294517378405,0.052411292667388615,True,262144
40.0,kappa,2.2750000000000004,0.033570181424976794,0.9958294517378405,0.052411292667388615,True,262144
40.0,kappa,2.325,0.030124248756580208,0.9958294517378405,0.052411292667388615,True,262144
40.0,kappa,2.375,0.02890991126135255,0.9958294517378405,0.052411292667388615,True,262144
40.0,kappa,2.4250000000000003,0.025524176309146412,0.9958294517378405,0.052411292667388615,True,262144
40.0,kappa,2.475,0.025038534439704607,0.9958294517378405,0.052411292667388615,True,262144
40.0,kappa,2.5250000000000004,0.024499148615097402,0.9958294517378405,0.052411292667388615,True,262144
40.0,kappa,2.575,0.023513166935759385,0.9958294517378405,0.052411292667388615,True,262144
40.0,kappa,2.625,0.020459569972980856,0.9958294517378405,0.052411292667388615,True,262144
40.0,kappa,2.6750000000000003,0.018853368036252996,0.9958294517378405,0.052411292667388615,True,262144
40.0,kappa,2.725,0.021071896673305383,0.9958294517378405,0.052411292667388615,True,262144
40.0,kappa,2.7750000000000004,0.01772451821055246,0.9958294517378405,0.052411292667388615,True,262144
40.0,kappa,2.825,0.017947819431995898,0.9958294517378405,0.052411292667388615,True,262144
40.0,kappa,2.875,0.01607172823796997,0.9958294517378405,0.052411292667388615,True,262144
40.0,kappa,2.9250000000000003,0.015169578686064649,0.9958294517378405,0.052411292667388615,True,262144
40.0,kappa,2.975,0.012899833397094053,0.9958294517378405,0.052411292667388615,True,262144
40.0,kappa,3.0250000000000004,0.012875141659859406,0.9958294517378405,0.052411292667388615,True,262144
40.0,kappa,3.075,0.011435924288947182,0.9958294517378405,0.052411292667388615,True,262144
40.0,kappa,3.125,0.011089924423063587,0.9958294517378405,0.052411292667388615,True,262144
40.0,kappa,3.1750000000000003,0.011906617559003196,0.9958294517378405,0.052411292667388615,True,262144
40.0,kappa,3.225,0.01059474361643812,0.9958294517378405,0.052411292667388615,True,262144
40.0,kappa,3.2750000000000004,0.009947979967853914,0.9958294517378405,0.052411292667388615,True,262144
40.0,kappa,3.325,0.010306598007317168,0.9958294517378405,0.052411292667388615,True,262144
40.0,kappa,3.375,0.008832602104977704,0.9958294517378405,0.052411292667388615,True,262144
40.0,kappa,3.4250000000000003,0.008891395411807232,0.9958294517378405,0.052411292667388615,True,262144
40.0,kappa,3.475,0.008352704540893504,0.9958294517378405,0.052411292667388615,True,262144
40.0,kappa,3.5250000000000004,0.007643213353158612,0.9958294517378405,0.052411292667388615,True,262144
40.0,kappa,3.575,0.007384827307112677,0.9958294517378405,0.052411292667388615,True,262144
40.0,kappa,3.625,0.007146435337013648,0.9958294517378405,0.052411292667388615,True,262144
40.0,kappa,3.6750000000000003,0.0073325773816803625,0.9958294517378405,0.052411292667388615,True,262144
40.0,kappa,3.725,0.006708543939325153,0.9958294517378405,0.052411292667388615,True,262144
40.0,kappa,3.7750000000000004,0.006191092870809853,0.9958294517378405,0.052411292667388615,True,262144
40.0,kappa,3.825,0.005980628246497298,0.9958294517378405,0.052411292667388615,True,262144
40.0,kappa,3.875,0.005677263267839035,0.9958294517378405,0.052411292667388615,True,262144
40.0,kappa,3.9250000000000003,0.006049481635991558,0.9958294517378405,0.052411292667388615,True,262144
40.0,kappa,3.975,0.005329898216103153,0.9958294517378405,0.052411292667388615,True,262144
40.0,kappa,4.025,0.005489845845627404,0.9958294517378405,0.052411292667388615,True,262144
40.0,kappa,4.075,0.00540685888232703,0.9958294517378405,0.052411292667388615,True,262144
40.0,kappa,4.125,0.004491003130475937,0.9958294517378405,0.052411292667388615,True,262144
40.0,kappa,4.175000000000001,0.005072041547247721,0.9958294517378405,0.052411292667388615,True,262144
40.0,kappa,4.225,0.0035258017340196266,0.9958294517378405,0.052411292667388615,True,262144
40.0,kappa,4.275,0.004841606376732549,0.9958294517378405,0.052411292667388615,True,262144
40.0,kappa,4.325,0.0044404785727146364,0.9958294517378405,0.052411292667388615,True,262144
40.0,kappa,4.375,0.004609881310286778,0.9958294517378405,0.052411292667388615,True,262144
40.0,kappa,4.425000000000001,0.003222462231920252,0.9958294517378405,0.052411292667388615,True,262144
40.0,kappa,4.475,0.0035977257580768634,0.9958294517378405,0.052411292667388615,True,262144
40.0,kappa,4.525,0.003229446633303035,0.9958294517378405,0.052411292667388615,True,262144
40.0,kappa,4.575,0.0033386337451593957,0.9958294517378405,0.052411292667388615,True,262144
40.0,kappa,4.625,0.0035946099220261793,0.9958294517378405,0.052411292667388615,True,262144
40.0,kappa,4.675000000000001,0.0028237501099517667,0.9958294517378405,0.052411292667388615,True,262144
40.0,kappa,4.725,0.003187107460298905,0.9958294517378405,0.052411292667388615,True,262144
40.0,kappa,4.775,0.0031950874550897503,0.9958294517378405,0.052411292667388615,True,262144
40.0,kappa,4.825000000000001,0.00238492179878521,0.9958294517378405,0.052411292667388615,True,262144
40.0,kappa,4.875,0.002511379835109609,0.9958294517378405,0.052411292667388615,True,262144
40.0,kappa,4.925000000000001,0.002539884338497124,0.9958294517378405,0.052411292667388615,True,262144
40.0,kappa,4.975,0.002334882083062893,0.9958294517378405,0.052411292667388615,True,262144
55.0,kappa,0.025,0.7641649175685664,0.9927734703075408,0.052411292667388615,True,262144
55.0,kappa,0.07500000000000001,1.8280670864553217,0.9927734703075408,0.052411292667388615,True,262144
55.0,kappa,0.125,2.0682700003905454,0.9927734703075408,0.052411292667388615,True,262144
55.0,kappa,0.17500000000000002,1.8827669044344557,0.9927734703075408,0.052411292667388615,True,262144
55.0,kappa,0.225,1.5628903706174684,0.9927734703075408,0.052411292667388615,True,262144
55.0,kappa,0.275,1.3133492835241622,0.9927734703075408,0.052411292667388615,True,262144
55.0,kappa,0.32500000000000007,1.1041447348233822,0.9927734703075408,0.052411292667388615,True,262144
55.0,kappa,0.375,0.903734676478402,0.9927734703075408,0.052411292667388615,True,262144
55.0,kappa,0.42500000000000004,0.7821620098324158,0.9927734703075408,0.052411292667388615,True,262144
55.0,kappa,0.475,0.6597012156898612,0.9927734703075408,0.052411292667388615,True,262144
55.0,kappa,0.525,0.5885643730752109,0.9927734703075408,0.052411292667388615,True,262144
55.0,kappa,0.5750000000000001,0.5187449244056878,0.9927734703075408,0.052411292667388615,True,262144
55.0,kappa,0.625,0.44606485967920223,0.9927734703075408,0.052411292667388615,True,262144
55.0,kappa,0.675,0.39859413916210473,0.9927734703075408,0.052411292667388615,True,262144
55.0,kappa,0.7250000000000001,0.36118497599743554,0.9927734703075408,0.052411292667388615,True,262144
55.0,kappa,0.775,0.32481186376368554,0.9927734703075408,0.052411292667388615,True,262144
55.0,kappa,0.8250000000000001,0.29403508629543224,0.9927734703075408,0.052411292667388615,True,262144
55.0,kappa,0.875,0.2678316284413046,0.9927734703075408,0.052411292667388615,True,262144
55.0,kappa,0.925,0.23967878503450693,0.9927734703075408,0.052411292667388615,True,262144
55.0,kappa,0.9750000000000001,0.22759255756974525,0.9927734703075408,0.052411292667388615,True,262144
55.0,kappa,1.025,0.20671395300309045,0.9927734703075408,0.052411292667388615,True,262144
55.0,kappa,1.0750000000000002,0.1933062563579847,0.9927734703075408,0.052411292667388615,True,262144
55.0,kappa,1.125,0.17825998018245875,0.9927734703075408,0.052411292667388615,True,262144
55.0,kappa,1.1750000000000003,0.16509404594097293,0.9927734703075408,0.052411292667388615,True,262144
55.0,kappa,1.225,0.14985390677928895,0.9927734703075408,0.052411292667388615,True,262144
55.0,kappa,1.275,0.1425475907089792,0.9927734703075408,0.052411292667388615,True,262144
55.0,kappa,1.3250000000000002,0.1310590043925259,0.9927734703075408,0.052411292667388615,True,262144
55.0,kappa,1.375,0.11384143284626409,0.9927734703075408,0.052411292667388615,True,262144
55.0,kappa,1.4250000000000003,0.11577072700269253,0.9927734703075408,0.052411292667388615,True,262144
55.0,kappa,1.475,0.11000981612582385,0.9927734703075408,0.052411292667388615,True,262144
55.0,kappa,1.525,0.09816824073484728,0.9927734703075408,0.052411292667388615,True,262144
55.0,kappa,1.5750000000000002,0.09103669423926768,0.9927734703075408,0.052411292667388615,True,262144
55.0,kappa,1.625,0.09006613812136513,0.9927734703075408,0.052411292667388615,True,262144
55.0,kappa,1.6750000000000003,0.07812303641751218,0.9927734703075408,0.052411292667388615,True,262144
55.0,kappa,1.725,0.07889570655376954,0.9927734703075408,0.052411292667388615,True,262144
55.0,kappa,1.775,0.07485004654679782,0.9927734703075408,0.052411292667388615,True,262144
55.0,kappa,1.8250000000000002,0.06765885887741517,0.9927734703075408,0.052411292667388615,True,262144
55.0,kappa,1.875,0.06527725283901362,0.9927734703075408,0.052411292667388615,True,262144
55.0,kappa,1.9250000000000003,0.062145931780816024,0.9927734703075408,0.052411292667388615,True,262144
55.0,kappa,1.975,0.060576867033604556,0.9927734703075408,0.052411292667388615,True,262144
55.0,kappa,2.0250000000000004,0.053729056663858056,0.9927734703075408,0.052411292667388615,True,262144
55.0,kappa,2.075,0.054200224305314286,0.9927734703075408,0.052411292667388615,True,262144
55.0,kappa,2.125,0.04969325453061528,0.9927734703075408,0.052411292667388615,True,262144
55.0,kappa,2.175,0.04365736766464609,0.9927734703075408,0.052411292667388615,True,262144
55.0,kappa,2.225,0.04285690654690367,0.9927734703075408,0.052411292667388615,True,262144
55.0,kappa,2.2750000000000004,0.03891807102597433,0.9927734703075408,0.052411292667388615,True,262144
55.0,kappa,2.325,0.03919665986388962,0.9927734703075408,0.052411292667388615,True,262144
55.0,kappa,2.375,0.036772290081883194,0.9927734703075408,0.052411292667388615,True,262144
55.0,kappa,2.4250000000000003,0.03576717280778576,0.9927734703075408,0.052411292667388615,True,262144
55.0,kappa,2.475,0.03408422168958048,0.9927734703075408,0.052411292667388615,True,262144
55.0,kappa,2.5250000000000004,0.030673131375584486,0.9927734703075408,0.052411292667388615,True,262144
55.0,kappa,2.575,0.031220163764940672,0.9927734703075408,0.052411292667388615,True,262144
55.0,kappa,2.625,0.027753452537146086,0.9927734703075408,0.052411292667388615,True,262144
55.0,kappa,2.6750000000000003,0.026502378148391684,0.9927734703075408,0.052411292667388615,True,262144
55.0,kappa,2.725,0.025416864067319637,0.9927734703075408,0.052411292667388615,True,262144
55.0,kappa,2.7750000000000004,0.024154915479477873,0.9927734703075408,0.052411292667388615,True,262144
55.0,kappa,2.825,0.024133858414512564,0.9927734703075408,0.052411292667388615,True,262144
55.0,kappa,2.875,0.022512720205314828,0.9927734703075408,0.052411292667388615,True,262144
55.0,kappa,2.9250000000000003,0.02151813942882159,0.9927734703075408,0.052411292667388615,True,262144
55.0,kappa,2.975,0.019122593704210482,0.9927734703075408,0.052411292667388615,True,262144
55.0,kappa,3.0250000000000004,0.019102570975597512,0.9927734703075408,0.052411292667388615,True,262144
55.0,kappa,3.075,0.019168713087994033,0.9927734703075408,0.052411292667388615,True,262144
55.0,kappa,3.125,0.018239354855408497,0.9927734703075408,0.052411292667388615,True,262144
55.0,kappa,3.1750000000000003,0.016296964301464642,0.9927734703075408,0.052411292667388615,True,262144
55.0,kappa,3.225,0.01497285582460652,0.9927734703075408,0.052411292667388615,True,262144
55.0,kappa,3.2750000000000004,0.01463525167391213,0.9927734703075408,0.052411292667388615,True,262144
55.0,kappa,3.325,0.013817057186345492,0.9927734703075408,0.052411292667388615,True,262144
55.0,kappa,3.375,0.014026112576756521,0.9927734703075408,0.052411292667388615,True,262144
55.0,kappa,3.4250000000000003,0.013104312512184463,0.9927734703075408,0.052411292667388615,True,262144
55.0,kappa,3.475,0.012299881021790561,0.9927734703075408,0.052411292667388615,True,262144
55.0,kappa,3.5250000000000004,0.012430963605206277,0.9927734703075408,0.052411292667388615,True,262144
55.0,kappa,3.575,0.012369282210037021,0.9927734703075408,0.052411292667388615,True,262144
55.0,kappa,3.625,0.010736902159505863,0.9927734703075408,0.052411292667388615,True,262144
55.0,kappa,3.6750000000000003,0.01050667561100904,0.9927734703075408,0.052411292667388615,True,262144
55.0,kappa,3.725,0.008623650484189742,0.9927734703075408,0.052411292667388615,True,262144
55.0,kappa,3.7750000000000004,0.008527293591413522,0.9927734703075408,0.052411292667388615,True,262144
55.0,kappa,3.825,0.008695086854518946,0.9927734703075408,0.052411292667388615,True,262144
55.0,kappa,3.875,0.00849994167438169,0.9927734703075408,0.052411292667388615,True,262144
55.0,kappa,3.9250000000000003,0.008742063488456726,0.9927734703075408,0.052411292667388615,True,262144
55.0,kappa,3.975,0.009241050077153415,0.9927734703075408,0.052411292667388615,True,262144
55.0,kappa,4.025,0.00845651600414858,0.9927734703075408,0.052411292667388615,True,262144
55.0,kappa,4.075,0.007034339407565433,0.9927734703075408,0.052411292667388615,True,262144
55.0,kappa,4.125,0.008294216441471698,0.9927734703075408,0.052411292667388615,True,262144
55.0,kappa,4.175000000000001,0.006562379938198592,0.9927734703075408,0.052411292667388615,True,262144
55.0,kappa,4.225,0.005493707180902828,0.9927734703075408,0.052411292667388615,True,262144
55.0,kappa,4.275,0.006547467502023918,0.9927734703075408,0.052411292667388615,True,262144
55.0,kappa,4.325,0.00580887821232274,0.9927734703075408,0.052411292667388615,True,262144
55.0,kappa,4.375,0.00600371211698082,0.9927734703075408,0.052411292667388615,True,262144
55.0,kappa,4.425000000000001,0.006576432316951175,0.9927734703075408,0.052411292667388615,True,262144
55.0,kappa,4.475,0.004183843810651019,0.9927734703075408,0.052411292667388615,True,262144
55.0,kappa,4.525,0.004638803031231921,0.9927734703075408,0.052411292667388615,True,262144
55.0,kappa,4.575,0.005061475892080202,0.9927734703075408,0.052411292667388615,True,262144
55.0,kappa,4.625,0.004630099770241208,0.9927734703075408,0.052411292667388615,True,262144
55.0,kappa,4.675000000000001,0.005118678508231513,0.9927734703075408,0.052411292667388615,True,262144
55.0,kappa,4.725,0.004009592412675531,0.9927734703075408,0.052411292667388615,True,262144
55.0,kappa,4.775,0.004681547993256259,0.9927734703075408,0.052411292667388615,True,262144
55.0,kappa,4.825000000000001,0.004522801876381411,0.9927734703075408,0.052411292667388615,True,262144
55.0,kappa,4.875,0.0044044722795243225,0.9927734703075408,0.052411292667388615,True,262144
55.0,kappa,4.925000000000001,0.004381526864241931,0.9927734703075408,0.052411292667388615,True,262144
55.0,kappa,4.975,0.0035296087902417853,0.9927734703075408,0.052411292667388615,True,262144
70.0,kappa,0.025,1.4600580740816134,0.9889896428711918,0.052411292667388615,True,262144
70.0,kappa,0.07500000000000001,2.850727529327879,0.9889896428711918,0.052411292667388615,True,262144
70.0,kappa,0.125,2.559810121730385,0.9889896428711918,0.052411292667388615,True,262144
70.0,kappa,0.17500000000000002,1.9487027622928261,0.9889896428711918,0.052411292667388615,True,262144
70.0,kappa,0.225,1.467257531649103,0.9889896428711918,0.052411292667388615,True,262144
70.0,kappa,0.275,1.126140104806428,0.9889896428711918,0.052411292667388615,True,262144
70.0,kappa,0.32500000000000007,0.9087659720176748,0.9889896428711918,0.052411292667388615,True,262144
70.0,kappa,0.375,0.7290243228161462,0.9889896428711918,0.052411292667388615,True,262144
70.0,kappa,0.42500000000000004,0.6016317877331506,0.9889896428711918,0.052411292667388615,True,262144
70.0,kappa,0.475,0.5144614030375693,0.9889896428711918,0.052411292667388615,True,262144
70.0,kappa,0.525,0.43585206496672085,0.9889896428711918,0.052411292667388615,True,262144
70.0,kappa,0.5750000000000001,0.3852440481807529,0.9889896428711918,0.052411292667388615,True,262144
70.0,kappa,0.625,0.33725114649790866,0.9889896428711918,0.052411292667388615,True,262144
70.0,kappa,0.675,0.3028137801561223,0.9889896428711918,0.052411292667388615,True,262144
70.0,kappa,0.7250000000000001,0.264521382839695,0.9889896428711918,0.052411292667388615,True,262144
70.0,kappa,0.775,0.236085105873728,0.9889896428711918,0.052411292667388615,True,262144
70.0,kappa,0.8250000000000001,0.21924600425614152,0.9889896428711918,0.052411292667388615,True,262144
70.0,kappa,0.875,0.1965522640696164,0.9889896428711918,0.052411292667388615,True,262144
70.0,kappa,0.925,0.1820409840242807,0.9889896428711918,0.052411292667388615,True,262144
70.0,kappa,0.9750000000000001,0.17080256890321396,0.9889896428711918,0.052411292667388615,True,262144
70.0,kappa,1.025,0.15292728141349007,0.9889896428711918,0.052411292667388615,True,262144
70.0,kappa,1.0750000000000002,0.1402998372639897,0.9889896428711918,0.052411292667388615,True,262144
70.0,kappa,1.125,0.13791725937626031,0.9889896428711918,0.052411292667388615,True,262144
70.0,kappa,1.1750000000000003,0.1270203588096468,0.9889896428711918,0.052411292667388615,True,262144
70.0,kappa,1.225,0.1121843380632146,0.9889896428711918,0.052411292667388615,True,262144
70.0,kappa,1.275,0.10546180930370447,0.9889896428711918,0.052411292667388615,True,262144
70.0,kappa,1.3250000000000002,0.10107921317286371,0.9889896428711918,0.052411292667388615,True,262144
70.0,kappa,1.375,0.09541223436900602,0.9889896428711918,0.052411292667388615,True,262144
70.0,kappa,1.4250000000000003,0.0936990613675736,0.9889896428711918,0.052411292667388615,True,262144
70.0,kappa,1.475,0.08391296567033779,0.9889896428711918,0.052411292667388615,True,262144
70.0,kappa,1.525,0.0793310257000956,0.9889896428711918,0.052411292667388615,True,262144
70.0,kappa,1.5750000000000002,0.0764407232936795,0.9889896428711918,0.052411292667388615,True,262144
70.0,kappa,1.625,0.07343409433792682,0.9889896428711918,0.052411292667388615,True,262144
70.0,kappa,1.6750000000000003,0.0690720204824572,0.9889896428711918,0.052411292667388615,True,262144
70.0,kappa,1.725,0.06481813426417983,0.9889896428711918,0.052411292667388615,True,262144
70.0,kappa,1.775,0.06022910838052711,0.9889896428711918,0.052411292667388615,True,262144
70.0,kappa,1.8250000000000002,0.0600770260039558,0.9889896428711918,0.052411292667388615,True,262144
70.0,kappa,1.875,0.05449044203076647,0.9889896428711918,0.052411292667388615,True,262144
70.0,kappa,1.9250000000000003,0.052994505732166665,0.9889896428711918,0.052411292667388615,True,262144
70.0,kappa,1.975,0.04965382942584313,0.9889896428711918,0.052411292667388615,True,262144
70.0,kappa,2.0250000000000004,0.04701669884961105,0.9889896428711918,0.052411292667388615,True,262144
70.0,kappa,2.075,0.04818101912899898,0.9889896428711918,0.052411292667388615,True,262144
70.0,kappa,2.125,0.0449438660910026,0.9889896428711918,0.052411292667388615,True,262144
70.0,kappa,2.175,0.04030798894136138,0.9889896428711918,0.052411292667388615,True,262144
70.0,kappa,2.225,0.03867283724734627,0.9889896428711918,0.052411292667388615,True,262144
70.0,kappa,2.2750000000000004,0.038864521390851635,0.9889896428711918,0.052411292667388615,True,262144
70.0,kappa,2.325,0.03500023521457662,0.9889896428711918,0.052411292667388615,True,262144
70.0,kappa,2.375,0.03426152734104971,0.9889896428711918,0.052411292667388615,True,262144
70.0,kappa,2.4250000000000003,0.03362849234935189,0.9889896428711918,0.052411292667388615,True,262144
70.0,kappa,2.475,0.033151806344998744,0.9889896428711918,0.052411292667388615,True,262144
70.0,kappa,2.5250000000000004,0.03122877940129894,0.9889896428711918,0.052411292667388615,True,262144
70.0,kappa,2.575,0.030771011889031703,0.9889896428711918,0.052411292667388615,True,262144
70.0,kappa,2.625,0.028174425133041768,0.9889896428711918,0.052411292667388615,True,262144
70.0,kappa,2.6750000000000003,0.02738075566751519,0.9889896428711918,0.052411292667388615,True,262144
70.0,kappa,2.725,0.026245674386104388,0.9889896428711918,0.052411292667388615,True,262144
70.0,kappa,2.7750000000000004,0.026775120956719734,0.9889896428711918,0.052411292667388615,True,262144
70.0,kappa,2.825,0.024323248563255167,0.9889896428711918,0.052411292667388615,True,262144
70.0,kappa,2.875,0.02359244889402362,0.9889896428711918,0.052411292667388615,True,262144
70.0,kappa,2.9250000000000003,0.021404196207524536,0.9889896428711918,0.052411292667388615,True,262144
70.0,kappa,2.975,0.02152989305961203,0.9889896428711918,0.052411292667388615,True,262144
70.0,kappa,3.0250000000000004,0.02083866098026788,0.9889896428711918,0.052411292667388615,True,262144
70.0,kappa,3.075,0.0207240139617287,0.9889896428711918,0.052411292667388615,True,262144
70.0,kappa,3.125,0.018689171237253763,0.9889896428711918,0.052411292667388615,True,262144
70.0,kappa,3.1750000000000003,0.017576204765955943,0.9889896428711918,0.052411292667388615,True,262144
70.0,kappa,3.225,0.017175959744655307,0.9889896428711918,0.052411292667388615,True,262144
70.0,kappa,3.2750000000000004,0.016498448213851054,0.9889896428711918,0.052411292667388615,True,262144
70.0,kappa,3.325,0.014347900070056386,0.9889896428711918,0.052411292667388615,True,262144
70.0,kappa,3.375,0.01713179081736861,0.9889896428711918,0.052411292667388615,True,262144
70.0,kappa,3.4250000000000003,0.01448829429175132,0.9889896428711918,0.052411292667388615,True,262144
70.0,kappa,3.475,0.01470809174734103,0.9889896428711918,0.052411292667388615,True,262144
70.0,kappa,3.5250000000000004,0.015381101922201618,0.9889896428711918,0.052411292667388615,True,262144
70.0,kappa,3.575,0.014601618893628463,0.9889896428711918,0.052411292667388615,True,262144
70.0,kappa,3.625,0.013139712182940688,0.9889896428711918,0.052411292667388615,True,262144
70.0,kappa,3.6750000000000003,0.01115810332180373,0.9889896428711918,0.052411292667388615,True,262144
70.0,kappa,3.725,0.011296962832357309,0.9889896428711918,0.052411292667388615,True,262144
70.0,kappa,3.7750000000000004,0.011139274678634722,0.9889896428711918,0.052411292667388615,True,262144
70.0,kappa,3.825,0.010964390064305888,0.9889896428711918,0.052411292667388615,True,262144
70.0,kappa,3.875,0.010097770332281339,0.9889896428711918,0.052411292667388615,True,262144
70.0,kappa,3.9250000000000003,0.0112762291563237,0.9889896428711918,0.052411292667388615,True,262144
70.0,kappa,3.975,0.010565582474413214,0.9889896428711918,0.052411292667388615,True,262144
70.0,kappa,4.025,0.009204523599286784,0.9889896428711918,0.052411292667388615,True,262144
70.0,kappa,4.075,0.01028333353909528,0.9889896428711918,0.052411292667388615,True,262144
70.0,kappa,4.125,0.009029772564528601,0.9889896428711918,0.052411292667388615,True,262144
70.0,kappa,4.175000000000001,0.009345453467503833,0.9889896428711918,0.052411292667388615,True,262144
70.0,kappa,4.225,0.00861262586537561,0.9889896428711918,0.052411292667388615,True,262144
70.0,kappa,4.275,0.008905921919442401,0.9889896428711918,0.052411292667388615,True,262144
70.0,kappa,4.325,0.008822752818802555,0.9889896428711918,0.052411292667388615,True,262144
70.0,kappa,4.375,0.008050140580909108,0.9889896428711918,0.052411292667388615,True,262144
70.0,kappa,4.425000000000001,0.006329804047046793,0.9889896428711918,0.052411292667388615,True,262144
70.0,kappa,4.475,0.006970899677665232,0.9889896428711918,0.052411292667388615,True,262144
70.0,kappa,4.525,0.007485092906860357,0.9889896428711918,0.052411292667388615,True,262144
70.0,kappa,4.575,0.0063460449512635,0.9889896428711918,0.052411292667388615,True,262144
70.0,kappa,4.625,0.006365560811450665,0.9889896428711918,0.052411292667388615,True,262144
70.0,kappa,4.675000000000001,0.005518816232010305,0.9889896428711918,0.052411292667388615,True,262144
70.0,kappa,4.725,0.005853091164535094,0.9889896428711918,0.052411292667388615,True,262144
70.0,kappa,4.775,0.0063095754560021184,0.9889896428711918,0.052411292667388615,True,262144
70.0,kappa,4.825000000000001,0.005821373475380321,0.9889896428711918,0.052411292667388615,True,262144
70.0,kappa,4.875,0.005884830747284911,0.9889896428711918,0.052411292667388615,True,262144
70.0,kappa,4.925000000000001,0.004925082284061795,0.9889896428711918,0.052411292667388615,True,262144
70.0,kappa,4.975,0.005030104846293128,0.9889896428711918,0.052411292667388615,True,262144
100.0,kappa,0.025,1.2726913447923176,0.9886706485176855,0.052411292667388615,True,262144
100.0,kappa,0.07500000000000001,2.620938730103254,0.9886706485176855,0.052411292667388615,True,262144
100.0,kappa,0.125,2.4702994292148786,0.9886706485176855,0.052411292667388615,True,262144
100.0,kappa,0.17500000000000002,1.9325950431293297,0.9886706485176855,0.052411292667388615,True,262144
100.0,kappa,0.225,1.4988324329815579,0.9886706485176855,0.052411292667388615,True,262144
100.0,kappa,0.275,1.1765788040827767,0.9886706485176855,0.052411292667388615,True,262144
100.0,kappa,0.32500000000000007,0.9261298575961786,0.9886706485176855,0.052411292667388615,True,262144
100.0,kappa,0.375,0.7761130072396504,0.9886706485176855,0.052411292667388615,True,262144
100.0,kappa,0.42500000000000004,0.6366904103617456,0.9886706485176855,0.052411292667388615,True,262144
100.0,kappa,0.475,0.5331844974117999,0.9886706485176855,0.052411292667388615,True,262144
100.0,kappa,0.525,0.46210592566460224,0.9886706485176855,0.052411292667388615,True,262144
100.0,kappa,0.5750000000000001,0.4019303488801649,0.9886706485176855,0.052411292667388615,True,262144
100.0,kappa,0.625,0.3613914864033538,0.9886706485176855,0.052411292667388615,True,262144
100.0,kappa,0.675,0.312645392121893,0.9886706485176855,0.052411292667388615,True,262144
100.0,kappa,0.7250000000000001,0.2844681094217543,0.9886706485176855,0.052411292667388615,True,262144
100.0,kappa,0.775,0.25594434249347714,0.9886706485176855,0.052411292667388615,True,262144
100.0,kappa,0.8250000000000001,0.22251598632429176,0.9886706485176855,0.052411292667388615,True,262144
100.0,kappa,0.875,0.21398673297521514,0.9886706485176855,0.052411292667388615,True,262144
100.0,kappa,0.925,0.19174684061527206,0.9886706485176855,0.052411292667388615,True,262144
100.0,kappa,0.9750000000000001,0.1783368794554451,0.9886706485176855,0.052411292667388615,True,262144
100.0,kappa,1.025,0.16735456115091063,0.9886706485176855,0.052411292667388615,True,262144
100.0,kappa,1.0750000000000002,0.15383923430729152,0.9886706485176855,0.052411292667388615,True,262144
100.0,kappa,1.125,0.13753679869425617,0.9886706485176855,0.052411292667388615,True,262144
100.0,kappa,1.1750000000000003,0.13517237025297185,0.9886706485176855,0.052411292667388615,True,262144
100.0,kappa,1.225,0.12311243532754262,0.9886706485176855,0.052411292667388615,True,262144
100.0,kappa,1.275,0.11484334989304174,0.9886706485176855,0.052411292667388615,True,262144
100.0,kappa,1.3250000000000002,0.10305631115089271,0.9886706485176855,0.052411292667388615,True,262144
100.0,kappa,1.375,0.09902718688003713,0.9886706485176855,0.052411292667388615,True,262144
100.0,kappa,1.4250000000000003,0.0994903094232374,0.9886706485176855,0.052411292667388615,True,262144
100.0,kappa,1.475,0.08805791058538637,0.9886706485176855,0.052411292667388615,True,262144
100.0,kappa,1.525,0.0842223178527787,0.9886706485176855,0.052411292667388615,True,262144
100.0,kappa,1.5750000000000002,0.08267179243619968,0.9886706485176855,0.052411292667388615,True,262144
100.0,kappa,1.625,0.07631537929015654,0.9886706485176855,0.052411292667388615,True,262144
100.0,kappa,1.6750000000000003,0.07533295917935133,0.9886706485176855,0.052411292667388615,True,262144
100.0,kappa,1.725,0.06586408672316964,0.9886706485176855,0.052411292667388615,True,262144
100.0,kappa,1.775,0.06645490022041124,0.9886706485176855,0.052411292667388615,True,262144
100.0,kappa,1.8250000000000002,0.05946546170744188,0.9886706485176855,0.052411292667388615,True,262144
100.0,kappa,1.875,0.05983911062524862,0.9886706485176855,0.052411292667388615,True,262144
100.0,kappa,1.9250000000000003,0.05521904030034766,0.9886706485176855,0.052411292667388615,True,262144
100.0,kappa,1.975,0.052663933610923835,0.9886706485176855,0.052411292667388615,True,262144
100.0,kappa,2.0250000000000004,0.05053299172665626,0.9886706485176855,0.052411292667388615,True,262144
100.0,kappa,2.075,0.0476503212318469,0.9886706485176855,0.052411292667388615,True,262144
100.0,kappa,2.125,0.044647697108342245,0.9886706485176855,0.052411292667388615,True,262144
100.0,kappa,2.175,0.04382882628116096,0.9886706485176855,0.052411292667388615,True,262144
100.0,kappa,2.225,0.04260803914804577,0.9886706485176855,0.052411292667388615,True,262144
100.0,kappa,2.2750000000000004,0.03936623664285278,0.9886706485176855,0.052411292667388615,True,262144
100.0,kappa,2.325,0.03687223281068938,0.9886706485176855,0.052411292667388615,True,262144
100.0,kappa,2.375,0.035270744124720976,0.9886706485176855,0.052411292667388615,True,262144
100.0,kappa,2.4250000000000003,0.035085074836795724,0.9886706485176855,0.052411292667388615,True,262144
100.0,kappa,2.475,0.034864997067604,0.9886706485176855,0.052411292667388615,True,262144
100.0,kappa,2.5250000000000004,0.033538112440488134,0.9886706485176855,0.052411292667388615,True,262144
100.0,kappa,2.575,0.032795269735717704,0.9886706485176855,0.052411292667388615,True,262144
100.0,kappa,2.625,0.030516495272159154,0.9886706485176855,0.052411292667388615,True,262144
100.0,kappa,2.6750000000000003,0.030898038834770783,0.9886706485176855,0.052411292667388615,True,262144
100.0,kappa,2.725,0.027928609976588824,0.9886706485176855,0.052411292667388615,True,262144
100.0,kappa,2.7750000000000004,0.02489308714912024,0.9886706485176855,0.052411292667388615,True,262144
100.0,kappa,2.825,0.025654916946023208,0.9886706485176855,0.052411292667388615,True,262144
100.0,kappa,2.875,0.025821791033193094,0.9886706485176855,0.052411292667388615,True,262144
100.0,kappa,2.9250000000000003,0.02228957046963736,0.9886706485176855,0.052411292667388615,True,262144
100.0,kappa,2.975,0.0235226944850919,0.9886706485176855,0.052411292667388615,True,262144
100.0,kappa,3.0250000000000004,0.022913463215062577,0.9886706485176855,0.052411292667388615,True,262144
100.0,kappa,3.075,0.019253087489590474,0.9886706485176855,0.052411292667388615,True,262144
100.0,kappa,3.125,0.02015360785631451,0.9886706485176855,0.052411292667388615,True,262144
100.0,kappa,3.1750000000000003,0.01724902440731784,0.9886706485176855,0.052411292667388615,True,262144
100.0,kappa,3.225,0.017136742649283557,0.9886706485176855,0.052411292667388615,True,262144
100.0,kappa,3.2750000000000004,0.017122997336177684,0.9886706485176855,0.052411292667388615,True,262144
100.0,kappa,3.325,0.016473975250639795,0.9886706485176855,0.052411292667388615,True,262144
100.0,kappa,3.375,0.017429333084432726,0.9886706485176855,0.052411292667388615,True,262144
100.0,kappa,3.4250000000000003,0.01610279797365496,0.9886706485176855,0.052411292667388615,True,262144
100.0,kappa,3.475,0.016058375854511715,0.9886706485176855,0.052411292667388615,True,262144
100.0,kappa,3.5250000000000004,0.015415290687528197,0.9886706485176855,0.052411292667388615,True,262144
100.0,kappa,3.575,0.014765760417481032,0.9886706485176855,0.052411292667388615,True,262144
100.0,kappa,3.625,0.013410083891035974,0.9886706485176855,0.052411292667388615,True,262144
100.0,kappa,3.6750000000000003,0.012314238418886516,0.9886706485176855,0.052411292667388615,True,262144
100.0,kappa,3.725,0.012485052097528936,0.9886706485176855,0.052411292667388615,True,262144
100.0,kappa,3.7750000000000004,0.011561588538011714,0.9886706485176855,0.052411292667388615,True,262144
100.0,kappa,3.825,0.012201401826666363,0.9886706485176855,0.052411292667388615,True,262144
100.0,kappa,3.875,0.01116227427526609,0.9886706485176855,0.052411292667388615,True,262144
100.0,kappa,3.9250000000000003,0.011488057742885742,0.9886706485176855,0.052411292667388615,True,262144
100.0,kappa,3.975,0.009920448339744094,0.9886706485176855,0.052411292667388615,True,262144
100.0,kappa,4.025,0.01072333451192419,0.9886706485176855,0.052411292667388615,True,262144
100.0,kappa,4.075,0.009626712354106339,0.9886706485176855,0.052411292667388615,True,262144
100.0,kappa,4.125,0.009097691731070005,0.9886706485176855,0.052411292667388615,True,262144
100.0,kappa,4.175000000000001,0.009954328116110073,0.9886706485176855,0.052411292667388615,True,262144
100.0,kappa,4.225,0.008817758754629427,0.9886706485176855,0.052411292667388615,True,262144
100.0,kappa,4.275,0.008869901466995882,0.9886706485176855,0.052411292667388615,True,262144
100.0,kappa,4.325,0.00847602272467621,0.9886706485176855,0.052411292667388615,True,262144
100.0,kappa,4.375,0.007739002491741128,0.9886706485176855,0.052411292667388615,True,262144
100.0,kappa,4.425000000000001,0.007640580229300213,0.9886706485176855,0.052411292667388615,True,262144
100.0,kappa,4.475,0.007550037070159501,0.9886706485176855,0.052411292667388615,True,262144
100.0,kappa,4.525,0.006018087304078411,0.9886706485176855,0.052411292667388615,True,262144
100.0,kappa,4.575,0.007080434258006775,0.9886706485176855,0.052411292667388615,True,262144
100.0,kappa,4.625,0.007270589458276147,0.9886706485176855,0.052411292667388615,True,262144
100.0,kappa,4.675000000000001,0.006510437693399618,0.9886706485176855,0.052411292667388615,True,262144
100.0,kappa,4.725,0.006468997595562952,0.9886706485176855,0.052411292667388615,True,262144
100.0,kappa,4.775,0.007077786654626475,0.9886706485176855,0.052411292667388615,True,262144
100.0,kappa,4.825000000000001,0.0055080372875580845,0.9886706485176855,0.052411292667388615,True,262144
100.0,kappa,4.875,0.006349691854142395,0.9886706485176855,0.052411292667388615,True,262144
100.0,kappa,4.925000000000001,0.005563806640336495,0.9886706485176855,0.052411292667388615,True,262144
100.0,kappa,4.975,0.00520133260292595,0.9886706485176855,0.052411292667388615,True,262144
0.0,kappa_prime,-14.85,0.00033756045854621954,0.9940205051449985,0.052411292667388615,True,262144
0.0,kappa_prime,-14.55,0.0002748218840604064,0.9940205051449985,0.052411292667388615,True,262144
0.0,kappa_prime,-14.25,0.000341054488766518,0.9940205051449985,0.052411292667388615,True,262144
0.0,kappa_prime,-13.95,0.00033363785921602425,0.9940205051449985,0.052411292667388615,True,262144
0.0,kappa_prime,-13.65,0.0004012733098030038,0.9940205051449985,0.052411292667388615,True,262144
0.0,kappa_prime,-13.35,0.000415695266771149,0.9940205051449985,0.052411292667388615,True,262144
0.0,kappa_prime,-13.05,0.00045827438685529237,0.9940205051449985,0.052411292667388615,True,262144
0.0,kappa_prime,-12.75,0.0004755254409736502,0.9940205051449985,0.052411292667388615,True,262144
0.0,kappa_prime,-12.45,0.0004161086466427913,0.9940205051449985,0.052411292667388615,True,262144
0.0,kappa_prime,-12.15,0.0005024045662723049,0.9940205051449985,0.052411292667388615,True,262144
0.0,kappa_prime,-11.85,0.0004604379670993844,0.9940205051449985,0.052411292667388615,True,262144
0.0,kappa_prime,-11.55,0.0005439251912964661,0.9940205051449985,0.052411292667388615,True,262144
0.0,kappa_prime,-11.25,0.0005751921549372915,0.9940205051449985,0.052411292667388615,True,262144
0.0,kappa_prime,-10.95,0.0006437636536243668,0.9940205051449985,0.052411292667388615,True,262144
0.0,kappa_prime,-10.65,0.0006664819884398856,0.9940205051449985,0.052411292667388615,True,262144
0.0,kappa_prime,-10.35,0.0005763750134697548,0.9940205051449985,0.052411292667388615,True,262144
0.0,kappa_prime,-10.05,0.0007468949588121321,0.9940205051449985,0.052411292667388615,True,262144
0.0,kappa_prime,-9.75,0.0007733157897454046,0.9940205051449985,0.052411292667388615,True,262144
0.0,kappa_prime,-9.450000000000001,0.0007128502769360291,0.9940205051449985,0.052411292667388615,True,262144
0.0,kappa_prime,-9.15,0.0010259854371288903,0.9940205051449985,0.052411292667388615,True,262144
0.0,kappa_prime,-8.85,0.001032360306457527,0.9940205051449985,0.052411292667388615,True,262144
0.0,kappa_prime,-8.55,0.0010757498532642789,0.9940205051449985,0.052411292667388615,True,262144
0.0,kappa_prime,-8.25,0.0011397701414843572,0.9940205051449985,0.052411292667388615,True,262144
0.0,kappa_prime,-7.950000000000001,0.0012355400453941939,0.9940205051449985,0.052411292667388615,True,262144
0.0,kappa_prime,-7.65,0.0013252006752240346,0.9940205051449985,0.052411292667388615,True,262144
0.0,kappa_prime,-7.35,0.0016190212439430175,0.9940205051449985,0.052411292667388615,True,262144
0.0,kappa_prime,-7.050000000000001,0.0017530196472574585,0.9940205051449985,0.052411292667388615,True,262144
0.0,kappa_prime,-6.75,0.002015511546438359,0.9940205051449985,0.052411292667388615,True,262144
0.0,kappa_prime,-6.45,0.002113882811696656,0.9940205051449985,0.052411292667388615,True,262144
0.0,kappa_prime,-6.15,0.0025658840890190973,0.9940205051449985,0.052411292667388615,True,262144
0.0,kappa_prime,-5.8500000000000005,0.0024944974850229706,0.9940205051449985,0.052411292667388615,True,262144
0.0,kappa_prime,-5.550000000000001,0.0027733518211298155,0.9940205051449985,0.052411292667388615,True,262144
0.0,kappa_prime,-5.25,0.003605488652009416,0.9940205051449985,0.052411292667388615,True,262144
0.0,kappa_prime,-4.95,0.004121627714669112,0.9940205051449985,0.052411292667388615,True,262144
0.0,kappa_prime,-4.65,0.004820199818624157,0.9940205051449985,0.052411292667388615,True,262144
0.0,kappa_prime,-4.3500000000000005,0.005212907810663213,0.9940205051449985,0.052411292667388615,True,262144
0.0,kappa_prime,-4.050000000000001,0.0062770725697249745,0.9940205051449985,0.052411292667388615,True,262144
0.0,kappa_prime,-3.75,0.007197777541338652,0.9940205051449985,0.052411292667388615,True,262144
0.0,kappa_prime,-3.45,0.009490229471772641,0.9940205051449985,0.052411292667388615,True,262144
0.0,kappa_prime,-3.1500000000000004,0.01061141493787499,0.9940205051449985,0.052411292667388615,True,262144
0.0,kappa_prime,-2.8500000000000005,0.013203207280493389,0.9940205051449985,0.052411292667388615,True,262144
0.0,kappa_prime,-2.5500000000000007,0.016749028340398573,0.9940205051449985,0.052411292667388615,True,262144
0.0,kappa_prime,-2.25,0.022495574579573206,0.9940205051449985,0.052411292667388615,True,262144
0.0,kappa_prime,-1.9500000000000002,0.029876994884498964,0.9940205051449985,0.052411292667388615,True,262144
0.0,kappa_prime,-1.6500000000000004,0.0417005056596305,0.9940205051449985,0.052411292667388615,True,262144
0.0,kappa_prime,-1.3500000000000005,0.06214519100714198,0.9940205051449985,0.052411292667388615,True,262144
0.0,kappa_prime,-1.0500000000000007,0.0984729797242091,0.9940205051449985,0.052411292667388615,True,262144
0.0,kappa_prime,-0.7500000000000009,0.16984741378652835,0.9940205051449985,0.052411292667388615,True,262144
0.0,kappa_prime,-0.45000000000000107,0.3519661395886606,0.9940205051449985,0.052411292667388615,True,262144
0.0,kappa_prime,-0.15000000000000036,0.7712742087180332,0.9940205051449985,0.052411292667388615,True,262144
0.0,kappa_prime,0.14999999999999947,0.7683468025859345,0.9940205051449985,0.052411292667388615,True,262144
0.0,kappa_prime,0.4499999999999993,0.34658427195000263,0.9940205051449985,0.052411292667388615,True,262144
0.0,kappa_prime,0.7499999999999991,0.16906718351893704,0.9940205051449985,0.052411292667388615,True,262144
0.0,kappa_prime,1.049999999999999,0.09816648577180681,0.9940205051449985,0.052411292667388615,True,262144
0.0,kappa_prime,1.3499999999999996,0.061472445250532394,0.9940205051449985,0.052411292667388615,True,262144
0.0,kappa_prime,1.6500000000000004,0.04160362447669411,0.9940205051449985,0.052411292667388615,True,262144
0.0,kappa_prime,1.9499999999999993,0.0304351268423919,0.9940205051449985,0.052411292667388615,True,262144
0.0,kappa_prime,2.2499999999999982,0.022181369221776197,0.9940205051449985,0.052411292667388615,True,262144
0.0,kappa_prime,2.549999999999999,0.016793957735039788,0.9940205051449985,0.052411292667388615,True,262144
0.0,kappa_prime,2.8499999999999996,0.013802137462150933,0.9940205051449985,0.052411292667388615,True,262144
0.0,kappa_prime,3.1500000000000004,0.011136124530092405,0.9940205051449985,0.052411292667388615,True,262144
0.0,kappa_prime,3.4499999999999993,0.008877454280716813,0.9940205051449985,0.052411292667388615,True,262144
0.0,kappa_prime,3.7499999999999982,0.007465584495485013,0.9940205051449985,0.052411292667388615,True,262144
0.0,kappa_prime,4.049999999999999,0.006316908942249265,0.9940205051449985,0.052411292667388615,True,262144
0.0,kappa_prime,4.35,0.0053050424337591036,0.9940205051449985,0.052411292667388615,True,262144
0.0,kappa_prime,4.65,0.004419440972695314,0.9940205051449985,0.052411292667388615,True,262144
0.0,kappa_prime,4.949999999999999,0.003992810997133187,0.9940205051449985,0.052411292667388615,True,262144
0.0,kappa_prime,5.249999999999998,0.003635268256378846,0.9940205051449985,0.052411292667388615,True,262144
0.0,kappa_prime,5.549999999999999,0.002962289852148122,0.9940205051449985,0.052411292667388615,True,262144
0.0,kappa_prime,5.85,0.0028722130101999925,0.9940205051449985,0.052411292667388615,True,262144
0.0,kappa_prime,6.15,0.002371568725287806,0.9940205051449985,0.052411292667388615,True,262144
0.0,kappa_prime,6.449999999999999,0.002184360140116845,0.9940205051449985,0.052411292667388615,True,262144
0.0,kappa_prime,6.749999999999998,0.0019427422453926816,0.9940205051449985,0.052411292667388615,True,262144
0.0,kappa_prime,7.049999999999999,0.0018843615179708966,0.9940205051449985,0.052411292667388615,True,262144
0.0,kappa_prime,7.35,0.0016230788173729272,0.9940205051449985,0.052411292667388615,True,262144
0.0,kappa_prime,7.65,0.0014580618527649327,0.9940205051449985,0.052411292667388615,True,262144
0.0,kappa_prime,7.949999999999999,0.001302164733282839,0.9940205051449985,0.052411292667388615,True,262144
0.0,kappa_prime,8.249999999999998,0.001241136860623265,0.9940205051449985,0.052411292667388615,True,262144
0.0,kappa_prime,8.549999999999999,0.0010920995222767386,0.9940205051449985,0.052411292667388615,True,262144
0.0,kappa_prime,8.85,0.0010849911857090811,0.9940205051449985,0.052411292667388615,True,262144
0.0,kappa_prime,9.15,0.0009976871637558877,0.9940205051449985,0.052411292667388615,True,262144
0.0,kappa_prime,9.45,0.0009519837327414977,0.9940205051449985,0.052411292667388615,True,262144
0.0,kappa_prime,9.749999999999998,0.0009238093225967277,0.9940205051449985,0.052411292667388615,True,262144
0.0,kappa_prime,10.049999999999999,0.0007628029739289497,0.9940205051449985,0.052411292667388615,True,262144
0.0,kappa_prime,10.35,0.0006631941875843795,0.9940205051449985,0.052411292667388615,True,262144
0.0,kappa_prime,10.65,0.000587216437402505,0.9940205051449985,0.052411292667388615,True,262144
0.0,kappa_prime,10.95,0.0007323028610285187,0.9940205051449985,0.052411292667388615,True,262144
0.0,kappa_prime,11.249999999999998,0.000620821977166312,0.9940205051449985,0.052411292667388615,True,262144
0.0,kappa_prime,11.549999999999999,0.0005819706857922838,0.9940205051449985,0.052411292667388615,True,262144
0.0,kappa_prime,11.85,0.0004965080430695556,0.9940205051449985,0.052411292667388615,True,262144
0.0,kappa_prime,12.15,0.0004150077267477819,0.9940205051449985,0.052411292667388615,True,262144
0.0,kappa_prime,12.45,0.0004083741086383817,0.9940205051449985,0.052411292667388615,True,262144
0.0,kappa_prime,12.749999999999998,0.00037758309577803656,0.9940205051449985,0.052411292667388615,True,262144
0.0,kappa_prime,13.049999999999999,0.0004829864462850063,0.9940205051449985,0.052411292667388615,True,262144
0.0,kappa_prime,13.35,0.0003491909160414579,0.9940205051449985,0.052411292667388615,True,262144
0.0,kappa_prime,13.649999999999999,0.00035088639282505744,0.9940205051449985,0.052411292667388615,True,262144
0.0,kappa_prime,13.949999999999998,0.00027944775202382374,0.9940205051449985,0.052411292667388615,True,262144
0.0,kappa_prime,14.249999999999998,0.00028177119775315104,0.9940205051449985,0.052411292667388615,True,262144
0.0,kappa_prime,14.549999999999999,0.00033700260277449236,0.9940205051449985,0.052411292667388615,True,262144
0.0,kappa_prime,14.85,0.00028669751423229844,0.9940205051449985,0.052411292667388615,True,262144
1.0,kappa_prime,-14.85,0.0002758543113746264,0.9938439777285968,0.052411292667388615,True,262144
1.0,kappa_prime,-14.55,0.0003120698223093378,0.9938439777285968,0.052411292667388615,True,262144
1.0,kappa_prime,-14.25,0.0003709186229539537,0.9938439777285968,0.052411292667388615,True,262144
1.0,kappa_prime,-13.95,0.00033559443422028867,0.9938439777285968,0.052411292667388615,True,262144
1.0,kappa_prime,-13.65,0.0003740731320774673,0.9938439777285968,0.052411292667388615,True,262144
1.0,kappa_prime,-13.35,0.0003362571643485884,0.9938439777285968,0.052411292667388615,True,262144
1.0,kappa_prime,-13.05,0.00043836789908768755,0.9938439777285968,0.052411292667388615,True,262144
1.0,kappa_prime,-12.75,0.0004822008443839954,0.9938439777285968,0.052411292667388615,True,262144
1.0,kappa_prime,-12.45,0.00045286419370905236,0.9938439777285968,0.052411292667388615,True,262144
1.0,kappa_prime,-12.15,0.0004952510087725718,0.9938439777285968,0.052411292667388615,True,262144
1.0,kappa_prime,-11.85,0.000518736633759496,0.9938439777285968,0.052411292667388615,True,262144
1.0,kappa_prime,-11.55,0.0005812145844542065,0.9938439777285968,0.052411292667388615,True,262144
1.0,kappa_prime,-11.25,0.0005609749915581371,0.9938439777285968,0.052411292667388615,True,262144
1.0,kappa_prime,-10.95,0.0005612526024428288,0.9938439777285968,0.052411292667388615,True,262144
1.0,kappa_prime,-10.65,0.0006928353996909442,0.9938439777285968,0.052411292667388615,True,262144
1.0,kappa_prime,-10.35,0.0006940292142795405,0.9938439777285968,0.052411292667388615,True,262144
1.0,kappa_prime,-10.05,0.0006701035337457315,0.9938439777285968,0.052411292667388615,True,262144
1.0,kappa_prime,-9.75,0.0008144893067724986,0.9938439777285968,0.052411292667388615,True,262144
1.0,kappa_prime,-9.450000000000001,0.0008895936715374723,0.9938439777285968,0.052411292667388615,True,262144
1.0,kappa_prime,-9.15,0.00090290053983468,0.9938439777285968,0.052411292667388615,True,262144
1.0,kappa_prime,-8.85,0.0009852925382734874,0.9938439777285968,0.052411292667388615,True,262144
1.0,kappa_prime,-8.55,0.0010359853153202076,0.9938439777285968,0.052411292667388615,True,262144
1.0,kappa_prime,-8.25,0.0011286744439619049,0.9938439777285968,0.052411292667388615,True,262144
1.0,kappa_prime,-7.950000000000001,0.0013872958199596078,0.9938439777285968,0.052411292667388615,True,262144
1.0,kappa_prime,-7.65,0.0015541214893672892,0.9938439777285968,0.052411292667388615,True,262144
1.0,kappa_prime,-7.35,0.0015546451414607432,0.9938439777285968,0.052411292667388615,True,262144
1.0,kappa_prime,-7.050000000000001,0.0016647110841347787,0.9938439777285968,0.052411292667388615,True,262144
1.0,kappa_prime,-6.75,0.0019639743449046208,0.9938439777285968,0.052411292667388615,True,262144
1.0,kappa_prime,-6.45,0.002135837223942112,0.9938439777285968,0.052411292667388615,True,262144
1.0,kappa_prime,-6.15,0.002454690600296705,0.9938439777285968,0.052411292667388615,True,262144
1.0,kappa_prime,-5.8500000000000005,0.0028953328622830666,0.9938439777285968,0.052411292667388615,True,262144
1.0,kappa_prime,-5.550000000000001,0.0030848872831008988,0.9938439777285968,0.052411292667388615,True,262144
1.0,kappa_prime,-5.25,0.003631983624202787,0.9938439777285968,0.052411292667388615,True,262144
1.0,kappa_prime,-4.95,0.003996824159334896,0.9938439777285968,0.052411292667388615,True,262144
1.0,kappa_prime,-4.65,0.004551418686180502,0.9938439777285968,0.052411292667388615,True,262144
1.0,kappa_prime,-4.3500000000000005,0.005295610581780982,0.9938439777285968,0.052411292667388615,True,262144
1.0,kappa_prime,-4.050000000000001,0.006595097331233385,0.9938439777285968,0.052411292667388615,True,262144
1.0,kappa_prime,-3.75,0.007627314618740571,0.9938439777285968,0.052411292667388615,True,262144
1.0,kappa_prime,-3.45,0.009129932140674325,0.9938439777285968,0.052411292667388615,True,262144
1.0,kappa_prime,-3.1500000000000004,0.010916574084123219,0.9938439777285968,0.052411292667388615,True,262144
1.0,kappa_prime,-2.8500000000000005,0.012912063408068322,0.9938439777285968,0.052411292667388615,True,262144
1.0,kappa_prime,-2.5500000000000007,0.016846175505493277,0.9938439777285968,0.052411292667388615,True,262144
1.0,kappa_prime,-2.25,0.022547735849234966,0.9938439777285968,0.052411292667388615,True,262144
1.0,kappa_prime,-1.9500000000000002,0.02937275810557162,0.9938439777285968,0.052411292667388615,True,262144
1.0,kappa_prime,-1.6500000000000004,0.04219706015785533,0.9938439777285968,0.052411292667388615,True,262144
1.0,kappa_prime,-1.3500000000000005,0.061490523725132966,0.9938439777285968,0.052411292667388615,True,262144
1.0,kappa_prime,-1.0500000000000007,0.09731425737685273,0.9938439777285968,0.052411292667388615,True,262144
1.0,kappa_prime,-0.7500000000000009,0.16589324460436067,0.9938439777285968,0.052411292667388615,True,262144
1.0,kappa_prime,-0.45000000000000107,0.3416904493723795,0.9938439777285968,0.052411292667388615,True,262144
1.0,kappa_prime,-0.15000000000000036,0.7863351715329033,0.9938439777285968,0.052411292667388615,True,262144
1.0,kappa_prime,0.14999999999999947,0.7826016514542785,0.9938439777285968,0.052411292667388615,True,262144
1.0,kappa_prime,0.4499999999999993,0.3360629300189262,0.9938439777285968,0.052411292667388615,True,262144
1.0,kappa_prime,0.7499999999999991,0.16597748033516407,0.9938439777285968,0.052411292667388615,True,262144
1.0,kappa_prime,1.049999999999999,0.09664322439452912,0.9938439777285968,0.052411292667388615,True,262144
1.0,kappa_prime,1.3499999999999996,0.060651315054343805,0.9938439777285968,0.052411292667388615,True,262144
1.0,kappa_prime,1.6500000000000004,0.0419667021485132,0.9938439777285968,0.052411292667388615,True,262144
1.0,kappa_prime,1.9499999999999993,0.029145962826372735,0.9938439777285968,0.052411292667388615,True,262144
1.0,kappa_prime,2.2499999999999982,0.02315123668165385,0.9938439777285968,0.052411292667388615,True,262144
1.0,kappa_prime,2.549999999999999,0.016727353000836366,0.9938439777285968,0.052411292667388615,True,262144
1.0,kappa_prime,2.8499999999999996,0.013805283848794524,0.9938439777285968,0.052411292667388615,True,262144
1.0,kappa_prime,3.1500000000000004,0.011295382319511174,0.9938439777285968,0.052411292667388615,True,262144
1.0,kappa_prime,3.4499999999999993,0.008774463414744344,0.9938439777285968,0.052411292667388615,True,262144
1.0,kappa_prime,3.7499999999999982,0.007460959208151265,0.9938439777285968,0.052411292667388615,True,262144
1.0,kappa_prime,4.049999999999999,0.006320566420687194,0.9938439777285968,0.052411292667388615,True,262144
1.0,kappa_prime,4.35,0.0053756387706029325,0.9938439777285968,0.052411292667388615,True,262144
1.0,kappa_prime,4.65,0.0042736152188785365,0.9938439777285968,0.052411292667388615,True,262144
1.0,kappa_prime,4.949999999999999,0.004083821700807443,0.9938439777285968,0.052411292667388615,True,262144
1.0,kappa_prime,5.249999999999998,0.003842703865171333,0.9938439777285968,0.052411292667388615,True,262144
1.0,kappa_prime,5.549999999999999,0.0030560497540516574,0.9938439777285968,0.052411292667388615,True,262144
1.0,kappa_prime,5.85,0.002903665032682221,0.9938439777285968,0.052411292667388615,True,262144
1.0,kappa_prime,6.15,0.002489396039469382,0.9938439777285968,0.052411292667388615,True,262144
1.0,kappa_prime,6.449999999999999,0.002173493751913574,0.9938439777285968,0.052411292667388615,True,262144
1.0,kappa_prime,6.749999999999998,0.002039004834720848,0.9938439777285968,0.052411292667388615,True,262144
1.0,kappa_prime,7.049999999999999,0.001882571698522797,0.9938439777285968,0.052411292667388615,True,262144
1.0,kappa_prime,7.35,0.0015940009505468545,0.9938439777285968,0.052411292667388615,True,262144
1.0,kappa_prime,7.65,0.001607221059453845,0.9938439777285968,0.052411292667388615,True,262144
1.0,kappa_prime,7.949999999999999,0.00143813935538491,0.9938439777285968,0.052411292667388615,True,262144
1.0,kappa_prime,8.249999999999998,0.001123791334379354,0.9938439777285968,0.052411292667388615,True,262144
1.0,kappa_prime,8.549999999999999,0.0010904418155914487,0.9938439777285968,0.052411292667388615,True,262144
1.0,kappa_prime,8.85,0.0011002870132389205,0.9938439777285968,0.052411292667388615,True,262144
1.0,kappa_prime,9.15,0.0010535476902140172,0.9938439777285968,0.052411292667388615,True,262144
1.0,kappa_prime,9.45,0.0009469868094153724,0.9938439777285968,0.052411292667388615,True,262144
1.0,kappa_prime,9.749999999999998,0.0008559145750550149,0.9938439777285968,0.052411292667388615,True,262144
1.0,kappa_prime,10.049999999999999,0.0008282710903559817,0.9938439777285968,0.052411292667388615,True,262144
1.0,kappa_prime,10.35,0.0007650990803883934,0.9938439777285968,0.052411292667388615,True,262144
1.0,kappa_prime,10.65,0.0007020528170553179,0.9938439777285968,0.052411292667388615,True,262144
1.0,kappa_prime,10.95,0.0006487771169675614,0.9938439777285968,0.052411292667388615,True,262144
1.0,kappa_prime,11.249999999999998,0.0004882910167909283,0.9938439777285968,0.052411292667388615,True,262144
1.0,kappa_prime,11.549999999999999,0.0005180019068238508,0.9938439777285968,0.052411292667388615,True,262144
1.0,kappa_prime,11.85,0.0005171165261191501,0.9938439777285968,0.052411292667388615,True,262144
1.0,kappa_prime,12.15,0.0005151600558460333,0.9938439777285968,0.052411292667388615,True,262144
1.0,kappa_prime,12.45,0.0004741027722355665,0.9938439777285968,0.052411292667388615,True,262144
1.0,kappa_prime,12.749999999999998,0.0005263098302550441,0.9938439777285968,0.052411292667388615,True,262144
1.0,kappa_prime,13.049999999999999,0.0003978822563715982,0.9938439777285968,0.052411292667388615,True,262144
1.0,kappa_prime,13.35,0.00034304193945585657,0.9938439777285968,0.052411292667388615,True,262144
1.0,kappa_prime,13.649999999999999,0.0003343879771938984,0.9938439777285968,0.052411292667388615,True,262144
1.0,kappa_prime,13.949999999999998,0.0003662190825988768,0.9938439777285968,0.052411292667388615,True,262144
1.0,kappa_prime,14.249999999999998,0.00035426086989746717,0.9938439777285968,0.052411292667388615,True,262144
1.0,kappa_prime,14.549999999999999,0.00027774045601197607,0.9938439777285968,0.052411292667388615,True,262144
1.0,kappa_prime,14.85,0.0002925169819059707,0.9938439777285968,0.052411292667388615,True,262144
10.0,kappa_prime,-14.85,0.0003550082948742245,0.9931881524015829,0.052411292667388615,True,262144
10.0,kappa_prime,-14.55,0.0003735299307385722,0.9931881524015829,0.052411292667388615,True,262144
10.0,kappa_prime,-14.25,0.00029986063346087587,0.9931881524015829,0.052411292667388615,True,262144
10.0,kappa_prime,-13.95,0.00037102851356233445,0.9931881524015829,0.052411292667388615,True,262144
10.0,kappa_prime,-13.65,0.0003824551583147185,0.9931881524015829,0.052411292667388615,True,262144
10.0,kappa_prime,-13.35,0.0004112651258307429,0.9931881524015829,0.052411292667388615,True,262144
10.0,kappa_prime,-13.05,0.00046752150198772606,0.9931881524015829,0.052411292667388615,True,262144
10.0,kappa_prime,-12.75,0.0003952966733923304,0.9931881524015829,0.052411292667388615,True,262144
10.0,kappa_prime,-12.45,0.000548227595784275,0.9931881524015829,0.052411292667388615,True,262144
10.0,kappa_prime,-12.15,0.0005719104041749046,0.9931881524015829,0.052411292667388615,True,262144
10.0,kappa_prime,-11.85,0.0004915401651534605,0.9931881524015829,0.052411292667388615,True,262144
10.0,kappa_prime,-11.55,0.0007109616929823308,0.9931881524015829,0.052411292667388615,True,262144
10.0,kappa_prime,-11.25,0.000544792907326805,0.9931881524015829,0.052411292667388615,True,262144
10.0,kappa_prime,-10.95,0.0006622786121414208,0.9931881524015829,0.052411292667388615,True,262144
10.0,kappa_prime,-10.65,0.0007170026204393478,0.9931881524015829,0.052411292667388615,True,262144
10.0,kappa_prime,-10.35,0.0007903792053318014,0.9931881524015829,0.052411292667388615,True,262144
10.0,kappa_prime,-10.05,0.0006933896661409556,0.9931881524015829,0.052411292667388615,True,262144
10.0,kappa_prime,-9.75,0.0009743379824806975,0.9931881524015829,0.052411292667388615,True,262144
10.0,kappa_prime,-9.450000000000001,0.0008719381706159051,0.9931881524015829,0.052411292667388615,True,262144
10.0,kappa_prime,-9.15,0.0009114555900845248,0.9931881524015829,0.052411292667388615,True,262144
10.0,kappa_prime,-8.85,0.001156470102374478,0.9931881524015829,0.052411292667388615,True,262144
10.0,kappa_prime,-8.55,0.001311463110779326,0.9931881524015829,0.052411292667388615,True,262144
10.0,kappa_prime,-8.25,0.0012873618690353533,0.9931881524015829,0.052411292667388615,True,262144
10.0,kappa_prime,-7.950000000000001,0.0014874388578562986,0.9931881524015829,0.052411292667388615,True,262144
10.0,kappa_prime,-7.65,0.0014984027826504505,0.9931881524015829,0.052411292667388615,True,262144
10.0,kappa_prime,-7.35,0.0018210238060800367,0.9931881524015829,0.052411292667388615,True,262144
10.0,kappa_prime,-7.050000000000001,0.001893346355765203,0.9931881524015829,0.052411292667388615,True,262144
10.0,kappa_prime,-6.75,0.002160138466352497,0.9931881524015829,0.052411292667388615,True,262144
10.0,kappa_prime,-6.45,0.002306662615943602,0.9931881524015829,0.052411292667388615,True,262144
10.0,kappa_prime,-6.15,0.0028230976678205433,0.9931881524015829,0.052411292667388615,True,262144
10.0,kappa_prime,-5.8500000000000005,0.003226547378608125,0.9931881524015829,0.052411292667388615,True,262144
10.0,kappa_prime,-5.550000000000001,0.0035614045392884826,0.9931881524015829,0.052411292667388615,True,262144
10.0,kappa_prime,-5.25,0.003783771331022924,0.9931881524015829,0.052411292667388615,True,262144
10.0,kappa_prime,-4.95,0.004251217487597603,0.9931881524015829,0.052411292667388615,True,262144
10.0,kappa_prime,-4.65,0.005099527343281116,0.9931881524015829,0.052411292667388615,True,262144
10.0,kappa_prime,-4.3500000000000005,0.0059858078129950325,0.9931881524015829,0.052411292667388615,True,262144
10.0,kappa_prime,-4.050000000000001,0.007123742199210103,0.9931881524015829,0.052411292667388615,True,262144
10.0,kappa_prime,-3.75,0.007933619088014848,0.9931881524015829,0.052411292667388615,True,262144
10.0,kappa_prime,-3.45,0.009487576199588869,0.9931881524015829,0.052411292667388615,True,262144
10.0,kappa_prime,-3.1500000000000004,0.01183145761275539,0.9931881524015829,0.052411292667388615,True,262144
10.0,kappa_prime,-2.8500000000000005,0.01405412767033634,0.9931881524015829,0.052411292667388615,True,262144
10.0,kappa_prime,-2.5500000000000007,0.01776152780760129,0.9931881524015829,0.052411292667388615,True,262144
10.0,kappa_prime,-2.25,0.023527542487303366,0.9931881524015829,0.052411292667388615,True,262144
10.0,kappa_prime,-1.9500000000000002,0.032187046364671464,0.9931881524015829,0.052411292667388615,True,262144
10.0,kappa_prime,-1.6500000000000004,0.04403308010517979,0.9931881524015829,0.052411292667388615,True,262144
10.0,kappa_prime,-1.3500000000000005,0.06452059352242644,0.9931881524015829,0.052411292667388615,True,262144
10.0,kappa_prime,-1.0500000000000007,0.09954139700699781,0.9931881524015829,0.052411292667388615,True,262144
10.0,kappa_prime,-0.7500000000000009,0.1684655011214794,0.9931881524015829,0.052411292667388615,True,262144
10.0,kappa_prime,-0.45000000000000107,0.3353338660460606,0.9931881524015829,0.052411292667388615,True,262144
10.0,kappa_prime,-0.15000000000000036,0.7674870196037172,0.9931881524015829,0.052411292667388615,True,262144
10.0,kappa_prime,0.14999999999999947,0.7646396733035882,0.9931881524015829,0.052411292667388615,True,262144
10.0,kappa_prime,0.4499999999999993,0.3335494655503379,0.9931881524015829,0.052411292667388615,True,262144
10.0,kappa_prime,0.7499999999999991,0.16646098727865302,0.9931881524015829,0.052411292667388615,True,262144
10.0,kappa_prime,1.049999999999999,0.09822030410350588,0.9931881524015829,0.052411292667388615,True,262144
10.0,kappa_prime,1.3499999999999996,0.0645368034624903,0.9931881524015829,0.052411292667388615,True,262144
10.0,kappa_prime,1.6500000000000004,0.044202661655378846,0.9931881524015829,0.052411292667388615,True,262144
10.0,kappa_prime,1.9499999999999993,0.031530993382381994,0.9931881524015829,0.052411292667388615,True,262144
10.0,kappa_prime,2.2499999999999982,0.023427865850746483,0.9931881524015829,0.052411292667388615,True,262144
10.0,kappa_prime,2.549999999999999,0.018434861842392836,0.9931881524015829,0.052411292667388615,True,262144
10.0,kappa_prime,2.8499999999999996,0.014791548792185303,0.9931881524015829,0.052411292667388615,True,262144
10.0,kappa_prime,3.1500000000000004,0.011678324521342483,0.9931881524015829,0.052411292667388615,True,262144
10.0,kappa_prime,3.4499999999999993,0.009973885574022104,0.9931881524015829,0.052411292667388615,True,262144
10.0,kappa_prime,3.7499999999999982,0.007865635073985073,0.9931881524015829,0.052411292667388615,True,262144
10.0,kappa_prime,4.049999999999999,0.00668747039006109,0.9931881524015829,0.052411292667388615,True,262144
10.0,kappa_prime,4.35,0.005770360249177838,0.9931881524015829,0.052411292667388615,True,262144
10.0,kappa_prime,4.65,0.005075943660467107,0.9931881524015829,0.052411292667388615,True,262144
10.0,kappa_prime,4.949999999999999,0.004306255998925566,0.9931881524015829,0.052411292667388615,True,262144
10.0,kappa_prime,5.249999999999998,0.003752648005647937,0.9931881524015829,0.052411292667388615,True,262144
10.0,kappa_prime,5.549999999999999,0.0033585952150145927,0.9931881524015829,0.052411292667388615,True,262144
10.0,kappa_prime,5.85,0.00316212977377963,0.9931881524015829,0.052411292667388615,True,262144
10.0,kappa_prime,6.15,0.002661360892657995,0.9931881524015829,0.052411292667388615,True,262144
10.0,kappa_prime,6.449999999999999,0.0023976293585365803,0.9931881524015829,0.052411292667388615,True,262144
10.0,kappa_prime,6.749999999999998,0.0023307594507552673,0.9931881524015829,0.052411292667388615,True,262144
10.0,kappa_prime,7.049999999999999,0.0020272426928135993,0.9931881524015829,0.052411292667388615,True,262144
10.0,kappa_prime,7.35,0.001758824140555707,0.9931881524015829,0.052411292667388615,True,262144
10.0,kappa_prime,7.65,0.0017229824913086963,0.9931881524015829,0.052411292667388615,True,262144
10.0,kappa_prime,7.949999999999999,0.0015628495681414317,0.9931881524015829,0.052411292667388615,True,262144
10.0,kappa_prime,8.249999999999998,0.0014659273862874475,0.9931881524015829,0.052411292667388615,True,262144
10.0,kappa_prime,8.549999999999999,0.001400306298887521,0.9931881524015829,0.052411292667388615,True,262144
10.0,kappa_prime,8.85,0.001234925262541705,0.9931881524015829,0.052411292667388615,True,262144
10.0,kappa_prime,9.15,0.0010986073588613544,0.9931881524015829,0.052411292667388615,True,262144
10.0,kappa_prime,9.45,0.0008862409558531551,0.9931881524015829,0.052411292667388615,True,262144
10.0,kappa_prime,9.749999999999998,0.0008077847590567778,0.9931881524015829,0.052411292667388615,True,262144
10.0,kappa_prime,10.049999999999999,0.0009499572150360021,0.9931881524015829,0.052411292667388615,True,262144
10.0,kappa_prime,10.35,0.0007660057668659476,0.9931881524015829,0.052411292667388615,True,262144
10.0,kappa_prime,10.65,0.0007319387115422315,0.9931881524015829,0.052411292667388615,True,262144
10.0,kappa_prime,10.95,0.0007875495780185004,0.9931881524015829,0.052411292667388615,True,262144
10.0,kappa_prime,11.249999999999998,0.0007274020623980009,0.9931881524015829,0.052411292667388615,True,262144
10.0,kappa_prime,11.549999999999999,0.0006185846418928757,0.9931881524015829,0.052411292667388615,True,262144
10.0,kappa_prime,11.85,0.0005727103209502993,0.9931881524015829,0.052411292667388615,True,262144
10.0,kappa_prime,12.15,0.0005427054407972696,0.9931881524015829,0.052411292667388615,True,262144
10.0,kappa_prime,12.45,0.0004941279947872553,0.9931881524015829,0.052411292667388615,True,262144
10.0,kappa_prime,12.749999999999998,0.0004873299696058008,0.9931881524015829,0.052411292667388615,True,262144
10.0,kappa_prime,13.049999999999999,0.0004701917969033902,0.9931881524015829,0.052411292667388615,True,262144
10.0,kappa_prime,13.35,0.00038623468832504014,0.9931881524015829,0.052411292667388615,True,262144
10.0,kappa_prime,13.649999999999999,0.0003579855383581111,0.9931881524015829,0.052411292667388615,True,262144
10.0,kappa_prime,13.949999999999998,0.00039211147852063485,0.9931881524015829,0.052411292667388615,True,262144
10.0,kappa_prime,14.249999999999998,0.0004220713525561174,0.9931881524015829,0.052411292667388615,True,262144
10.0,kappa_prime,14.549999999999999,0.00033791253199933705,0.9931881524015829,0.052411292667388615,True,262144
10.0,kappa_prime,14.85,0.00031454247543290676,0.9931881524015829,0.052411292667388615,True,262144
24.0,kappa_prime,-14.85,0.0004106404438102923,0.9908750440366217,0.052411292667388615,True,262144
24.0,kappa_prime,-14.55,0.0005065534457391637,0.9908750440366217,0.052411292667388615,True,262144
24.0,kappa_prime,-14.25,0.00040732255901533034,0.9908750440366217,0.052411292667388615,True,262144
24.0,kappa_prime,-13.95,0.0004639370806373222,0.9908750440366217,0.052411292667388615,True,262144
24.0,kappa_prime,-13.65,0.0006007669726274019,0.9908750440366217,0.052411292667388615,True,262144
24.0,kappa_prime,-13.35,0.0005512426931212457,0.9908750440366217,0.052411292667388615,True,262144
24.0,kappa_prime,-13.05,0.0005755776892113811,0.9908750440366217,0.052411292667388615,True,262144
24.0,kappa_prime,-12.75,0.0007004062218488649,0.9908750440366217,0.052411292667388615,True,262144
24.0,kappa_prime,-12.45,0.0006975032857229063,0.9908750440366217,0.052411292667388615,True,262144
24.0,kappa_prime,-12.15,0.0007493503737688469,0.9908750440366217,0.052411292667388615,True,262144
24.0,kappa_prime,-11.85,0.0006487387091039186,0.9908750440366217,0.052411292667388615,True,262144
24.0,kappa_prime,-11.55,0.0008181493534523739,0.9908750440366217,0.052411292667388615,True,262144
24.0,kappa_prime,-11.25,0.0008489639280962275,0.9908750440366217,0.052411292667388615,True,262144
24.0,kappa_prime,-10.95,0.0008537342934116448,0.9908750440366217,0.052411292667388615,True,262144
24.0,kappa_prime,-10.65,0.0009704169410323722,0.9908750440366217,0.052411292667388615,True,262144
24.0,kappa_prime,-10.35,0.001090028783164506,0.9908750440366217,0.052411292667388615,True,262144
24.0,kappa_prime,-10.05,0.0011601769885461416,0.9908750440366217,0.052411292667388615,True,262144
24.0,kappa_prime,-9.75,0.0012000090313916674,0.9908750440366217,0.052411292667388615,True,262144
24.0,kappa_prime,-9.450000000000001,0.001176585870910816,0.9908750440366217,0.052411292667388615,True,262144
24.0,kappa_prime,-9.15,0.001346658882796981,0.9908750440366217,0.052411292667388615,True,262144
24.0,kappa_prime,-8.85,0.0014132820609308386,0.9908750440366217,0.052411292667388615,True,262144
24.0,kappa_prime,-8.55,0.0015691756903887645,0.9908750440366217,0.052411292667388615,True,262144
24.0,kappa_prime,-8.25,0.0016802233095722034,0.9908750440366217,0.052411292667388615,True,262144
24.0,kappa_prime,-7.950000000000001,0.0016920836396980541,0.9908750440366217,0.052411292667388615,True,262144
24.0,kappa_prime,-7.65,0.0018513631985418461,0.9908750440366217,0.052411292667388615,True,262144
24.0,kappa_prime,-7.35,0.0022265782366630515,0.9908750440366217,0.052411292667388615,True,262144
24.0,kappa_prime,-7.050000000000001,0.0026976781935394867,0.9908750440366217,0.052411292667388615,True,262144
24.0,kappa_prime,-6.75,0.0027720115856697965,0.9908750440366217,0.052411292667388615,True,262144
24.0,kappa_prime,-6.45,0.0033672369236198967,0.9908750440366217,0.052411292667388615,True,262144
24.0,kappa_prime,-6.15,0.0033850194195672928,0.9908750440366217,0.052411292667388615,True,262144
24.0,kappa_prime,-5.8500000000000005,0.0038840354270307156,0.9908750440366217,0.052411292667388615,True,262144
24.0,kappa_prime,-5.550000000000001,0.003998776860442513,0.9908750440366217,0.052411292667388615,True,262144
24.0,kappa_prime,-5.25,0.004291848250326778,0.9908750440366217,0.052411292667388615,True,262144
24.0,kappa_prime,-4.95,0.004988642676994242,0.9908750440366217,0.052411292667388615,True,262144
24.0,kappa_prime,-4.65,0.005645062026608663,0.9908750440366217,0.052411292667388615,True,262144
24.0,kappa_prime,-4.3500000000000005,0.007263994455651157,0.9908750440366217,0.052411292667388615,True,262144
24.0,kappa_prime,-4.050000000000001,0.007579207861742021,0.9908750440366217,0.052411292667388615,True,262144
24.0,kappa_prime,-3.75,0.009494237443084495,0.9908750440366217,0.052411292667388615,True,262144
24.0,kappa_prime,-3.45,0.01129390575026962,0.9908750440366217,0.052411292667388615,True,262144
24.0,kappa_prime,-3.1500000000000004,0.013690063832037342,0.9908750440366217,0.052411292667388615,True,262144
24.0,kappa_prime,-2.8500000000000005,0.01707177670906001,0.9908750440366217,0.052411292667388615,True,262144
24.0,kappa_prime,-2.5500000000000007,0.02027975153750238,0.9908750440366217,0.052411292667388615,True,262144
24.0,kappa_prime,-2.25,0.025499954854921427,0.9908750440366217,0.052411292667388615,True,262144
24.0,kappa_prime,-1.9500000000000002,0.03403409482869706,0.9908750440366217,0.052411292667388615,True,262144
24.0,kappa_prime,-1.6500000000000004,0.0447942618971158,0.9908750440366217,0.052411292667388615,True,262144
24.0,kappa_prime,-1.3500000000000005,0.06213706946599873,0.9908750440366217,0.052411292667388615,True,262144
24.0,kappa_prime,-1.0500000000000007,0.09179841983119717,0.9908750440366217,0.052411292667388615,True,262144
24.0,kappa_prime,-0.7500000000000009,0.14844599274105452,0.9908750440366217,0.052411292667388615,True,262144
24.0,kappa_prime,-0.45000000000000107,0.28692867560633245,0.9908750440366217,0.052411292667388615,True,262144
24.0,kappa_prime,-0.15000000000000036,0.8131458077828239,0.9908750440366217,0.052411292667388615,True,262144
24.0,kappa_prime,0.14999999999999947,0.8127295771088887,0.9908750440366217,0.052411292667388615,True,262144
24.0,kappa_prime,0.4499999999999993,0.2819216045563081,0.9908750440366217,0.052411292667388615,True,262144
24.0,kappa_prime,0.7499999999999991,0.14818483874866414,0.9908750440366217,0.052411292667388615,True,262144
24.0,kappa_prime,1.049999999999999,0.09101503970434231,0.9908750440366217,0.052411292667388615,True,262144
24.0,kappa_prime,1.3499999999999996,0.06240596942217898,0.9908750440366217,0.052411292667388615,True,262144
24.0,kappa_prime,1.6500000000000004,0.044307725861906594,0.9908750440366217,0.052411292667388615,True,262144
24.0,kappa_prime,1.9499999999999993,0.033103212559118224,0.9908750440366217,0.052411292667388615,True,262144
24.0,kappa_prime,2.2499999999999982,0.026049321445112576,0.9908750440366217,0.052411292667388615,True,262144
24.0,kappa_prime,2.549999999999999,0.02024480764137431,0.9908750440366217,0.052411292667388615,True,262144
24.0,kappa_prime,2.8499999999999996,0.01639662467473434,0.9908750440366217,0.052411292667388615,True,262144
24.0,kappa_prime,3.1500000000000004,0.013126854210122663,0.9908750440366217,0.052411292667388615,True,262144
24.0,kappa_prime,3.4499999999999993,0.011358473327107158,0.9908750440366217,0.052411292667388615,True,262144
24.0,kappa_prime,3.7499999999999982,0.009635503114216975,0.9908750440366217,0.052411292667388615,True,262144
24.0,kappa_prime,4.049999999999999,0.00795744608657771,0.9908750440366217,0.052411292667388615,True,262144
24.0,kappa_prime,4.35,0.0069035008385134496,0.9908750440366217,0.052411292667388615,True,262144
24.0,kappa_prime,4.65,0.006139013663474005,0.9908750440366217,0.052411292667388615,True,262144
24.0,kappa_prime,4.949999999999999,0.005433649056832842,0.9908750440366217,0.052411292667388615,True,262144
24.0,kappa_prime,5.249999999999998,0.004470269911994222,0.9908750440366217,0.052411292667388615,True,262144
24.0,kappa_prime,5.549999999999999,0.004423682980599831,0.9908750440366217,0.052411292667388615,True,262144
24.0,kappa_prime,5.85,0.003334461423354398,0.9908750440366217,0.052411292667388615,True,262144
24.0,kappa_prime,6.15,0.003407083334091641,0.9908750440366217,0.052411292667388615,True,262144
24.0,kappa_prime,6.449999999999999,0.002731181855741292,0.9908750440366217,0.052411292667388615,True,262144
24.0,kappa_prime,6.749999999999998,0.002735443475170166,0.9908750440366217,0.052411292667388615,True,262144
24.0,kappa_prime,7.049999999999999,0.002511517676725734,0.9908750440366217,0.052411292667388615,True,262144
24.0,kappa_prime,7.35,0.0020827565954631396,0.9908750440366217,0.052411292667388615,True,262144
24.0,kappa_prime,7.65,0.002103745813272276,0.9908750440366217,0.052411292667388615,True,262144
24.0,kappa_prime,7.949999999999999,0.0019914183255959335,0.9908750440366217,0.052411292667388615,True,262144
24.0,kappa_prime,8.249999999999998,0.0019007602130603634,0.9908750440366217,0.052411292667388615,True,262144
24.0,kappa_prime,8.549999999999999,0.0016367606528006006,0.9908750440366217,0.052411292667388615,True,262144
24.0,kappa_prime,8.85,0.0014681343948455185,0.9908750440366217,0.052411292667388615,True,262144
24.0,kappa_prime,9.15,0.0014907579954216656,0.9908750440366217,0.052411292667388615,True,262144
24.0,kappa_prime,9.45,0.0011957340176359987,0.9908750440366217,0.052411292667388615,True,262144
24.0,kappa_prime,9.749999999999998,0.0013166550157445599,0.9908750440366217,0.052411292667388615,True,262144
24.0,kappa_prime,10.049999999999999,0.0011286492586637265,0.9908750440366217,0.052411292667388615,True,262144
24.0,kappa_prime,10.35,0.0009405655623070978,0.9908750440366217,0.052411292667388615,True,262144
24.0,kappa_prime,10.65,0.0009001986301171869,0.9908750440366217,0.052411292667388615,True,262144
24.0,kappa_prime,10.95,0.0010598476319484303,0.9908750440366217,0.052411292667388615,True,262144
24.0,kappa_prime,11.249999999999998,0.0009586658895621239,0.9908750440366217,0.052411292667388615,True,262144
24.0,kappa_prime,11.549999999999999,0.0008369129811103455,0.9908750440366217,0.052411292667388615,True,262144
24.0,kappa_prime,11.85,0.0008344200668522131,0.9908750440366217,0.052411292667388615,True,262144
24.0,kappa_prime,12.15,0.0007315116868842786,0.9908750440366217,0.052411292667388615,True,262144
24.0,kappa_prime,12.45,0.0006499398622315604,0.9908750440366217,0.052411292667388615,True,262144
24.0,kappa_prime,12.749999999999998,0.0006480861759530459,0.9908750440366217,0.052411292667388615,True,262144
24.0,kappa_prime,13.049999999999999,0.0006072961805860756,0.9908750440366217,0.052411292667388615,True,262144
24.0,kappa_prime,13.35,0.0006007054720373684,0.9908750440366217,0.052411292667388615,True,262144
24.0,kappa_prime,13.649999999999999,0.0006713067330405747,0.9908750440366217,0.052411292667388615,True,262144
24.0,kappa_prime,13.949999999999998,0.0004950076894283411,0.9908750440366217,0.052411292667388615,True,262144
24.0,kappa_prime,14.249999999999998,0.0005475658809645867,0.9908750440366217,0.052411292667388615,True,262144
24.0,kappa_prime,14.549999999999999,0.00046997756427050093,0.9908750440366217,0.052411292667388615,True,262144
24.0,kappa_prime,14.85,0.00042563484396657055,0.9908750440366217,0.052411292667388615,True,262144
40.0,kappa_prime,-14.85,0.0006431732308734736,0.9873519416847557,0.052411292667388615,True,262144
40.0,kappa_prime,-14.55,0.00070571690137588,0.9873519416847557,0.052411292667388615,True,262144
40.0,kappa_prime,-14.25,0.0007322504668502644,0.9873519416847557,0.052411292667388615,True,262144
40.0,kappa_prime,-13.95,0.0006670609414509221,0.9873519416847557,0.052411292667388615,True,262144
40.0,kappa_prime,-13.65,0.0006901173825179669,0.9873519416847557,0.052411292667388615,True,262144
40.0,kappa_prime,-13.35,0.0007184743075588473,0.9873519416847557,0.052411292667388615,True,262144
40.0,kappa_prime,-13.05,0.0006888556248565781,0.9873519416847557,0.052411292667388615,True,262144
40.0,kappa_prime,-12.75,0.0008625775783698627,0.9873519416847557,0.052411292667388615,True,262144
40.0,kappa_prime,-12.45,0.0010074548547910364,0.9873519416847557,0.052411292667388615,True,262144
40.0,kappa_prime,-12.15,0.000776528048795101,0.9873519416847557,0.052411292667388615,True,262144
40.0,kappa_prime,-11.85,0.0009284582446756303,0.9873519416847557,0.052411292667388615,True,262144
40.0,kappa_prime,-11.55,0.0009693997611663052,0.9873519416847557,0.052411292667388615,True,262144
40.0,kappa_prime,-11.25,0.0009595367880259713,0.9873519416847557,0.052411292667388615,True,262144
40.0,kappa_prime,-10.95,0.001245993770155792,0.9873519416847557,0.052411292667388615,True,262144
40.0,kappa_prime,-10.65,0.0011987339412721353,0.9873519416847557,0.052411292667388615,True,262144
40.0,kappa_prime,-10.35,0.001287653585661872,0.9873519416847557,0.052411292667388615,True,262144
40.0,kappa_prime,-10.05,0.001334614947848333,0.9873519416847557,0.052411292667388615,True,262144
40.0,kappa_prime,-9.75,0.0016433874808496618,0.9873519416847557,0.052411292667388615,True,262144
40.0,kappa_prime,-9.450000000000001,0.0016725654703443052,0.9873519416847557,0.052411292667388615,True,262144
40.0,kappa_prime,-9.15,0.0017063701463040466,0.9873519416847557,0.052411292667388615,True,262144
40.0,kappa_prime,-8.85,0.0019909378997697152,0.9873519416847557,0.052411292667388615,True,262144
40.0,kappa_prime,-8.55,0.002149380784791206,0.9873519416847557,0.052411292667388615,True,262144
40.0,kappa_prime,-8.25,0.0020521008264379604,0.9873519416847557,0.052411292667388615,True,262144
40.0,kappa_prime,-7.950000000000001,0.0023252926719436683,0.9873519416847557,0.052411292667388615,True,262144
40.0,kappa_prime,-7.65,0.002548488535034465,0.9873519416847557,0.052411292667388615,True,262144
40.0,kappa_prime,-7.35,0.0026225034616328335,0.9873519416847557,0.052411292667388615,True,262144
40.0,kappa_prime,-7.050000000000001,0.002899962443354374,0.9873519416847557,0.052411292667388615,True,262144
40.0,kappa_prime,-6.75,0.003448478342434824,0.9873519416847557,0.052411292667388615,True,262144
40.0,kappa_prime,-6.45,0.003744336365778222,0.9873519416847557,0.052411292667388615,True,262144
40.0,kappa_prime,-6.15,0.003986078026134074,0.9873519416847557,0.052411292667388615,True,262144
40.0,kappa_prime,-5.8500000000000005,0.004204339412429409,0.9873519416847557,0.052411292667388615,True,262144
40.0,kappa_prime,-5.550000000000001,0.005549539906910528,0.9873519416847557,0.052411292667388615,True,262144
40.0,kappa_prime,-5.25,0.005525337848880658,0.9873519416847557,0.052411292667388615,True,262144
40.0,kappa_prime,-4.95,0.006274212281512115,0.9873519416847557,0.052411292667388615,True,262144
40.0,kappa_prime,-4.65,0.007154584558529308,0.9873519416847557,0.052411292667388615,True,262144
40.0,kappa_prime,-4.3500000000000005,0.00862225628395593,0.9873519416847557,0.052411292667388615,True,262144
40.0,kappa_prime,-4.050000000000001,0.009921678330682946,0.9873519416847557,0.052411292667388615,True,262144
40.0,kappa_prime,-3.75,0.011038754869107305,0.9873519416847557,0.052411292667388615,True,262144
40.0,kappa_prime,-3.45,0.012470848404047788,0.9873519416847557,0.052411292667388615,True,262144
40.0,kappa_prime,-3.1500000000000004,0.015299433237606172,0.9873519416847557,0.052411292667388615,True,262144
40.0,kappa_prime,-2.8500000000000005,0.01850799137907803,0.9873519416847557,0.052411292667388615,True,262144
40.0,kappa_prime,-2.5500000000000007,0.02245592906519261,0.9873519416847557,0.052411292667388615,True,262144
40.0,kappa_prime,-2.25,0.02822472396618012,0.9873519416847557,0.052411292667388615,True,262144
40.0,kappa_prime,-1.9500000000000002,0.0346308048448749,0.9873519416847557,0.052411292667388615,True,262144
40.0,kappa_prime,-1.6500000000000004,0.04423205074242345,0.9873519416847557,0.052411292667388615,True,262144
40.0,kappa_prime,-1.3500000000000005,0.06042281103952767,0.9873519416847557,0.052411292667388615,True,262144
40.0,kappa_prime,-1.0500000000000007,0.08590683974081365,0.9873519416847557,0.052411292667388615,True,262144
40.0,kappa_prime,-0.7500000000000009,0.1353230187527423,0.9873519416847557,0.052411292667388615,True,262144
40.0,kappa_prime,-0.45000000000000107,0.25309168525680625,0.9873519416847557,0.052411292667388615,True,262144
40.0,kappa_prime,-0.15000000000000036,0.8302367442977749,0.9873519416847557,0.052411292667388615,True,262144
40.0,kappa_prime,0.14999999999999947,0.8312381905803252,0.9873519416847557,0.052411292667388615,True,262144
40.0,kappa_prime,0.4499999999999993,0.25118622202159274,0.9873519416847557,0.052411292667388615,True,262144
40.0,kappa_prime,0.7499999999999991,0.1342978061833385,0.9873519416847557,0.052411292667388615,True,262144
40.0,kappa_prime,1.049999999999999,0.0866013493370727,0.9873519416847557,0.052411292667388615,True,262144
40.0,kappa_prime,1.3499999999999996,0.06000493879194095,0.9873519416847557,0.052411292667388615,True,262144
40.0,kappa_prime,1.6500000000000004,0.04458138331550908,0.9873519416847557,0.052411292667388615,True,262144
40.0,kappa_prime,1.9499999999999993,0.03352398579751978,0.9873519416847557,0.052411292667388615,True,262144
40.0,kappa_prime,2.2499999999999982,0.026880848391918847,0.9873519416847557,0.052411292667388615,True,262144
40.0,kappa_prime,2.549999999999999,0.02232304026178871,0.9873519416847557,0.052411292667388615,True,262144
40.0,kappa_prime,2.8499999999999996,0.017741747333977816,0.9873519416847557,0.052411292667388615,True,262144
40.0,kappa_prime,3.1500000000000004,0.015647581767964425,0.9873519416847557,0.052411292667388615,True,262144
40.0,kappa_prime,3.4499999999999993,0.012530922051493289,0.9873519416847557,0.052411292667388615,True,262144
40.0,kappa_prime,3.7499999999999982,0.010938701163103536,0.9873519416847557,0.052411292667388615,True,262144
40.0,kappa_prime,4.049999999999999,0.008916828285475267,0.9873519416847557,0.052411292667388615,True,262144
40.0,kappa_prime,4.35,0.008581860945440528,0.9873519416847557,0.052411292667388615,True,262144
40.0,kappa_prime,4.65,0.0074083983842899385,0.9873519416847557,0.052411292667388615,True,262144
40.0,kappa_prime,4.949999999999999,0.006864945431025538,0.9873519416847557,0.052411292667388615,True,262144
40.0,kappa_prime,5.249999999999998,0.005707457869038208,0.9873519416847557,0.052411292667388615,True,262144
40.0,kappa_prime,5.549999999999999,0.004686769175867466,0.9873519416847557,0.052411292667388615,True,262144
40.0,kappa_prime,5.85,0.004699857397856753,0.9873519416847557,0.052411292667388615,True,262144
40.0,kappa_prime,6.15,0.004096377024239609,0.9873519416847557,0.052411292667388615,True,262144
40.0,kappa_prime,6.449999999999999,0.0035280194779969683,0.9873519416847557,0.052411292667388615,True,262144
40.0,kappa_prime,6.749999999999998,0.0032599619903006536,0.9873519416847557,0.052411292667388615,True,262144
40.0,kappa_prime,7.049999999999999,0.002948596705091116,0.9873519416847557,0.052411292667388615,True,262144
40.0,kappa_prime,7.35,0.0028981168646869827,0.9873519416847557,0.052411292667388615,True,262144
40.0,kappa_prime,7.65,0.0025482147381348927,0.9873519416847557,0.052411292667388615,True,262144
40.0,kappa_prime,7.949999999999999,0.0022185486468243123,0.9873519416847557,0.052411292667388615,True,262144
40.0,kappa_prime,8.249999999999998,0.0022554313370589576,0.9873519416847557,0.052411292667388615,True,262144
40.0,kappa_prime,8.549999999999999,0.002170835715222566,0.9873519416847557,0.052411292667388615,True,262144
40.0,kappa_prime,8.85,0.0019229205589074263,0.9873519416847557,0.052411292667388615,True,262144
40.0,kappa_prime,9.15,0.00188432507987777,0.9873519416847557,0.052411292667388615,True,262144
40.0,kappa_prime,9.45,0.00169129866979937,0.9873519416847557,0.052411292667388615,True,262144
40.0,kappa_prime,9.749999999999998,0.001489099806562608,0.9873519416847557,0.052411292667388615,True,262144
40.0,kappa_prime,10.049999999999999,0.0014485214928482992,0.9873519416847557,0.052411292667388615,True,262144
40.0,kappa_prime,10.35,0.001517330971052411,0.9873519416847557,0.052411292667388615,True,262144
40.0,kappa_prime,10.65,0.001360554047969023,0.9873519416847557,0.052411292667388615,True,262144
40.0,kappa_prime,10.95,0.001073024419523609,0.9873519416847557,0.052411292667388615,True,262144
40.0,kappa_prime,11.249999999999998,0.0012553236897544582,0.9873519416847557,0.052411292667388615,True,262144
40.0,kappa_prime,11.549999999999999,0.0010384591569472285,0.9873519416847557,0.052411292667388615,True,262144
40.0,kappa_prime,11.85,0.0009202779206611445,0.9873519416847557,0.052411292667388615,True,262144
40.0,kappa_prime,12.15,0.0009926486239968866,0.9873519416847557,0.052411292667388615,True,262144
40.0,kappa_prime,12.45,0.0008664922409119871,0.9873519416847557,0.052411292667388615,True,262144
40.0,kappa_prime,12.749999999999998,0.0008766525602962491,0.9873519416847557,0.052411292667388615,True,262144
40.0,kappa_prime,13.049999999999999,0.0008620871764331235,0.9873519416847557,0.052411292667388615,True,262144
40.0,kappa_prime,13.35,0.0009145989995013294,0.9873519416847557,0.052411292667388615,True,262144
40.0,kappa_prime,13.649999999999999,0.0006901292450534999,0.9873519416847557,0.052411292667388615,True,262144
40.0,kappa_prime,13.949999999999998,0.0006421485093350206,0.9873519416847557,0.052411292667388615,True,262144
40.0,kappa_prime,14.249999999999998,0.0007665496753944876,0.9873519416847557,0.052411292667388615,True,262144
40.0,kappa_prime,14.549999999999999,0.0007015588510664087,0.9873519416847557,0.052411292667388615,True,262144
40.0,kappa_prime,14.85,0.0006721332170663865,0.9873519416847557,0.052411292667388615,True,262144
55.0,kappa_prime,-14.85,0.0009268176264132883,0.9796000791953042,0.052411292667388615,True,262144
55.0,kappa_prime,-14.55,0.0008811577726509661,0.9796000791953042,0.052411292667388615,True,262144
55.0,kappa_prime,-14.25,0.0009980823046295251,0.9796000791953042,0.052411292667388615,True,262144
55.0,kappa_prime,-13.95,0.0010556722880806489,0.9796000791953042,0.052411292667388615,True,262144
55.0,kappa_prime,-13.65,0.0011242651279949557,0.9796000791953042,0.052411292667388615,True,262144
55.0,kappa_prime,-13.35,0.0012062152776212438,0.9796000791953042,0.052411292667388615,True,262144
55.0,kappa_prime,-13.05,0.0013320917582093541,0.9796000791953042,0.052411292667388615,True,262144
55.0,kappa_prime,-12.75,0.0013693187825881605,0.9796000791953042,0.052411292667388615,True,262144
55.0,kappa_prime,-12.45,0.001410255739924874,0.9796000791953042,0.052411292667388615,True,262144
55.0,kappa_prime,-12.15,0.0014258406324211125,0.9796000791953042,0.052411292667388615,True,262144
55.0,kappa_prime,-11.85,0.0013948069654241705,0.9796000791953042,0.052411292667388615,True,262144
55.0,kappa_prime,-11.55,0.0013730817039780013,0.9796000791953042,0.052411292667388615,True,262144
55.0,kappa_prime,-11.25,0.0017816016511172247,0.9796000791953042,0.052411292667388615,True,262144
55.0,kappa_prime,-10.95,0.0018796497551538172,0.9796000791953042,0.052411292667388615,True,262144
55.0,kappa_prime,-10.65,0.0018354786805622678,0.9796000791953042,0.052411292667388615,True,262144
55.0,kappa_prime,-10.35,0.0018820740238251175,0.9796000791953042,0.052411292667388615,True,262144
55.0,kappa_prime,-10.05,0.002166341765753004,0.9796000791953042,0.052411292667388615,True,262144
55.0,kappa_prime,-9.75,0.0020673152071541386,0.9796000791953042,0.052411292667388615,True,262144
55.0,kappa_prime,-9.450000000000001,0.0024077628013119893,0.9796000791953042,0.052411292667388615,True,262144
55.0,kappa_prime,-9.15,0.0025406953665117896,0.9796000791953042,0.052411292667388615,True,262144
55.0,kappa_prime,-8.85,0.002478347749909178,0.9796000791953042,0.052411292667388615,True,262144
55.0,kappa_prime,-8.55,0.002717443851045225,0.9796000791953042,0.052411292667388615,True,262144
55.0,kappa_prime,-8.25,0.0031357247555900297,0.9796000791953042,0.052411292667388615,True,262144
55.0,kappa_prime,-7.950000000000001,0.003141994861774629,0.9796000791953042,0.052411292667388615,True,262144
55.0,kappa_prime,-7.65,0.0036425961228410395,0.9796000791953042,0.052411292667388615,True,262144
55.0,kappa_prime,-7.35,0.00411891032383072,0.9796000791953042,0.052411292667388615,True,262144
55.0,kappa_prime,-7.050000000000001,0.0040735694421154545,0.9796000791953042,0.052411292667388615,True,262144
55.0,kappa_prime,-6.75,0.0048408578385805675,0.9796000791953042,0.052411292667388615,True,262144
55.0,kappa_prime,-6.45,0.004757552836743935,0.9796000791953042,0.052411292667388615,True,262144
55.0,kappa_prime,-6.15,0.005711472513010639,0.9796000791953042,0.052411292667388615,True,262144
55.0,kappa_prime,-5.8500000000000005,0.006471415356896248,0.9796000791953042,0.052411292667388615,True,262144
55.0,kappa_prime,-5.550000000000001,0.006418472757154308,0.9796000791953042,0.052411292667388615,True,262144
55.0,kappa_prime,-5.25,0.007586741138785486,0.9796000791953042,0.052411292667388615,True,262144
55.0,kappa_prime,-4.95,0.008979139344427896,0.9796000791953042,0.052411292667388615,True,262144
55.0,kappa_prime,-4.65,0.009316656925216372,0.9796000791953042,0.052411292667388615,True,262144
55.0,kappa_prime,-4.3500000000000005,0.010654652964506638,0.9796000791953042,0.052411292667388615,True,262144
55.0,kappa_prime,-4.050000000000001,0.011653703682738407,0.9796000791953042,0.052411292667388615,True,262144
55.0,kappa_prime,-3.75,0.013311783249434815,0.9796000791953042,0.052411292667388615,True,262144
55.0,kappa_prime,-3.45,0.01600135439040424,0.9796000791953042,0.052411292667388615,True,262144
55.0,kappa_prime,-3.1500000000000004,0.01807038978738625,0.9796000791953042,0.052411292667388615,True,262144
55.0,kappa_prime,-2.8500000000000005,0.02110660564646392,0.9796000791953042,0.052411292667388615,True,262144
55.0,kappa_prime,-2.5500000000000007,0.02577379857665239,0.9796000791953042,0.052411292667388615,True,262144
55.0,kappa_prime,-2.25,0.02839379618158292,0.9796000791953042,0.052411292667388615,True,262144
55.0,kappa_prime,-1.9500000000000002,0.037292948177271315,0.9796000791953042,0.052411292667388615,True,262144
55.0,kappa_prime,-1.6500000000000004,0.04705662349486582,0.9796000791953042,0.052411292667388615,True,262144
55.0,kappa_prime,-1.3500000000000005,0.06018252105826174,0.9796000791953042,0.052411292667388615,True,262144
55.0,kappa_prime,-1.0500000000000007,0.08406305827158121,0.9796000791953042,0.052411292667388615,True,262144
55.0,kappa_prime,-0.7500000000000009,0.12588433082833456,0.9796000791953042,0.052411292667388615,True,262144
55.0,kappa_prime,-0.45000000000000107,0.23825049130109743,0.9796000791953042,0.052411292667388615,True,262144
55.0,kappa_prime,-0.15000000000000036,0.7893726789764539,0.9796000791953042,0.052411292667388615,True,262144
55.0,kappa_prime,0.14999999999999947,0.7867698962565571,0.9796000791953042,0.052411292667388615,True,262144
55.0,kappa_prime,0.4499999999999993,0.2408594592384559,0.9796000791953042,0.052411292667388615,True,262144
55.0,kappa_prime,0.7499999999999991,0.12441936801856866,0.9796000791953042,0.052411292667388615,True,262144
55.0,kappa_prime,1.049999999999999,0.08484330006639962,0.9796000791953042,0.052411292667388615,True,262144
55.0,kappa_prime,1.3499999999999996,0.05922088052675929,0.9796000791953042,0.052411292667388615,True,262144
55.0,kappa_prime,1.6500000000000004,0.04754961718030831,0.9796000791953042,0.052411292667388615,True,262144
55.0,kappa_prime,1.9499999999999993,0.036376549115154574,0.9796000791953042,0.052411292667388615,True,262144
55.0,kappa_prime,2.2499999999999982,0.028650762872984865,0.9796000791953042,0.052411292667388615,True,262144
55.0,kappa_prime,2.549999999999999,0.024609389435378538,0.9796000791953042,0.052411292667388615,True,262144
55.0,kappa_prime,2.8499999999999996,0.02011714024221435,0.9796000791953042,0.052411292667388615,True,262144
55.0,kappa_prime,3.1500000000000004,0.018121040840115316,0.9796000791953042,0.052411292667388615,True,262144
55.0,kappa_prime,3.4499999999999993,0.015829207566408012,0.9796000791953042,0.052411292667388615,True,262144
55.0,kappa_prime,3.7499999999999982,0.012886655024751524,0.9796000791953042,0.052411292667388615,True,262144
55.0,kappa_prime,4.049999999999999,0.011751561300367605,0.9796000791953042,0.052411292667388615,True,262144
55.0,kappa_prime,4.35,0.010910987647784602,0.9796000791953042,0.052411292667388615,True,262144
55.0,kappa_prime,4.65,0.008675906916754112,0.9796000791953042,0.052411292667388615,True,262144
55.0,kappa_prime,4.949999999999999,0.008273816310315613,0.9796000791953042,0.052411292667388615,True,262144
55.0,kappa_prime,5.249999999999998,0.0074142780730694245,0.9796000791953042,0.052411292667388615,True,262144
55.0,kappa_prime,5.549999999999999,0.006476141734050911,0.9796000791953042,0.052411292667388615,True,262144
55.0,kappa_prime,5.85,0.005727683891375358,0.9796000791953042,0.052411292667388615,True,262144
55.0,kappa_prime,6.15,0.0054810672754618634,0.9796000791953042,0.052411292667388615,True,262144
55.0,kappa_prime,6.449999999999999,0.005048790447846592,0.9796000791953042,0.052411292667388615,True,262144
55.0,kappa_prime,6.749999999999998,0.0044685327202538035,0.9796000791953042,0.052411292667388615,True,262144
55.0,kappa_prime,7.049999999999999,0.004065071550171357,0.9796000791953042,0.052411292667388615,True,262144
55.0,kappa_prime,7.35,0.004124095761835328,0.9796000791953042,0.052411292667388615,True,262144
55.0,kappa_prime,7.65,0.0037833377684586495,0.9796000791953042,0.052411292667388615,True,262144
55.0,kappa_prime,7.949999999999999,0.003411978019489025,0.9796000791953042,0.052411292667388615,True,262144
55.0,kappa_prime,8.249999999999998,0.0029581076511309566,0.9796000791953042,0.052411292667388615,True,262144
55.0,kappa_prime,8.549999999999999,0.0030385120788612315,0.9796000791953042,0.052411292667388615,True,262144
55.0,kappa_prime,8.85,0.002536777127082653,0.9796000791953042,0.052411292667388615,True,262144
55.0,kappa_prime,9.15,0.002521645610042264,0.9796000791953042,0.052411292667388615,True,262144
55.0,kappa_prime,9.45,0.002263399922194341,0.9796000791953042,0.052411292667388615,True,262144
55.0,kappa_prime,9.749999999999998,0.0024078668786151063,0.9796000791953042,0.052411292667388615,True,262144
55.0,kappa_prime,10.049999999999999,0.0022592674122104825,0.9796000791953042,0.052411292667388615,True,262144
55.0,kappa_prime,10.35,0.002084246115565451,0.9796000791953042,0.052411292667388615,True,262144
55.0,kappa_prime,10.65,0.0019468961320875287,0.9796000791953042,0.052411292667388615,True,262144
55.0,kappa_prime,10.95,0.0017575770293771478,0.9796000791953042,0.052411292667388615,True,262144
55.0,kappa_prime,11.249999999999998,0.0016055924430486144,0.9796000791953042,0.052411292667388615,True,262144
55.0,kappa_prime,11.549999999999999,0.0016394545309374798,0.9796000791953042,0.052411292667388615,True,262144
55.0,kappa_prime,11.85,0.0013450715203929004,0.9796000791953042,0.052411292667388615,True,262144
55.0,kappa_prime,12.15,0.0015322358296500623,0.9796000791953042,0.052411292667388615,True,262144
55.0,kappa_prime,12.45,0.0012533117991226697,0.9796000791953042,0.052411292667388615,True,262144
55.0,kappa_prime,12.749999999999998,0.001248032285588472,0.9796000791953042,0.052411292667388615,True,262144
55.0,kappa_prime,13.049999999999999,0.0012396855938923835,0.9796000791953042,0.052411292667388615,True,262144
55.0,kappa_prime,13.35,0.0012521518785619506,0.9796000791953042,0.052411292667388615,True,262144
55.0,kappa_prime,13.649999999999999,0.0010196934000354177,0.9796000791953042,0.052411292667388615,True,262144
55.0,kappa_prime,13.949999999999998,0.001031613665933073,0.9796000791953042,0.052411292667388615,True,262144
55.0,kappa_prime,14.249999999999998,0.0010418071196520657,0.9796000791953042,0.052411292667388615,True,262144
55.0,kappa_prime,14.549999999999999,0.0010608487917121141,0.9796000791953042,0.052411292667388615,True,262144
55.0,kappa_prime,14.85,0.0009051290644133064,0.9796000791953042,0.052411292667388615,True,262144
70.0,kappa_prime,-14.85,0.0012889691640419363,0.9701051009047648,0.052411292667388615,True,262144
70.0,kappa_prime,-14.55,0.0013478752132840195,0.9701051009047648,0.052411292667388615,True,262144
70.0,kappa_prime,-14.25,0.0012255550214362208,0.9701051009047648,0.052411292667388615,True,262144
70.0,kappa_prime,-13.95,0.0015896595795205023,0.9701051009047648,0.052411292667388615,True,262144
70.0,kappa_prime,-13.65,0.0013806737310854637,0.9701051009047648,0.052411292667388615,True,262144
70.0,kappa_prime,-13.35,0.001570631146609366,0.9701051009047648,0.052411292667388615,True,262144
70.0,kappa_prime,-13.05,0.0014235122690583627,0.9701051009047648,0.052411292667388615,True,262144
70.0,kappa_prime,-12.75,0.0015496648270616096,0.9701051009047648,0.052411292667388615,True,262144
70.0,kappa_prime,-12.45,0.0012236828827816423,0.9701051009047648,0.052411292667388615,True,262144
70.0,kappa_prime,-12.15,0.0018093056774730852,0.9701051009047648,0.052411292667388615,True,262144
70.0,kappa_prime,-11.85,0.001719933628204787,0.9701051009047648,0.052411292667388615,True,262144
70.0,kappa_prime,-11.55,0.0017831911910178202,0.9701051009047648,0.052411292667388615,True,262144
70.0,kappa_prime,-11.25,0.0021593035372792233,0.9701051009047648,0.052411292667388615,True,262144
70.0,kappa_prime,-10.95,0.0019651495050560424,0.9701051009047648,0.052411292667388615,True,262144
70.0,kappa_prime,-10.65,0.002090018016193656,0.9701051009047648,0.052411292667388615,True,262144
70.0,kappa_prime,-10.35,0.002256214701989278,0.9701051009047648,0.052411292667388615,True,262144
70.0,kappa_prime,-10.05,0.002436681463216107,0.9701051009047648,0.052411292667388615,True,262144
70.0,kappa_prime,-9.75,0.0025643195563447877,0.9701051009047648,0.052411292667388615,True,262144
70.0,kappa_prime,-9.450000000000001,0.0025494426269476664,0.9701051009047648,0.052411292667388615,True,262144
70.0,kappa_prime,-9.15,0.0028920507809044784,0.9701051009047648,0.052411292667388615,True,262144
70.0,kappa_prime,-8.85,0.00325381921703077,0.9701051009047648,0.052411292667388615,True,262144
70.0,kappa_prime,-8.55,0.003710384320230887,0.9701051009047648,0.052411292667388615,True,262144
70.0,kappa_prime,-8.25,0.003989107394280831,0.9701051009047648,0.052411292667388615,True,262144
70.0,kappa_prime,-7.950000000000001,0.0035337784055298753,0.9701051009047648,0.052411292667388615,True,262144
70.0,kappa_prime,-7.65,0.004268595142406423,0.9701051009047648,0.052411292667388615,True,262144
70.0,kappa_prime,-7.35,0.003805576370514542,0.9701051009047648,0.052411292667388615,True,262144
70.0,kappa_prime,-7.050000000000001,0.0049285504227933406,0.9701051009047648,0.052411292667388615,True,262144
70.0,kappa_prime,-6.75,0.005350061523883543,0.9701051009047648,0.052411292667388615,True,262144
70.0,kappa_prime,-6.45,0.005222542449465678,0.9701051009047648,0.052411292667388615,True,262144
70.0,kappa_prime,-6.15,0.0058518924100644356,0.9701051009047648,0.052411292667388615,True,262144
70.0,kappa_prime,-5.8500000000000005,0.006053976707422872,0.9701051009047648,0.052411292667388615,True,262144
70.0,kappa_prime,-5.550000000000001,0.00688591734376747,0.9701051009047648,0.052411292667388615,True,262144
70.0,kappa_prime,-5.25,0.007446287515514405,0.9701051009047648,0.052411292667388615,True,262144
70.0,kappa_prime,-4.95,0.008467269722968372,0.9701051009047648,0.052411292667388615,True,262144
70.0,kappa_prime,-4.65,0.00899178569868341,0.9701051009047648,0.052411292667388615,True,262144
70.0,kappa_prime,-4.3500000000000005,0.010453984413613933,0.9701051009047648,0.052411292667388615,True,262144
70.0,kappa_prime,-4.050000000000001,0.011255413911741768,0.9701051009047648,0.052411292667388615,True,262144
70.0,kappa_prime,-3.75,0.012067467669303908,0.9701051009047648,0.052411292667388615,True,262144
70.0,kappa_prime,-3.45,0.013971727654088337,0.9701051009047648,0.052411292667388615,True,262144
70.0,kappa_prime,-3.1500000000000004,0.015864981194933247,0.9701051009047648,0.052411292667388615,True,262144
70.0,kappa_prime,-2.8500000000000005,0.018270415747693426,0.9701051009047648,0.052411292667388615,True,262144
70.0,kappa_prime,-2.5500000000000007,0.020503775035361358,0.9701051009047648,0.052411292667388615,True,262144
70.0,kappa_prime,-2.25,0.024778866907916995,0.9701051009047648,0.052411292667388615,True,262144
70.0,kappa_prime,-1.9500000000000002,0.030138456686595014,0.9701051009047648,0.052411292667388615,True,262144
70.0,kappa_prime,-1.6500000000000004,0.037151602377293806,0.9701051009047648,0.052411292667388615,True,262144
70.0,kappa_prime,-1.3500000000000005,0.04695467891407364,0.9701051009047648,0.052411292667388615,True,262144
70.0,kappa_prime,-1.0500000000000007,0.06329082339547593,0.9701051009047648,0.052411292667388615,True,262144
70.0,kappa_prime,-0.7500000000000009,0.1024626017812171,0.9701051009047648,0.052411292667388615,True,262144
70.0,kappa_prime,-0.45000000000000107,0.1937609199837278,0.9701051009047648,0.052411292667388615,True,262144
70.0,kappa_prime,-0.15000000000000036,0.8996967131731395,0.9701051009047648,0.052411292667388615,True,262144
70.0,kappa_prime,0.14999999999999947,0.899440119945217,0.9701051009047648,0.052411292667388615,True,262144
70.0,kappa_prime,0.4499999999999993,0.1940777474940523,0.9701051009047648,0.052411292667388615,True,262144
70.0,kappa_prime,0.7499999999999991,0.10129769975440048,0.9701051009047648,0.052411292667388615,True,262144
70.0,kappa_prime,1.049999999999999,0.06381783031379763,0.9701051009047648,0.052411292667388615,True,262144
70.0,kappa_prime,1.3499999999999996,0.04744595493841269,0.9701051009047648,0.052411292667388615,True,262144
70.0,kappa_prime,1.6500000000000004,0.038044950639304354,0.9701051009047648,0.052411292667388615,True,262144
70.0,kappa_prime,1.9499999999999993,0.02939752893046682,0.9701051009047648,0.052411292667388615,True,262144
70.0,kappa_prime,2.2499999999999982,0.024602218167858916,0.9701051009047648,0.052411292667388615,True,262144
70.0,kappa_prime,2.549999999999999,0.021014474962432368,0.9701051009047648,0.052411292667388615,True,262144
70.0,kappa_prime,2.8499999999999996,0.017809696536554228,0.9701051009047648,0.052411292667388615,True,262144
70.0,kappa_prime,3.1500000000000004,0.015179444009687444,0.9701051009047648,0.052411292667388615,True,262144
70.0,kappa_prime,3.4499999999999993,0.013223658644590726,0.9701051009047648,0.052411292667388615,True,262144
70.0,kappa_prime,3.7499999999999982,0.011758652462752544,0.9701051009047648,0.052411292667388615,True,262144
70.0,kappa_prime,4.049999999999999,0.011081374709116385,0.9701051009047648,0.052411292667388615,True,262144
70.0,kappa_prime,4.35,0.009437147802461533,0.9701051009047648,0.052411292667388615,True,262144
70.0,kappa_prime,4.65,0.009135633373013766,0.9701051009047648,0.052411292667388615,True,262144
70.0,kappa_prime,4.949999999999999,0.00795574971752469,0.9701051009047648,0.052411292667388615,True,262144
70.0,kappa_prime,5.249999999999998,0.007384370050043513,0.9701051009047648,0.052411292667388615,True,262144
70.0,kappa_prime,5.549999999999999,0.006652446407236774,0.9701051009047648,0.052411292667388615,True,262144
70.0,kappa_prime,5.85,0.005668157867625949,0.9701051009047648,0.052411292667388615,True,262144
70.0,kappa_prime,6.15,0.005626552616725226,0.9701051009047648,0.052411292667388615,True,262144
70.0,kappa_prime,6.449999999999999,0.005237948458677599,0.9701051009047648,0.052411292667388615,True,262144
70.0,kappa_prime,6.749999999999998,0.004986002825050147,0.9701051009047648,0.052411292667388615,True,262144
70.0,kappa_prime,7.049999999999999,0.004757782646638592,0.9701051009047648,0.052411292667388615,True,262144
70.0,kappa_prime,7.35,0.0041315639637538,0.9701051009047648,0.052411292667388615,True,262144
70.0,kappa_prime,7.65,0.004034481426504652,0.9701051009047648,0.052411292667388615,True,262144
70.0,kappa_prime,7.949999999999999,0.003985719062052648,0.9701051009047648,0.052411292667388615,True,262144
70.0,kappa_prime,8.249999999999998,0.0037600194111848304,0.9701051009047648,0.052411292667388615,True,262144
70.0,kappa_prime,8.549999999999999,0.0031993996087012026,0.9701051009047648,0.052411292667388615,True,262144
70.0,kappa_prime,8.85,0.003022410707608588,0.9701051009047648,0.052411292667388615,True,262144
70.0,kappa_prime,9.15,0.0030789679628586207,0.9701051009047648,0.052411292667388615,True,262144
70.0,kappa_prime,9.45,0.002697328936586254,0.9701051009047648,0.052411292667388615,True,262144
70.0,kappa_prime,9.749999999999998,0.0026075177116149316,0.9701051009047648,0.052411292667388615,True,262144
70.0,kappa_prime,10.049999999999999,0.002260940178081628,0.9701051009047648,0.052411292667388615,True,262144
70.0,kappa_prime,10.35,0.0022821519210769288,0.9701051009047648,0.052411292667388615,True,262144
70.0,kappa_prime,10.65,0.002374862750876225,0.9701051009047648,0.052411292667388615,True,262144
70.0,kappa_prime,10.95,0.0019932423382725663,0.9701051009047648,0.052411292667388615,True,262144
70.0,kappa_prime,11.249999999999998,0.0019765517585695973,0.9701051009047648,0.052411292667388615,True,262144
70.0,kappa_prime,11.549999999999999,0.0018963566919062405,0.9701051009047648,0.052411292667388615,True,262144
70.0,kappa_prime,11.85,0.0017372168213147924,0.9701051009047648,0.052411292667388615,True,262144
70.0,kappa_prime,12.15,0.0018008420879676416,0.9701051009047648,0.052411292667388615,True,262144
70.0,kappa_prime,12.45,0.00149303634147616,0.9701051009047648,0.052411292667388615,True,262144
70.0,kappa_prime,12.749999999999998,0.0017563781481022846,0.9701051009047648,0.052411292667388615,True,262144
70.0,kappa_prime,13.049999999999999,0.0017212830041156738,0.9701051009047648,0.052411292667388615,True,262144
70.0,kappa_prime,13.35,0.0012147871332574924,0.9701051009047648,0.052411292667388615,True,262144
70.0,kappa_prime,13.649999999999999,0.0014175601723864307,0.9701051009047648,0.052411292667388615,True,262144
70.0,kappa_prime,13.949999999999998,0.001309654785945367,0.9701051009047648,0.052411292667388615,True,262144
70.0,kappa_prime,14.249999999999998,0.0011936526914570569,0.9701051009047648,0.052411292667388615,True,262144
70.0,kappa_prime,14.549999999999999,0.0012294783415529092,0.9701051009047648,0.052411292667388615,True,262144
70.0,kappa_prime,14.85,0.0012673144414448983,0.9701051009047648,0.052411292667388615,True,262144
100.0,kappa_prime,-14.85,0.00112413415949636,0.9690447984358134,0.052411292667388615,True,262144
100.0,kappa_prime,-14.55,0.001201280931890151,0.9690447984358134,0.052411292667388615,True,262144
100.0,kappa_prime,-14.25,0.0011166154879944552,0.9690447984358134,0.052411292667388615,True,262144
100.0,kappa_prime,-13.95,0.001542885468871494,0.9690447984358134,0.052411292667388615,True,262144
100.0,kappa_prime,-13.65,0.0015181782022049416,0.9690447984358134,0.052411292667388615,True,262144
100.0,kappa_prime,-13.35,0.0014989479479468656,0.9690447984358134,0.052411292667388615,True,262144
100.0,kappa_prime,-13.05,0.0016300572138720018,0.9690447984358134,0.052411292667388615,True,262144
100.0,kappa_prime,-12.75,0.0014510381754295615,0.9690447984358134,0.052411292667388615,True,262144
100.0,kappa_prime,-12.45,0.0016148949651826707,0.9690447984358134,0.052411292667388615,True,262144
100.0,kappa_prime,-12.15,0.001804077801267595,0.9690447984358134,0.052411292667388615,True,262144
100.0,kappa_prime,-11.85,0.0018129698506157803,0.9690447984358134,0.052411292667388615,True,262144
100.0,kappa_prime,-11.55,0.002100862650783356,0.9690447984358134,0.052411292667388615,True,262144
100.0,kappa_prime,-11.25,0.0018948622196397836,0.9690447984358134,0.052411292667388615,True,262144
100.0,kappa_prime,-10.95,0.0021951524232567458,0.9690447984358134,0.052411292667388615,True,262144
100.0,kappa_prime,-10.65,0.0021583038996242166,0.9690447984358134,0.052411292667388615,True,262144
100.0,kappa_prime,-10.35,0.0025030807187298456,0.9690447984358134,0.052411292667388615,True,262144
100.0,kappa_prime,-10.05,0.00238050434345776,0.9690447984358134,0.052411292667388615,True,262144
100.0,kappa_prime,-9.75,0.0026627703779174227,0.9690447984358134,0.052411292667388615,True,262144
100.0,kappa_prime,-9.450000000000001,0.0031789971550453566,0.9690447984358134,0.052411292667388615,True,262144
100.0,kappa_prime,-9.15,0.003267059744613233,0.9690447984358134,0.052411292667388615,True,262144
100.0,kappa_prime,-8.85,0.0033094454466498,0.9690447984358134,0.052411292667388615,True,262144
100.0,kappa_prime,-8.55,0.003702890217730462,0.9690447984358134,0.052411292667388615,True,262144
100.0,kappa_prime,-8.25,0.003894739845322148,0.9690447984358134,0.052411292667388615,True,262144
100.0,kappa_prime,-7.950000000000001,0.004087170517083216,0.9690447984358134,0.052411292667388615,True,262144
100.0,kappa_prime,-7.65,0.003965554684947782,0.9690447984358134,0.052411292667388615,True,262144
100.0,kappa_prime,-7.35,0.00447038869751854,0.9690447984358134,0.052411292667388615,True,262144
100.0,kappa_prime,-7.050000000000001,0.004824360510192353,0.9690447984358134,0.052411292667388615,True,262144
100.0,kappa_prime,-6.75,0.005236272992381297,0.9690447984358134,0.052411292667388615,True,262144
100.0,kappa_prime,-6.45,0.005947659504160822,0.9690447984358134,0.052411292667388615,True,262144
100.0,kappa_prime,-6.15,0.0056236616480884296,0.9690447984358134,0.052411292667388615,True,262144
100.0,kappa_prime,-5.8500000000000005,0.006856161663316458,0.9690447984358134,0.052411292667388615,True,262144
100.0,kappa_prime,-5.550000000000001,0.0071899702621016715,0.9690447984358134,0.052411292667388615,True,262144
100.0,kappa_prime,-5.25,0.008003203963540716,0.9690447984358134,0.052411292667388615,True,262144
100.0,kappa_prime,-4.95,0.008873072963396914,0.9690447984358134,0.052411292667388615,True,262144
100.0,kappa_prime,-4.65,0.0095499284499226,0.9690447984358134,0.052411292667388615,True,262144
100.0,kappa_prime,-4.3500000000000005,0.011001874736388945,0.9690447984358134,0.052411292667388615,True,262144
100.0,kappa_prime,-4.050000000000001,0.011418181012508181,0.9690447984358134,0.052411292667388615,True,262144
100.0,kappa_prime,-3.75,0.012797585835639213,0.9690447984358134,0.052411292667388615,True,262144
100.0,kappa_prime,-3.45,0.014470838165047602,0.9690447984358134,0.052411292667388615,True,262144
100.0,kappa_prime,-3.1500000000000004,0.016927881966903428,0.9690447984358134,0.052411292667388615,True,262144
100.0,kappa_prime,-2.8500000000000005,0.019038092319513113,0.9690447984358134,0.052411292667388615,True,262144
100.0,kappa_prime,-2.5500000000000007,0.022475795776018045,0.9690447984358134,0.052411292667388615,True,262144
100.0,kappa_prime,-2.25,0.025194323063207937,0.9690447984358134,0.052411292667388615,True,262144
100.0,kappa_prime,-1.9500000000000002,0.03178759562100526,0.9690447984358134,0.052411292667388615,True,262144
100.0,kappa_prime,-1.6500000000000004,0.038270057743697,0.9690447984358134,0.052411292667388615,True,262144
100.0,kappa_prime,-1.3500000000000005,0.048988667377918,0.9690447984358134,0.052411292667388615,True,262144
100.0,kappa_prime,-1.0500000000000007,0.06809136025946168,0.9690447984358134,0.052411292667388615,True,262144
100.0,kappa_prime,-0.7500000000000009,0.10614144320879289,0.9690447984358134,0.052411292667388615,True,262144
100.0,kappa_prime,-0.45000000000000107,0.20284845119551334,0.9690447984358134,0.052411292667388615,True,262144
100.0,kappa_prime,-0.15000000000000036,0.8656805406656335,0.9690447984358134,0.052411292667388615,True,262144
100.0,kappa_prime,0.14999999999999947,0.8631645278813125,0.9690447984358134,0.052411292667388615,True,262144
100.0,kappa_prime,0.4499999999999993,0.2021385280949266,0.9690447984358134,0.052411292667388615,True,262144
100.0,kappa_prime,0.7499999999999991,0.104459700666759,0.9690447984358134,0.052411292667388615,True,262144
100.0,kappa_prime,1.049999999999999,0.06897932373157191,0.9690447984358134,0.052411292667388615,True,262144
100.0,kappa_prime,1.3499999999999996,0.04801816185119834,0.9690447984358134,0.052411292667388615,True,262144
100.0,kappa_prime,1.6500000000000004,0.04004132533965802,0.9690447984358134,0.052411292667388615,True,262144
100.0,kappa_prime,1.9499999999999993,0.03089170736917374,0.9690447984358134,0.052411292667388615,True,262144
100.0,kappa_prime,2.2499999999999982,0.025904122121373448,0.9690447984358134,0.052411292667388615,True,262144
100.0,kappa_prime,2.549999999999999,0.021470237929427163,0.9690447984358134,0.052411292667388615,True,262144
100.0,kappa_prime,2.8499999999999996,0.019578454482381023,0.9690447984358134,0.052411292667388615,True,262144
100.0,kappa_prime,3.1500000000000004,0.016082418016062847,0.9690447984358134,0.052411292667388615,True,262144
100.0,kappa_prime,3.4499999999999993,0.013782121169357979,0.9690447984358134,0.052411292667388615,True,262144
100.0,kappa_prime,3.7499999999999982,0.012375596777999973,0.9690447984358134,0.052411292667388615,True,262144
100.0,kappa_prime,4.049999999999999,0.011612295353549252,0.9690447984358134,0.052411292667388615,True,262144
100.0,kappa_prime,4.35,0.010354252111232769,0.9690447984358134,0.052411292667388615,True,262144
100.0,kappa_prime,4.65,0.008985857209684266,0.9690447984358134,0.052411292667388615,True,262144
100.0,kappa_prime,4.949999999999999,0.0087015270987702,0.9690447984358134,0.052411292667388615,True,262144
100.0,kappa_prime,5.249999999999998,0.00780728955542344,0.9690447984358134,0.052411292667388615,True,262144
100.0,kappa_prime,5.549999999999999,0.007164175042459792,0.9690447984358134,0.052411292667388615,True,262144
100.0,kappa_prime,5.85,0.006241384545474401,0.9690447984358134,0.052411292667388615,True,262144
100.0,kappa_prime,6.15,0.005462576543942183,0.9690447984358134,0.052411292667388615,True,262144
100.0,kappa_prime,6.449999999999999,0.005588275525341643,0.9690447984358134,0.052411292667388615,True,262144
100.0,kappa_prime,6.749999999999998,0.005159720036535562,0.9690447984358134,0.052411292667388615,True,262144
100.0,kappa_prime,7.049999999999999,0.00456116648959067,0.9690447984358134,0.052411292667388615,True,262144
100.0,kappa_prime,7.35,0.004667888622534245,0.9690447984358134,0.052411292667388615,True,262144
100.0,kappa_prime,7.65,0.004408336388174925,0.9690447984358134,0.052411292667388615,True,262144
100.0,kappa_prime,7.949999999999999,0.0039840577088840505,0.9690447984358134,0.052411292667388615,True,262144
100.0,kappa_prime,8.249999999999998,0.00352390434415117,0.9690447984358134,0.052411292667388615,True,262144
100.0,kappa_prime,8.549999999999999,0.003687015085557877,0.9690447984358134,0.052411292667388615,True,262144
100.0,kappa_prime,8.85,0.0030315550407084683,0.9690447984358134,0.052411292667388615,True,262144
100.0,kappa_prime,9.15,0.003150691198784634,0.9690447984358134,0.052411292667388615,True,262144
100.0,kappa_prime,9.45,0.0029391364332007055,0.9690447984358134,0.052411292667388615,True,262144
100.0,kappa_prime,9.749999999999998,0.00264263622714955,0.9690447984358134,0.052411292667388615,True,262144
100.0,kappa_prime,10.049999999999999,0.0024135324532016476,0.9690447984358134,0.052411292667388615,True,262144
100.0,kappa_prime,10.35,0.0023216975997853236,0.9690447984358134,0.052411292667388615,True,262144
100.0,kappa_prime,10.65,0.002548471226867237,0.9690447984358134,0.052411292667388615,True,262144
100.0,kappa_prime,10.95,0.0021394920313761736,0.9690447984358134,0.052411292667388615,True,262144
100.0,kappa_prime,11.249999999999998,0.0019702953218553847,0.9690447984358134,0.052411292667388615,True,262144
100.0,kappa_prime,11.549999999999999,0.0021285440601772057,0.9690447984358134,0.052411292667388615,True,262144
100.0,kappa_prime,11.85,0.0017232407445990647,0.9690447984358134,0.052411292667388615,True,262144
100.0,kappa_prime,12.15,0.0016876264468896971,0.9690447984358134,0.052411292667388615,True,262144
100.0,kappa_prime,12.45,0.0015657600285572545,0.9690447984358134,0.052411292667388615,True,262144
100.0,kappa_prime,12.749999999999998,0.0017976856005671997,0.9690447984358134,0.052411292667388615,True,262144
100.0,kappa_prime,13.049999999999999,0.001620927514282982,0.9690447984358134,0.052411292667388615,True,262144
100.0,kappa_prime,13.35,0.0014313751211275363,0.9690447984358134,0.052411292667388615,True,262144
100.0,kappa_prime,13.649999999999999,0.0014452681735414186,0.9690447984358134,0.052411292667388615,True,262144
100.0,kappa_prime,13.949999999999998,0.0014553742222805932,0.9690447984358134,0.052411292667388615,True,262144
100.0,kappa_prime,14.249999999999998,0.0013119782384287436,0.9690447984358134,0.052411292667388615,True,262144
100.0,kappa_prime,14.549999999999999,0.0013694917614258141,0.9690447984358134,0.052411292667388615,True,262144
100.0,kappa_prime,14.85,0.0013347575306216198,0.9690447984358134,0.052411292667388615,True,262144
0.0,kappa_tau,-4.95,0.0008751999431629064,0.9968192182159457,0.052411292667388615,True,262144
0.0,kappa_tau,-4.85,0.00070444458484007,0.9968192182159457,0.052411292667388615,True,262144
0.0,kappa_tau,-4.75,0.0007739762292225134,0.9968192182159457,0.052411292667388615,True,262144
0.0,kappa_tau,-4.65,0.0010930277538854876,0.9968192182159457,0.052411292667388615,True,262144
0.0,kappa_tau,-4.55,0.0012772170466493434,0.9968192182159457,0.052411292667388615,True,262144
0.0,kappa_tau,-4.45,0.0012950759115421928,0.9968192182159457,0.052411292667388615,True,262144
0.0,kappa_tau,-4.35,0.001499324382196828,0.9968192182159457,0.052411292667388615,True,262144
0.0,kappa_tau,-4.25,0.001637277266959594,0.9968192182159457,0.052411292667388615,True,262144
0.0,kappa_tau,-4.15,0.0015028660073231523,0.9968192182159457,0.052411292667388615,True,262144
0.0,kappa_tau,-4.05,0.0014708020167336967,0.9968192182159457,0.052411292667388615,True,262144
0.0,kappa_tau,-3.95,0.001648619738426928,0.9968192182159457,0.052411292667388615,True,262144
0.0,kappa_tau,-3.8499999999999996,0.001665880670370075,0.9968192182159457,0.052411292667388615,True,262144
0.0,kappa_tau,-3.75,0.00219533848709304,0.9968192182159457,0.052411292667388615,True,262144
0.0,kappa_tau,-3.65,0.0023472744855609112,0.9968192182159457,0.052411292667388615,True,262144
0.0,kappa_tau,-3.55,0.002344080600310588,0.9968192182159457,0.052411292667388615,True,262144
0.0,kappa_tau,-3.45,0.0026141025588678657,0.9968192182159457,0.052411292667388615,True,262144
0.0,kappa_tau,-3.3499999999999996,0.003397661604995643,0.9968192182159457,0.052411292667388615,True,262144
0.0,kappa_tau,-3.25,0.003189027853737251,0.9968192182159457,0.052411292667388615,True,262144
0.0,kappa_tau,-3.15,0.0037193299551065233,0.9968192182159457,0.052411292667388615,True,262144
0.0,kappa_tau,-3.05,0.0044288338653332105,0.9968192182159457,0.052411292667388615,True,262144
0.0,kappa_tau,-2.95,0.004757363898948606,0.9968192182159457,0.052411292667388615,True,262144
0.0,kappa_tau,-2.8499999999999996,0.004884741706522746,0.9968192182159457,0.052411292667388615,True,262144
0.0,kappa_tau,-2.75,0.005884080427944206,0.9968192182159457,0.052411292667388615,True,262144
0.0,kappa_tau,-2.6499999999999995,0.0059360895221326065,0.9968192182159457,0.052411292667388615,True,262144
0.0,kappa_tau,-2.55,0.007339107881650693,0.9968192182159457,0.052411292667388615,True,262144
0.0,kappa_tau,-2.45,0.008240457134721435,0.9968192182159457,0.052411292667388615,True,262144
0.0,kappa_tau,-2.3499999999999996,0.009239419397081769,0.9968192182159457,0.052411292667388615,True,262144
0.0,kappa_tau,-2.25,0.010581084391771032,0.9968192182159457,0.052411292667388615,True,262144
0.0,kappa_tau,-2.1499999999999995,0.011953665222398862,0.9968192182159457,0.052411292667388615,True,262144
0.0,kappa_tau,-2.05,0.014049733203430516,0.9968192182159457,0.052411292667388615,True,262144
0.0,kappa_tau,-1.95,0.015485270474830483,0.9968192182159457,0.052411292667388615,True,262144
0.0,kappa_tau,-1.8499999999999999,0.018248365789358328,0.9968192182159457,0.052411292667388615,True,262144
0.0,kappa_tau,-1.7499999999999998,0.021470212852179565,0.9968192182159457,0.052411292667388615,True,262144
0.0,kappa_tau,-1.6499999999999997,0.02618239820863929,0.9968192182159457,0.052411292667388615,True,262144
0.0,kappa_tau,-1.5499999999999998,0.028334978322116126,0.9968192182159457,0.052411292667388615,True,262144
0.0,kappa_tau,-1.45,0.034792317357725075,0.9968192182159457,0.052411292667388615,True,262144
0.0,kappa_tau,-1.3499999999999999,0.041609548258921804,0.9968192182159457,0.052411292667388615,True,262144
0.0,kappa_tau,-1.2499999999999998,0.050650049523264865,0.9968192182159457,0.052411292667388615,True,262144
0.0,kappa_tau,-1.1499999999999997,0.05982042455518519,0.9968192182159457,0.052411292667388615,True,262144
0.0,kappa_tau,-1.0499999999999998,0.0763384756527702,0.9968192182159457,0.052411292667388615,True,262144
0.0,kappa_tau,-0.9499999999999997,0.09176717866836841,0.9968192182159457,0.052411292667388615,True,262144
0.0,kappa_tau,-0.8499999999999996,0.11992543260813068,0.9968192182159457,0.052411292667388615,True,262144
0.0,kappa_tau,-0.75,0.16389616934564785,0.9968192182159457,0.052411292667388615,True,262144
0.0,kappa_tau,-0.6499999999999999,0.20004142747685755,0.9968192182159457,0.052411292667388615,True,262144
0.0,kappa_tau,-0.5499999999999998,0.26529905760705275,0.9968192182159457,0.052411292667388615,True,262144
0.0,kappa_tau,-0.44999999999999973,0.3604523365669417,0.9968192182159457,0.052411292667388615,True,262144
0.0,kappa_tau,-0.34999999999999964,0.4920566297936756,0.9968192182159457,0.052411292667388615,True,262144
0.0,kappa_tau,-0.24999999999999956,0.6737699869099824,0.9968192182159457,0.052411292667388615,True,262144
0.0,kappa_tau,-0.14999999999999947,0.9397536800534646,0.9968192182159457,0.052411292667388615,True,262144
0.0,kappa_tau,-0.04999999999999982,1.1828455764046337,0.9968192182159457,0.052411292667388615,True,262144
0.0,kappa_tau,0.050000000000000266,1.1658240669937479,0.9968192182159457,0.052411292667388615,True,262144
0.0,kappa_tau,0.15000000000000036,0.931141599939101,0.9968192182159457,0.052411292667388615,True,262144
0.0,kappa_tau,0.25000000000000044,0.6958162924078952,0.9968192182159457,0.052411292667388615,True,262144
0.0,kappa_tau,0.35000000000000053,0.5062486257685734,0.9968192182159457,0.052411292667388615,True,262144
0.0,kappa_tau,0.4500000000000002,0.3578033044715294,0.9968192182159457,0.052411292667388615,True,262144
0.0,kappa_tau,0.5500000000000003,0.26507986559007135,0.9968192182159457,0.052411292667388615,True,262144
0.0,kappa_tau,0.6500000000000004,0.19615587693887723,0.9968192182159457,0.052411292667388615,True,262144
0.0,kappa_tau,0.7500000000000004,0.1534773424449399,0.9968192182159457,0.052411292667388615,True,262144
0.0,kappa_tau,0.8500000000000005,0.11856768202356746,0.9968192182159457,0.052411292667388615,True,262144
0.0,kappa_tau,0.9500000000000002,0.09680815511395602,0.9968192182159457,0.052411292667388615,True,262144
0.0,kappa_tau,1.0500000000000003,0.07867439232758218,0.9968192182159457,0.052411292667388615,True,262144
0.0,kappa_tau,1.1500000000000004,0.061561640429537344,0.9968192182159457,0.052411292667388615,True,262144
0.0,kappa_tau,1.2500000000000004,0.04978837957016899,0.9968192182159457,0.052411292667388615,True,262144
0.0,kappa_tau,1.3500000000000005,0.043111938856134034,0.9968192182159457,0.052411292667388615,True,262144
0.0,kappa_tau,1.4500000000000002,0.03378013506806153,0.9968192182159457,0.052411292667388615,True,262144
0.0,kappa_tau,1.5500000000000003,0.028746039896045825,0.9968192182159457,0.052411292667388615,True,262144
0.0,kappa_tau,1.6500000000000004,0.024658381645862537,0.9968192182159457,0.052411292667388615,True,262144
0.0,kappa_tau,1.7500000000000004,0.020610195086858962,0.9968192182159457,0.052411292667388615,True,262144
0.0,kappa_tau,1.8500000000000005,0.018994898204834708,0.9968192182159457,0.052411292667388615,True,262144
0.0,kappa_tau,1.9500000000000002,0.014901228628936976,0.9968192182159457,0.052411292667388615,True,262144
0.0,kappa_tau,2.0500000000000003,0.013854688036731254,0.9968192182159457,0.052411292667388615,True,262144
0.0,kappa_tau,2.1500000000000004,0.011489253605434749,0.9968192182159457,0.052411292667388615,True,262144
0.0,kappa_tau,2.2500000000000004,0.009982773169020829,0.9968192182159457,0.052411292667388615,True,262144
0.0,kappa_tau,2.3500000000000005,0.009109169978209585,0.9968192182159457,0.052411292667388615,True,262144
0.0,kappa_tau,2.45,0.007430711902719218,0.9968192182159457,0.052411292667388615,True,262144
0.0,kappa_tau,2.5500000000000003,0.007220008227353648,0.9968192182159457,0.052411292667388615,True,262144
0.0,kappa_tau,2.6500000000000004,0.006544893401329148,0.9968192182159457,0.052411292667388615,True,262144
0.0,kappa_tau,2.7500000000000004,0.006051585042914382,0.9968192182159457,0.052411292667388615,True,262144
0.0,kappa_tau,2.8500000000000005,0.005217947265206574,0.9968192182159457,0.052411292667388615,True,262144
0.0,kappa_tau,2.95,0.004921978658802031,0.9968192182159457,0.052411292667388615,True,262144
0.0,kappa_tau,3.05,0.004317311865583394,0.9968192182159457,0.052411292667388615,True,262144
0.0,kappa_tau,3.1500000000000004,0.0037926384324316843,0.9968192182159457,0.052411292667388615,True,262144
0.0,kappa_tau,3.250000000000001,0.0028707304446637435,0.9968192182159457,0.052411292667388615,True,262144
0.0,kappa_tau,3.3500000000000005,0.0032428878016370483,0.9968192182159457,0.052411292667388615,True,262144
0.0,kappa_tau,3.45,0.0028032682152260313,0.9968192182159457,0.052411292667388615,True,262144
0.0,kappa_tau,3.55,0.00213469634511273,0.9968192182159457,0.052411292667388615,True,262144
0.0,kappa_tau,3.6500000000000004,0.002057176181213253,0.9968192182159457,0.052411292667388615,True,262144
0.0,kappa_tau,3.750000000000001,0.0021868186884340204,0.9968192182159457,0.052411292667388615,True,262144
0.0,kappa_tau,3.8500000000000005,0.0021369253898409764,0.9968192182159457,0.052411292667388615,True,262144
0.0,kappa_tau,3.95,0.0018132322525008732,0.9968192182159457,0.052411292667388615,True,262144
0.0,kappa_tau,4.05,0.0014813663322921053,0.9968192182159457,0.052411292667388615,True,262144
0.0,kappa_tau,4.15,0.001344964875543415,0.9968192182159457,0.052411292667388615,True,262144
0.0,kappa_tau,4.250000000000001,0.0015025553122700321,0.9968192182159457,0.052411292667388615,True,262144
0.0,kappa_tau,4.3500000000000005,0.0013514263007490044,0.9968192182159457,0.052411292667388615,True,262144
0.0,kappa_tau,4.45,0.0012129932955486516,0.9968192182159457,0.052411292667388615,True,262144
0.0,kappa_tau,4.550000000000001,0.0010421914201323836,0.9968192182159457,0.052411292667388615,True,262144
0.0,kappa_tau,4.650000000000001,0.0012223237603708067,0.9968192182159457,0.052411292667388615,True,262144
0.0,kappa_tau,4.750000000000001,0.0009597245472661916,0.9968192182159457,0.052411292667388615,True,262144
0.0,kappa_tau,4.8500000000000005,0.0009726707662941556,0.9968192182159457,0.052411292667388615,True,262144
0.0,kappa_tau,4.95,0.0008886090596771123,0.9968192182159457,0.052411292667388615,True,262144
1.0,kappa_tau,-4.95,0.0008458556720534433,0.9967461158043655,0.052411292667388615,True,262144
1.0,kappa_tau,-4.85,0.0010230076648082341,0.9967461158043655,0.052411292667388615,True,262144
1.0,kappa_tau,-4.75,0.0012411601561715098,0.9967461158043655,0.052411292667388615,True,262144
1.0,kappa_tau,-4.65,0.0009784824654612892,0.9967461158043655,0.052411292667388615,True,262144
1.0,kappa_tau,-4.55,0.0010439273937303982,0.9967461158043655,0.052411292667388615,True,262144
1.0,kappa_tau,-4.45,0.001410780239481971,0.9967461158043655,0.052411292667388615,True,262144
1.0,kappa_tau,-4.35,0.0014148940736808811,0.9967461158043655,0.052411292667388615,True,262144
1.0,kappa_tau,-4.25,0.0014909274174632256,0.9967461158043655,0.052411292667388615,True,262144
1.0,kappa_tau,-4.15,0.0013592600203470656,0.9967461158043655,0.052411292667388615,True,262144
1.0,kappa_tau,-4.05,0.0014968661501650153,0.9967461158043655,0.052411292667388615,True,262144
1.0,kappa_tau,-3.95,0.0018168276952243208,0.9967461158043655,0.052411292667388615,True,262144
1.0,kappa_tau,-3.8499999999999996,0.0018574631772245943,0.9967461158043655,0.052411292667388615,True,262144
1.0,kappa_tau,-3.75,0.001958433660323308,0.9967461158043655,0.052411292667388615,True,262144
1.0,kappa_tau,-3.65,0.0022426994048752222,0.9967461158043655,0.052411292667388615,True,262144
1.0,kappa_tau,-3.55,0.0027256088517905157,0.9967461158043655,0.052411292667388615,True,262144
1.0,kappa_tau,-3.45,0.002977591983441623,0.9967461158043655,0.052411292667388615,True,262144
1.0,kappa_tau,-3.3499999999999996,0.002960534221497757,0.9967461158043655,0.052411292667388615,True,262144
1.0,kappa_tau,-3.25,0.003835980189198791,0.9967461158043655,0.052411292667388615,True,262144
1.0,kappa_tau,-3.15,0.003684670185097245,0.9967461158043655,0.052411292667388615,True,262144
1.0,kappa_tau,-3.05,0.0038313447254047137,0.9967461158043655,0.052411292667388615,True,262144
1.0,kappa_tau,-2.95,0.004518653834170657,0.9967461158043655,0.052411292667388615,True,262144
1.0,kappa_tau,-2.8499999999999996,0.005473405120824669,0.9967461158043655,0.052411292667388615,True,262144
1.0,kappa_tau,-2.75,0.005646568358932829,0.9967461158043655,0.052411292667388615,True,262144
1.0,kappa_tau,-2.6499999999999995,0.006112457984410982,0.9967461158043655,0.052411292667388615,True,262144
1.0,kappa_tau,-2.55,0.007143256356555308,0.9967461158043655,0.052411292667388615,True,262144
1.0,kappa_tau,-2.45,0.008419543279323692,0.9967461158043655,0.052411292667388615,True,262144
1.0,kappa_tau,-2.3499999999999996,0.009176900183410549,0.9967461158043655,0.052411292667388615,True,262144
1.0,kappa_tau,-2.25,0.01084833023765886,0.9967461158043655,0.052411292667388615,True,262144
1.0,kappa_tau,-2.1499999999999995,0.01157894706876463,0.9967461158043655,0.052411292667388615,True,262144
1.0,kappa_tau,-2.05,0.013661760706597505,0.9967461158043655,0.052411292667388615,True,262144
1.0,kappa_tau,-1.95,0.015108181278568283,0.9967461158043655,0.052411292667388615,True,262144
1.0,kappa_tau,-1.8499999999999999,0.01840636998495638,0.9967461158043655,0.052411292667388615,True,262144
1.0,kappa_tau,-1.7499999999999998,0.0218627893817628,0.9967461158043655,0.052411292667388615,True,262144
1.0,kappa_tau,-1.6499999999999997,0.023603467541854547,0.9967461158043655,0.052411292667388615,True,262144
1.0,kappa_tau,-1.5499999999999998,0.029411182703534527,0.9967461158043655,0.052411292667388615,True,262144
1.0,kappa_tau,-1.45,0.03388745124859764,0.9967461158043655,0.052411292667388615,True,262144
1.0,kappa_tau,-1.3499999999999999,0.03970591006722067,0.9967461158043655,0.052411292667388615,True,262144
1.0,kappa_tau,-1.2499999999999998,0.04920738289292389,0.9967461158043655,0.052411292667388615,True,262144
1.0,kappa_tau,-1.1499999999999997,0.059144079736722914,0.9967461158043655,0.052411292667388615,True,262144
1.0,kappa_tau,-1.0499999999999998,0.07454859210213036,0.9967461158043655,0.052411292667388615,True,262144
1.0,kappa_tau,-0.9499999999999997,0.08897184271674904,0.9967461158043655,0.052411292667388615,True,262144
1.0,kappa_tau,-0.8499999999999996,0.11835994700987856,0.9967461158043655,0.052411292667388615,True,262144
1.0,kappa_tau,-0.75,0.15243672541530318,0.9967461158043655,0.052411292667388615,True,262144
1.0,kappa_tau,-0.6499999999999999,0.19675209414214456,0.9967461158043655,0.052411292667388615,True,262144
1.0,kappa_tau,-0.5499999999999998,0.2559236408743325,0.9967461158043655,0.052411292667388615,True,262144
1.0,kappa_tau,-0.44999999999999973,0.3442203440144391,0.9967461158043655,0.052411292667388615,True,262144
1.0,kappa_tau,-0.34999999999999964,0.4762814900535528,0.9967461158043655,0.052411292667388615,True,262144
1.0,kappa_tau,-0.24999999999999956,0.6653960893037874,0.9967461158043655,0.052411292667388615,True,262144
1.0,kappa_tau,-0.14999999999999947,0.9542513847257298,0.9967461158043655,0.052411292667388615,True,262144
1.0,kappa_tau,-0.04999999999999982,1.2437952969707782,0.9967461158043655,0.052411292667388615,True,262144
1.0,kappa_tau,0.050000000000000266,1.2296617560961036,0.9967461158043655,0.052411292667388615,True,262144
1.0,kappa_tau,0.15000000000000036,0.948480863974636,0.9967461158043655,0.052411292667388615,True,262144
1.0,kappa_tau,0.25000000000000044,0.682713475098996,0.9967461158043655,0.052411292667388615,True,262144
1.0,kappa_tau,0.35000000000000053,0.4871620486332897,0.9967461158043655,0.052411292667388615,True,262144
1.0,kappa_tau,0.4500000000000002,0.3475971339280708,0.9967461158043655,0.052411292667388615,True,262144
1.0,kappa_tau,0.5500000000000003,0.25687936360513713,0.9967461158043655,0.052411292667388615,True,262144
1.0,kappa_tau,0.6500000000000004,0.1915360782597571,0.9967461158043655,0.052411292667388615,True,262144
1.0,kappa_tau,0.7500000000000004,0.14379073558941124,0.9967461158043655,0.052411292667388615,True,262144
1.0,kappa_tau,0.8500000000000005,0.11493648863961284,0.9967461158043655,0.052411292667388615,True,262144
1.0,kappa_tau,0.9500000000000002,0.09444910569650575,0.9967461158043655,0.052411292667388615,True,262144
1.0,kappa_tau,1.0500000000000003,0.07301914414732795,0.9967461158043655,0.052411292667388615,True,262144
1.0,kappa_tau,1.1500000000000004,0.061127546822546716,0.9967461158043655,0.052411292667388615,True,262144
1.0,kappa_tau,1.2500000000000004,0.04986899501206904,0.9967461158043655,0.052411292667388615,True,262144
1.0,kappa_tau,1.3500000000000005,0.04176560113545347,0.9967461158043655,0.052411292667388615,True,262144
1.0,kappa_tau,1.4500000000000002,0.03405844220183863,0.9967461158043655,0.052411292667388615,True,262144
1.0,kappa_tau,1.5500000000000003,0.02785634325300491,0.9967461158043655,0.052411292667388615,True,262144
1.0,kappa_tau,1.6500000000000004,0.022477858354384893,0.9967461158043655,0.052411292667388615,True,262144
1.0,kappa_tau,1.7500000000000004,0.021276923962029147,0.9967461158043655,0.052411292667388615,True,262144
1.0,kappa_tau,1.8500000000000005,0.018548678444466702,0.9967461158043655,0.052411292667388615,True,262144
1.0,kappa_tau,1.9500000000000002,0.015808504741598367,0.9967461158043655,0.052411292667388615,True,262144
1.0,kappa_tau,2.0500000000000003,0.013353851565481656,0.9967461158043655,0.052411292667388615,True,262144
1.0,kappa_tau,2.1500000000000004,0.010892996735388849,0.9967461158043655,0.052411292667388615,True,262144
1.0,kappa_tau,2.2500000000000004,0.009842748448202793,0.9967461158043655,0.052411292667388615,True,262144
1.0,kappa_tau,2.3500000000000005,0.008789330180144132,0.9967461158043655,0.052411292667388615,True,262144
1.0,kappa_tau,2.45,0.008076946539172321,0.9967461158043655,0.052411292667388615,True,262144
1.0,kappa_tau,2.5500000000000003,0.007012956700040909,0.9967461158043655,0.052411292667388615,True,262144
1.0,kappa_tau,2.6500000000000004,0.006556949585761442,0.9967461158043655,0.052411292667388615,True,262144
1.0,kappa_tau,2.7500000000000004,0.006178205619084608,0.9967461158043655,0.052411292667388615,True,262144
1.0,kappa_tau,2.8500000000000005,0.0053957498354326614,0.9967461158043655,0.052411292667388615,True,262144
1.0,kappa_tau,2.95,0.004495051126708435,0.9967461158043655,0.052411292667388615,True,262144
1.0,kappa_tau,3.05,0.004150321838353912,0.9967461158043655,0.052411292667388615,True,262144
1.0,kappa_tau,3.1500000000000004,0.003929352690717296,0.9967461158043655,0.052411292667388615,True,262144
1.0,kappa_tau,3.250000000000001,0.0036296911317084553,0.9967461158043655,0.052411292667388615,True,262144
1.0,kappa_tau,3.3500000000000005,0.0027308295583646793,0.9967461158043655,0.052411292667388615,True,262144
1.0,kappa_tau,3.45,0.0024929926735367315,0.9967461158043655,0.052411292667388615,True,262144
1.0,kappa_tau,3.55,0.002522424767998193,0.9967461158043655,0.052411292667388615,True,262144
1.0,kappa_tau,3.6500000000000004,0.0024506771161886894,0.9967461158043655,0.052411292667388615,True,262144
1.0,kappa_tau,3.750000000000001,0.002141650437836921,0.9967461158043655,0.052411292667388615,True,262144
1.0,kappa_tau,3.8500000000000005,0.0018523137250144102,0.9967461158043655,0.052411292667388615,True,262144
1.0,kappa_tau,3.95,0.0017718557588237316,0.9967461158043655,0.052411292667388615,True,262144
1.0,kappa_tau,4.05,0.0015036093241454144,0.9967461158043655,0.052411292667388615,True,262144
1.0,kappa_tau,4.15,0.0016648321440548193,0.9967461158043655,0.052411292667388615,True,262144
1.0,kappa_tau,4.250000000000001,0.0014448969824687945,0.9967461158043655,0.052411292667388615,True,262144
1.0,kappa_tau,4.3500000000000005,0.0013005088267506975,0.9967461158043655,0.052411292667388615,True,262144
1.0,kappa_tau,4.45,0.0011245563318182936,0.9967461158043655,0.052411292667388615,True,262144
1.0,kappa_tau,4.550000000000001,0.0011897648419869201,0.9967461158043655,0.052411292667388615,True,262144
1.0,kappa_tau,4.650000000000001,0.0011722939859043673,0.9967461158043655,0.052411292667388615,True,262144
1.0,kappa_tau,4.750000000000001,0.000962383064647334,0.9967461158043655,0.052411292667388615,True,262144
1.0,kappa_tau,4.8500000000000005,0.0008259981713048703,0.9967461158043655,0.052411292667388615,True,262144
1.0,kappa_tau,4.95,0.0009399300973135777,0.9967461158043655,0.052411292667388615,True,262144
10.0,kappa_tau,-4.95,0.0008637715889026051,0.9961774932410843,0.052411292667388615,True,262144
10.0,kappa_tau,-4.85,0.0012484530745496861,0.9961774932410843,0.052411292667388615,True,262144
10.0,kappa_tau,-4.75,0.0012154313416906067,0.9961774932410843,0.052411292667388615,True,262144
10.0,kappa_tau,-4.65,0.001188263661288839,0.9961774932410843,0.052411292667388615,True,262144
10.0,kappa_tau,-4.55,0.0012647834852578927,0.9961774932410843,0.052411292667388615,True,262144
10.0,kappa_tau,-4.45,0.0013386874702875085,0.9961774932410843,0.052411292667388615,True,262144
10.0,kappa_tau,-4.35,0.0013454056979410065,0.9961774932410843,0.052411292667388615,True,262144
10.0,kappa_tau,-4.25,0.0016255781291214882,0.9961774932410843,0.052411292667388615,True,262144
10.0,kappa_tau,-4.15,0.0016501279288423023,0.9961774932410843,0.052411292667388615,True,262144
10.0,kappa_tau,-4.05,0.0018978756415462944,0.9961774932410843,0.052411292667388615,True,262144
10.0,kappa_tau,-3.95,0.001942074079700078,0.9961774932410843,0.052411292667388615,True,262144
10.0,kappa_tau,-3.8499999999999996,0.002467557338892228,0.9961774932410843,0.052411292667388615,True,262144
10.0,kappa_tau,-3.75,0.002250443754640795,0.9961774932410843,0.052411292667388615,True,262144
10.0,kappa_tau,-3.65,0.002639021133077432,0.9961774932410843,0.052411292667388615,True,262144
10.0,kappa_tau,-3.55,0.003325851706813136,0.9961774932410843,0.052411292667388615,True,262144
10.0,kappa_tau,-3.45,0.002802980071763167,0.9961774932410843,0.052411292667388615,True,262144
10.0,kappa_tau,-3.3499999999999996,0.00334493251670021,0.9961774932410843,0.052411292667388615,True,262144
10.0,kappa_tau,-3.25,0.003990716930892147,0.9961774932410843,0.052411292667388615,True,262144
10.0,kappa_tau,-3.15,0.004274624534747603,0.9961774932410843,0.052411292667388615,True,262144
10.0,kappa_tau,-3.05,0.0046150077248371555,0.9961774932410843,0.052411292667388615,True,262144
10.0,kappa_tau,-2.95,0.005006070356633847,0.9961774932410843,0.052411292667388615,True,262144
10.0,kappa_tau,-2.8499999999999996,0.00607475247322037,0.9961774932410843,0.052411292667388615,True,262144
10.0,kappa_tau,-2.75,0.006323955249858468,0.9961774932410843,0.052411292667388615,True,262144
10.0,kappa_tau,-2.6499999999999995,0.0075134770449933955,0.9961774932410843,0.052411292667388615,True,262144
10.0,kappa_tau,-2.55,0.0078011310684400715,0.9961774932410843,0.052411292667388615,True,262144
10.0,kappa_tau,-2.45,0.00896105734104321,0.9961774932410843,0.052411292667388615,True,262144
10.0,kappa_tau,-2.3499999999999996,0.009752660466616214,0.9961774932410843,0.052411292667388615,True,262144
10.0,kappa_tau,-2.25,0.010992982836990774,0.9961774932410843,0.052411292667388615,True,262144
10.0,kappa_tau,-2.1499999999999995,0.013873463816022382,0.9961774932410843,0.052411292667388615,True,262144
10.0,kappa_tau,-2.05,0.014711789685487829,0.9961774932410843,0.052411292667388615,True,262144
10.0,kappa_tau,-1.95,0.017395652917155682,0.9961774932410843,0.052411292667388615,True,262144
10.0,kappa_tau,-1.8499999999999999,0.01994602911509541,0.9961774932410843,0.052411292667388615,True,262144
10.0,kappa_tau,-1.7499999999999998,0.02194931651430715,0.9961774932410843,0.052411292667388615,True,262144
10.0,kappa_tau,-1.6499999999999997,0.026553796388765805,0.9961774932410843,0.052411292667388615,True,262144
10.0,kappa_tau,-1.5499999999999998,0.029685364590593087,0.9961774932410843,0.052411292667388615,True,262144
10.0,kappa_tau,-1.45,0.03525931304445806,0.9961774932410843,0.052411292667388615,True,262144
10.0,kappa_tau,-1.3499999999999999,0.04219103435565804,0.9961774932410843,0.052411292667388615,True,262144
10.0,kappa_tau,-1.2499999999999998,0.05400435589405017,0.9961774932410843,0.052411292667388615,True,262144
10.0,kappa_tau,-1.1499999999999997,0.06543422171428068,0.9961774932410843,0.052411292667388615,True,262144
10.0,kappa_tau,-1.0499999999999998,0.0755322249904036,0.9961774932410843,0.052411292667388615,True,262144
10.0,kappa_tau,-0.9499999999999997,0.09425264941766187,0.9961774932410843,0.052411292667388615,True,262144
10.0,kappa_tau,-0.8499999999999996,0.12088667928889664,0.9961774932410843,0.052411292667388615,True,262144
10.0,kappa_tau,-0.75,0.1539869674514079,0.9961774932410843,0.052411292667388615,True,262144
10.0,kappa_tau,-0.6499999999999999,0.19184855942960555,0.9961774932410843,0.052411292667388615,True,262144
10.0,kappa_tau,-0.5499999999999998,0.2579853322351326,0.9961774932410843,0.052411292667388615,True,262144
10.0,kappa_tau,-0.44999999999999973,0.3456552176637492,0.9961774932410843,0.052411292667388615,True,262144
10.0,kappa_tau,-0.34999999999999964,0.4692565762630745,0.9961774932410843,0.052411292667388615,True,262144
10.0,kappa_tau,-0.24999999999999956,0.6544729558994243,0.9961774932410843,0.052411292667388615,True,262144
10.0,kappa_tau,-0.14999999999999947,0.9376182814376411,0.9961774932410843,0.052411292667388615,True,262144
10.0,kappa_tau,-0.04999999999999982,1.2308181023580966,0.9961774932410843,0.052411292667388615,True,262144
10.0,kappa_tau,0.050000000000000266,1.2227556174339271,0.9961774932410843,0.052411292667388615,True,262144
10.0,kappa_tau,0.15000000000000036,0.9322644063708825,0.9961774932410843,0.052411292667388615,True,262144
10.0,kappa_tau,0.25000000000000044,0.6720840963680103,0.9961774932410843,0.052411292667388615,True,262144
10.0,kappa_tau,0.35000000000000053,0.4704278267803835,0.9961774932410843,0.052411292667388615,True,262144
10.0,kappa_tau,0.4500000000000002,0.34945570102348095,0.9961774932410843,0.052411292667388615,True,262144
10.0,kappa_tau,0.5500000000000003,0.25394548843256926,0.9961774932410843,0.052411292667388615,True,262144
10.0,kappa_tau,0.6500000000000004,0.195291022769856,0.9961774932410843,0.052411292667388615,True,262144
10.0,kappa_tau,0.7500000000000004,0.14622255121352576,0.9961774932410843,0.052411292667388615,True,262144
10.0,kappa_tau,0.8500000000000005,0.11778595857130304,0.9961774932410843,0.052411292667388615,True,262144
10.0,kappa_tau,0.9500000000000002,0.09645577396622171,0.9961774932410843,0.052411292667388615,True,262144
10.0,kappa_tau,1.0500000000000003,0.07756587858308397,0.9961774932410843,0.052411292667388615,True,262144
10.0,kappa_tau,1.1500000000000004,0.06378369279918804,0.9961774932410843,0.052411292667388615,True,262144
10.0,kappa_tau,1.2500000000000004,0.0524679541640761,0.9961774932410843,0.052411292667388615,True,262144
10.0,kappa_tau,1.3500000000000005,0.044852093717127825,0.9961774932410843,0.052411292667388615,True,262144
10.0,kappa_tau,1.4500000000000002,0.03728923464259829,0.9961774932410843,0.052411292667388615,True,262144
10.0,kappa_tau,1.5500000000000003,0.03013676520675673,0.9961774932410843,0.052411292667388615,True,262144
10.0,kappa_tau,1.6500000000000004,0.0259895814183279,0.9961774932410843,0.052411292667388615,True,262144
10.0,kappa_tau,1.7500000000000004,0.021449880376504773,0.9961774932410843,0.052411292667388615,True,262144
10.0,kappa_tau,1.8500000000000005,0.01898398534638425,0.9961774932410843,0.052411292667388615,True,262144
10.0,kappa_tau,1.9500000000000002,0.017211625892540112,0.9961774932410843,0.052411292667388615,True,262144
10.0,kappa_tau,2.0500000000000003,0.015108016265765675,0.9961774932410843,0.052411292667388615,True,262144
10.0,kappa_tau,2.1500000000000004,0.012523350833058621,0.9961774932410843,0.052411292667388615,True,262144
10.0,kappa_tau,2.2500000000000004,0.011190558458414336,0.9961774932410843,0.052411292667388615,True,262144
10.0,kappa_tau,2.3500000000000005,0.009666221649258868,0.9961774932410843,0.052411292667388615,True,262144
10.0,kappa_tau,2.45,0.008545783265082008,0.9961774932410843,0.052411292667388615,True,262144
10.0,kappa_tau,2.5500000000000003,0.00748806889017432,0.9961774932410843,0.052411292667388615,True,262144
10.0,kappa_tau,2.6500000000000004,0.007351713948095978,0.9961774932410843,0.052411292667388615,True,262144
10.0,kappa_tau,2.7500000000000004,0.0061387774520793555,0.9961774932410843,0.052411292667388615,True,262144
10.0,kappa_tau,2.8500000000000005,0.0058494772628391,0.9961774932410843,0.052411292667388615,True,262144
10.0,kappa_tau,2.95,0.0054750482849447646,0.9961774932410843,0.052411292667388615,True,262144
10.0,kappa_tau,3.05,0.004467842986358916,0.9961774932410843,0.052411292667388615,True,262144
10.0,kappa_tau,3.1500000000000004,0.004079125665715474,0.9961774932410843,0.052411292667388615,True,262144
10.0,kappa_tau,3.250000000000001,0.003995641357241763,0.9961774932410843,0.052411292667388615,True,262144
10.0,kappa_tau,3.3500000000000005,0.004175770377679955,0.9961774932410843,0.052411292667388615,True,262144
10.0,kappa_tau,3.45,0.002786612776745285,0.9961774932410843,0.052411292667388615,True,262144
10.0,kappa_tau,3.55,0.0027496230261799476,0.9961774932410843,0.052411292667388615,True,262144
10.0,kappa_tau,3.6500000000000004,0.0026636440358855347,0.9961774932410843,0.052411292667388615,True,262144
10.0,kappa_tau,3.750000000000001,0.0022867179968165435,0.9961774932410843,0.052411292667388615,True,262144
10.0,kappa_tau,3.8500000000000005,0.0023705059381034527,0.9961774932410843,0.052411292667388615,True,262144
10.0,kappa_tau,3.95,0.0018983054414175452,0.9961774932410843,0.052411292667388615,True,262144
10.0,kappa_tau,4.05,0.0016011979780374576,0.9961774932410843,0.052411292667388615,True,262144
10.0,kappa_tau,4.15,0.0017122297178231093,0.9961774932410843,0.052411292667388615,True,262144
10.0,kappa_tau,4.250000000000001,0.0016173745889034618,0.9961774932410843,0.052411292667388615,True,262144
10.0,kappa_tau,4.3500000000000005,0.001394898093596673,0.9961774932410843,0.052411292667388615,True,262144
10.0,kappa_tau,4.45,0.001309647193550033,0.9961774932410843,0.052411292667388615,True,262144
10.0,kappa_tau,4.550000000000001,0.0013336960194526917,0.9961774932410843,0.052411292667388615,True,262144
10.0,kappa_tau,4.650000000000001,0.0013238140359465855,0.9961774932410843,0.052411292667388615,True,262144
10.0,kappa_tau,4.750000000000001,0.001292350421351081,0.9961774932410843,0.052411292667388615,True,262144
10.0,kappa_tau,4.8500000000000005,0.0009609487027526291,0.9961774932410843,0.052411292667388615,True,262144
10.0,kappa_tau,4.95,0.0009632755505661714,0.9961774932410843,0.052411292667388615,True,262144
24.0,kappa_tau,-4.95,0.0014082529619431456,0.994804728435798,0.052411292667388615,True,262144
24.0,kappa_tau,-4.85,0.001353075708636265,0.994804728435798,0.052411292667388615,True,262144
24.0,kappa_tau,-4.75,0.0012256434479585522,0.994804728435798,0.052411292667388615,True,262144
24.0,kappa_tau,-4.65,0.0015286089484454028,0.994804728435798,0.052411292667388615,True,262144
24.0,kappa_tau,-4.55,0.0015866190834722997,0.994804728435798,0.052411292667388615,True,262144
24.0,kappa_tau,-4.45,0.001622737086708356,0.994804728435798,0.052411292667388615,True,262144
24.0,kappa_tau,-4.35,0.0020151626074258783,0.994804728435798,0.052411292667388615,True,262144
24.0,kappa_tau,-4.25,0.0018113489125014292,0.994804728435798,0.052411292667388615,True,262144
24.0,kappa_tau,-4.15,0.0019983372653832256,0.994804728435798,0.052411292667388615,True,262144
24.0,kappa_tau,-4.05,0.0023265487001212764,0.994804728435798,0.052411292667388615,True,262144
24.0,kappa_tau,-3.95,0.002442646142943749,0.994804728435798,0.052411292667388615,True,262144
24.0,kappa_tau,-3.8499999999999996,0.002933296655937744,0.994804728435798,0.052411292667388615,True,262144
24.0,kappa_tau,-3.75,0.003090814541001647,0.994804728435798,0.052411292667388615,True,262144
24.0,kappa_tau,-3.65,0.0033151970164106547,0.994804728435798,0.052411292667388615,True,262144
24.0,kappa_tau,-3.55,0.003414902630418492,0.994804728435798,0.052411292667388615,True,262144
24.0,kappa_tau,-3.45,0.004003803382435133,0.994804728435798,0.052411292667388615,True,262144
24.0,kappa_tau,-3.3499999999999996,0.004147523899403891,0.994804728435798,0.052411292667388615,True,262144
24.0,kappa_tau,-3.25,0.004353412641678097,0.994804728435798,0.052411292667388615,True,262144
24.0,kappa_tau,-3.15,0.004548759365758034,0.994804728435798,0.052411292667388615,True,262144
24.0,kappa_tau,-3.05,0.005938757250280679,0.994804728435798,0.052411292667388615,True,262144
24.0,kappa_tau,-2.95,0.005653659144977988,0.994804728435798,0.052411292667388615,True,262144
24.0,kappa_tau,-2.8499999999999996,0.006797415020433768,0.994804728435798,0.052411292667388615,True,262144
24.0,kappa_tau,-2.75,0.0076726317162443694,0.994804728435798,0.052411292667388615,True,262144
24.0,kappa_tau,-2.6499999999999995,0.008271761797034746,0.994804728435798,0.052411292667388615,True,262144
24.0,kappa_tau,-2.55,0.008196275904717512,0.994804728435798,0.052411292667388615,True,262144
24.0,kappa_tau,-2.45,0.009990564440623479,0.994804728435798,0.052411292667388615,True,262144
24.0,kappa_tau,-2.3499999999999996,0.011123482139061535,0.994804728435798,0.052411292667388615,True,262144
24.0,kappa_tau,-2.25,0.012177182326221104,0.994804728435798,0.052411292667388615,True,262144
24.0,kappa_tau,-2.1499999999999995,0.013698240104749885,0.994804728435798,0.052411292667388615,True,262144
24.0,kappa_tau,-2.05,0.015842618245156675,0.994804728435798,0.052411292667388615,True,262144
24.0,kappa_tau,-1.95,0.01744501866043551,0.994804728435798,0.052411292667388615,True,262144
24.0,kappa_tau,-1.8499999999999999,0.02114195556248935,0.994804728435798,0.052411292667388615,True,262144
24.0,kappa_tau,-1.7499999999999998,0.023538089151269134,0.994804728435798,0.052411292667388615,True,262144
24.0,kappa_tau,-1.6499999999999997,0.02674212917472511,0.994804728435798,0.052411292667388615,True,262144
24.0,kappa_tau,-1.5499999999999998,0.030432193123309827,0.994804728435798,0.052411292667388615,True,262144
24.0,kappa_tau,-1.45,0.035328972393743906,0.994804728435798,0.052411292667388615,True,262144
24.0,kappa_tau,-1.3499999999999999,0.03964896323779048,0.994804728435798,0.052411292667388615,True,262144
24.0,kappa_tau,-1.2499999999999998,0.049294381771530504,0.994804728435798,0.052411292667388615,True,262144
24.0,kappa_tau,-1.1499999999999997,0.05753890805607953,0.994804728435798,0.052411292667388615,True,262144
24.0,kappa_tau,-1.0499999999999998,0.07032260354480686,0.994804728435798,0.052411292667388615,True,262144
24.0,kappa_tau,-0.9499999999999997,0.08510205495582386,0.994804728435798,0.052411292667388615,True,262144
24.0,kappa_tau,-0.8499999999999996,0.10597146653131197,0.994804728435798,0.052411292667388615,True,262144
24.0,kappa_tau,-0.75,0.12996567852135027,0.994804728435798,0.052411292667388615,True,262144
24.0,kappa_tau,-0.6499999999999999,0.16072360082626427,0.994804728435798,0.052411292667388615,True,262144
24.0,kappa_tau,-0.5499999999999998,0.2067757874992122,0.994804728435798,0.052411292667388615,True,262144
24.0,kappa_tau,-0.44999999999999973,0.28202149405744453,0.994804728435798,0.052411292667388615,True,262144
24.0,kappa_tau,-0.34999999999999964,0.3981167400693788,0.994804728435798,0.052411292667388615,True,262144
24.0,kappa_tau,-0.24999999999999956,0.5859811283417308,0.994804728435798,0.052411292667388615,True,262144
24.0,kappa_tau,-0.14999999999999947,0.9376619242048495,0.994804728435798,0.052411292667388615,True,262144
24.0,kappa_tau,-0.04999999999999982,1.5492763394971432,0.994804728435798,0.052411292667388615,True,262144
24.0,kappa_tau,0.050000000000000266,1.5462178723363247,0.994804728435798,0.052411292667388615,True,262144
24.0,kappa_tau,0.15000000000000036,0.9619296564222971,0.994804728435798,0.052411292667388615,True,262144
24.0,kappa_tau,0.25000000000000044,0.5852798558541268,0.994804728435798,0.052411292667388615,True,262144
24.0,kappa_tau,0.35000000000000053,0.39340988658455983,0.994804728435798,0.052411292667388615,True,262144
24.0,kappa_tau,0.4500000000000002,0.2819236715122444,0.994804728435798,0.052411292667388615,True,262144
24.0,kappa_tau,0.5500000000000003,0.21125227599389887,0.994804728435798,0.052411292667388615,True,262144
24.0,kappa_tau,0.6500000000000004,0.16178199793974823,0.994804728435798,0.052411292667388615,True,262144
24.0,kappa_tau,0.7500000000000004,0.1268491604333962,0.994804728435798,0.052411292667388615,True,262144
24.0,kappa_tau,0.8500000000000005,0.10467045564854667,0.994804728435798,0.052411292667388615,True,262144
24.0,kappa_tau,0.9500000000000002,0.08323581870299687,0.994804728435798,0.052411292667388615,True,262144
24.0,kappa_tau,1.0500000000000003,0.06977510213717815,0.994804728435798,0.052411292667388615,True,262144
24.0,kappa_tau,1.1500000000000004,0.05733025592170863,0.994804728435798,0.052411292667388615,True,262144
24.0,kappa_tau,1.2500000000000004,0.04820569145688257,0.994804728435798,0.052411292667388615,True,262144
24.0,kappa_tau,1.3500000000000005,0.04133289790900792,0.994804728435798,0.052411292667388615,True,262144
24.0,kappa_tau,1.4500000000000002,0.03550585040646462,0.994804728435798,0.052411292667388615,True,262144
24.0,kappa_tau,1.5500000000000003,0.03196867593974396,0.994804728435798,0.052411292667388615,True,262144
24.0,kappa_tau,1.6500000000000004,0.02587175960671617,0.994804728435798,0.052411292667388615,True,262144
24.0,kappa_tau,1.7500000000000004,0.023222936866254346,0.994804728435798,0.052411292667388615,True,262144
24.0,kappa_tau,1.8500000000000005,0.019228695588223557,0.994804728435798,0.052411292667388615,True,262144
24.0,kappa_tau,1.9500000000000002,0.016983956650190507,0.994804728435798,0.052411292667388615,True,262144
24.0,kappa_tau,2.0500000000000003,0.016521856998444804,0.994804728435798,0.052411292667388615,True,262144
24.0,kappa_tau,2.1500000000000004,0.013572067491553676,0.994804728435798,0.052411292667388615,True,262144
24.0,kappa_tau,2.2500000000000004,0.012933320153572538,0.994804728435798,0.052411292667388615,True,262144
24.0,kappa_tau,2.3500000000000005,0.010802599873589745,0.994804728435798,0.052411292667388615,True,262144
24.0,kappa_tau,2.45,0.009987239159988297,0.994804728435798,0.052411292667388615,True,262144
24.0,kappa_tau,2.5500000000000003,0.008202604831112643,0.994804728435798,0.052411292667388615,True,262144
24.0,kappa_tau,2.6500000000000004,0.008455167213676527,0.994804728435798,0.052411292667388615,True,262144
24.0,kappa_tau,2.7500000000000004,0.0076090717003019625,0.994804728435798,0.052411292667388615,True,262144
24.0,kappa_tau,2.8500000000000005,0.006058299720359478,0.994804728435798,0.052411292667388615,True,262144
24.0,kappa_tau,2.95,0.006021115744981489,0.994804728435798,0.052411292667388615,True,262144
24.0,kappa_tau,3.05,0.005648132648115299,0.994804728435798,0.052411292667388615,True,262144
24.0,kappa_tau,3.1500000000000004,0.004796103508279621,0.994804728435798,0.052411292667388615,True,262144
24.0,kappa_tau,3.250000000000001,0.0044296875823236475,0.994804728435798,0.052411292667388615,True,262144
24.0,kappa_tau,3.3500000000000005,0.0038730538476597696,0.994804728435798,0.052411292667388615,True,262144
24.0,kappa_tau,3.45,0.004233924030302656,0.994804728435798,0.052411292667388615,True,262144
24.0,kappa_tau,3.55,0.003183242077397517,0.994804728435798,0.052411292667388615,True,262144
24.0,kappa_tau,3.6500000000000004,0.003046617469446625,0.994804728435798,0.052411292667388615,True,262144
24.0,kappa_tau,3.750000000000001,0.0028229435946016276,0.994804728435798,0.052411292667388615,True,262144
24.0,kappa_tau,3.8500000000000005,0.002467042640265353,0.994804728435798,0.052411292667388615,True,262144
24.0,kappa_tau,3.95,0.0024035463669062366,0.994804728435798,0.052411292667388615,True,262144
24.0,kappa_tau,4.05,0.002349709209561308,0.994804728435798,0.052411292667388615,True,262144
24.0,kappa_tau,4.15,0.002261132593179577,0.994804728435798,0.052411292667388615,True,262144
24.0,kappa_tau,4.250000000000001,0.0019395462466018898,0.994804728435798,0.052411292667388615,True,262144
24.0,kappa_tau,4.3500000000000005,0.0019634307549533897,0.994804728435798,0.052411292667388615,True,262144
24.0,kappa_tau,4.45,0.0017694990481624611,0.994804728435798,0.052411292667388615,True,262144
24.0,kappa_tau,4.550000000000001,0.0017550434145305412,0.994804728435798,0.052411292667388615,True,262144
24.0,kappa_tau,4.650000000000001,0.001707000664462858,0.994804728435798,0.052411292667388615,True,262144
24.0,kappa_tau,4.750000000000001,0.0012974797927220966,0.994804728435798,0.052411292667388615,True,262144
24.0,kappa_tau,4.8500000000000005,0.0012178345804817802,0.994804728435798,0.052411292667388615,True,262144
24.0,kappa_tau,4.95,0.0012237892211604607,0.994804728435798,0.052411292667388615,True,262144
40.0,kappa_tau,-4.95,0.001585474034104459,0.9928273332541746,0.052411292667388615,True,262144
40.0,kappa_tau,-4.85,0.0016692656619784378,0.9928273332541746,0.052411292667388615,True,262144
40.0,kappa_tau,-4.75,0.0017135959938207217,0.9928273332541746,0.052411292667388615,True,262144
40.0,kappa_tau,-4.65,0.00207294306118865,0.9928273332541746,0.052411292667388615,True,262144
40.0,kappa_tau,-4.55,0.0021474538546172625,0.9928273332541746,0.052411292667388615,True,262144
40.0,kappa_tau,-4.45,0.002234528364070576,0.9928273332541746,0.052411292667388615,True,262144
40.0,kappa_tau,-4.35,0.0025452227539038436,0.9928273332541746,0.052411292667388615,True,262144
40.0,kappa_tau,-4.25,0.0024604902944133375,0.9928273332541746,0.052411292667388615,True,262144
40.0,kappa_tau,-4.15,0.002988226599441543,0.9928273332541746,0.052411292667388615,True,262144
40.0,kappa_tau,-4.05,0.002743993668182339,0.9928273332541746,0.052411292667388615,True,262144
40.0,kappa_tau,-3.95,0.0032990114235698547,0.9928273332541746,0.052411292667388615,True,262144
40.0,kappa_tau,-3.8499999999999996,0.0031960712574982675,0.9928273332541746,0.052411292667388615,True,262144
40.0,kappa_tau,-3.75,0.003709919128839546,0.9928273332541746,0.052411292667388615,True,262144
40.0,kappa_tau,-3.65,0.004016375496560024,0.9928273332541746,0.052411292667388615,True,262144
40.0,kappa_tau,-3.55,0.003918931536984211,0.9928273332541746,0.052411292667388615,True,262144
40.0,kappa_tau,-3.45,0.004849361307857344,0.9928273332541746,0.052411292667388615,True,262144
40.0,kappa_tau,-3.3499999999999996,0.004799379405931136,0.9928273332541746,0.052411292667388615,True,262144
40.0,kappa_tau,-3.25,0.005412743426521534,0.9928273332541746,0.052411292667388615,True,262144
40.0,kappa_tau,-3.15,0.005972207481992245,0.9928273332541746,0.052411292667388615,True,262144
40.0,kappa_tau,-3.05,0.006839916949653882,0.9928273332541746,0.052411292667388615,True,262144
40.0,kappa_tau,-2.95,0.006924468152839225,0.9928273332541746,0.052411292667388615,True,262144
40.0,kappa_tau,-2.8499999999999996,0.0075581042659305575,0.9928273332541746,0.052411292667388615,True,262144
40.0,kappa_tau,-2.75,0.008389812612404462,0.9928273332541746,0.052411292667388615,True,262144
40.0,kappa_tau,-2.6499999999999995,0.009567032201643549,0.9928273332541746,0.052411292667388615,True,262144
40.0,kappa_tau,-2.55,0.010191958921062725,0.9928273332541746,0.052411292667388615,True,262144
40.0,kappa_tau,-2.45,0.01132892616550678,0.9928273332541746,0.052411292667388615,True,262144
40.0,kappa_tau,-2.3499999999999996,0.013476079934723993,0.9928273332541746,0.052411292667388615,True,262144
40.0,kappa_tau,-2.25,0.01461765260081328,0.9928273332541746,0.052411292667388615,True,262144
40.0,kappa_tau,-2.1499999999999995,0.015638472267245778,0.9928273332541746,0.052411292667388615,True,262144
40.0,kappa_tau,-2.05,0.01773371081871328,0.9928273332541746,0.052411292667388615,True,262144
40.0,kappa_tau,-1.95,0.01773864568429312,0.9928273332541746,0.052411292667388615,True,262144
40.0,kappa_tau,-1.8499999999999999,0.020791147677006416,0.9928273332541746,0.052411292667388615,True,262144
40.0,kappa_tau,-1.7499999999999998,0.024294351337160947,0.9928273332541746,0.052411292667388615,True,262144
40.0,kappa_tau,-1.6499999999999997,0.026074121388103208,0.9928273332541746,0.052411292667388615,True,262144
40.0,kappa_tau,-1.5499999999999998,0.03192949091365722,0.9928273332541746,0.052411292667388615,True,262144
40.0,kappa_tau,-1.45,0.03697403789691712,0.9928273332541746,0.052411292667388615,True,262144
40.0,kappa_tau,-1.3499999999999999,0.04158568178317745,0.9928273332541746,0.052411292667388615,True,262144
40.0,kappa_tau,-1.2499999999999998,0.05022688815183421,0.9928273332541746,0.052411292667388615,True,262144
40.0,kappa_tau,-1.1499999999999997,0.0566524791809182,0.9928273332541746,0.052411292667388615,True,262144
40.0,kappa_tau,-1.0499999999999998,0.06526453307803719,0.9928273332541746,0.052411292667388615,True,262144
40.0,kappa_tau,-0.9499999999999997,0.07948446150143282,0.9928273332541746,0.052411292667388615,True,262144
40.0,kappa_tau,-0.8499999999999996,0.0930012710602124,0.9928273332541746,0.052411292667388615,True,262144
40.0,kappa_tau,-0.75,0.11841874075588427,0.9928273332541746,0.052411292667388615,True,262144
40.0,kappa_tau,-0.6499999999999999,0.1460341107424241,0.9928273332541746,0.052411292667388615,True,262144
40.0,kappa_tau,-0.5499999999999998,0.190410380582876,0.9928273332541746,0.052411292667388615,True,262144
40.0,kappa_tau,-0.44999999999999973,0.2473381891962575,0.9928273332541746,0.052411292667388615,True,262144
40.0,kappa_tau,-0.34999999999999964,0.3502613574230885,0.9928273332541746,0.052411292667388615,True,262144
40.0,kappa_tau,-0.24999999999999956,0.5327997642432317,0.9928273332541746,0.052411292667388615,True,262144
40.0,kappa_tau,-0.14999999999999947,0.9088697632154038,0.9928273332541746,0.052411292667388615,True,262144
40.0,kappa_tau,-0.04999999999999982,1.7339258832214322,0.9928273332541746,0.052411292667388615,True,262144
40.0,kappa_tau,0.050000000000000266,1.7360718382305147,0.9928273332541746,0.052411292667388615,True,262144
40.0,kappa_tau,0.15000000000000036,0.936433622255899,0.9928273332541746,0.052411292667388615,True,262144
40.0,kappa_tau,0.25000000000000044,0.5300331445657439,0.9928273332541746,0.052411292667388615,True,262144
40.0,kappa_tau,0.35000000000000053,0.3471380967080002,0.9928273332541746,0.052411292667388615,True,262144
40.0,kappa_tau,0.4500000000000002,0.24547028813249655,0.9928273332541746,0.052411292667388615,True,262144
40.0,kappa_tau,0.5500000000000003,0.18605158392563598,0.9928273332541746,0.052411292667388615,True,262144
40.0,kappa_tau,0.6500000000000004,0.1456199680421773,0.9928273332541746,0.052411292667388615,True,262144
40.0,kappa_tau,0.7500000000000004,0.11839110977778393,0.9928273332541746,0.052411292667388615,True,262144
40.0,kappa_tau,0.8500000000000005,0.09628521625288054,0.9928273332541746,0.052411292667388615,True,262144
40.0,kappa_tau,0.9500000000000002,0.08032654214886743,0.9928273332541746,0.052411292667388615,True,262144
40.0,kappa_tau,1.0500000000000003,0.06563064999916077,0.9928273332541746,0.052411292667388615,True,262144
40.0,kappa_tau,1.1500000000000004,0.05700594209543253,0.9928273332541746,0.052411292667388615,True,262144
40.0,kappa_tau,1.2500000000000004,0.04720382847967901,0.9928273332541746,0.052411292667388615,True,262144
40.0,kappa_tau,1.3500000000000005,0.039571618456353,0.9928273332541746,0.052411292667388615,True,262144
40.0,kappa_tau,1.4500000000000002,0.03765730682424318,0.9928273332541746,0.052411292667388615,True,262144
40.0,kappa_tau,1.5500000000000003,0.03212133378591047,0.9928273332541746,0.052411292667388615,True,262144
40.0,kappa_tau,1.6500000000000004,0.026658387050711246,0.9928273332541746,0.052411292667388615,True,262144
40.0,kappa_tau,1.7500000000000004,0.023080289516534343,0.9928273332541746,0.052411292667388615,True,262144
40.0,kappa_tau,1.8500000000000005,0.020749641668521963,0.9928273332541746,0.052411292667388615,True,262144
40.0,kappa_tau,1.9500000000000002,0.02021785081797126,0.9928273332541746,0.052411292667388615,True,262144
40.0,kappa_tau,2.0500000000000003,0.015598176764119204,0.9928273332541746,0.052411292667388615,True,262144
40.0,kappa_tau,2.1500000000000004,0.01493393780214336,0.9928273332541746,0.052411292667388615,True,262144
40.0,kappa_tau,2.2500000000000004,0.014091723578272607,0.9928273332541746,0.052411292667388615,True,262144
40.0,kappa_tau,2.3500000000000005,0.012443415552404673,0.9928273332541746,0.052411292667388615,True,262144
40.0,kappa_tau,2.45,0.011879229034488018,0.9928273332541746,0.052411292667388615,True,262144
40.0,kappa_tau,2.5500000000000003,0.010025896420457793,0.9928273332541746,0.052411292667388615,True,262144
40.0,kappa_tau,2.6500000000000004,0.00943221367597772,0.9928273332541746,0.052411292667388615,True,262144
40.0,kappa_tau,2.7500000000000004,0.009342785678690015,0.9928273332541746,0.052411292667388615,True,262144
40.0,kappa_tau,2.8500000000000005,0.006714271518953527,0.9928273332541746,0.052411292667388615,True,262144
40.0,kappa_tau,2.95,0.007106082029222547,0.9928273332541746,0.052411292667388615,True,262144
40.0,kappa_tau,3.05,0.006694411266843596,0.9928273332541746,0.052411292667388615,True,262144
40.0,kappa_tau,3.1500000000000004,0.005962695911144686,0.9928273332541746,0.052411292667388615,True,262144
40.0,kappa_tau,3.250000000000001,0.006039612079402711,0.9928273332541746,0.052411292667388615,True,262144
40.0,kappa_tau,3.3500000000000005,0.005281609986106188,0.9928273332541746,0.052411292667388615,True,262144
40.0,kappa_tau,3.45,0.004739538502671123,0.9928273332541746,0.052411292667388615,True,262144
40.0,kappa_tau,3.55,0.004334674824753385,0.9928273332541746,0.052411292667388615,True,262144
40.0,kappa_tau,3.6500000000000004,0.0037739643227055154,0.9928273332541746,0.052411292667388615,True,262144
40.0,kappa_tau,3.750000000000001,0.0036087332610722465,0.9928273332541746,0.052411292667388615,True,262144
40.0,kappa_tau,3.8500000000000005,0.0041462663362632395,0.9928273332541746,0.052411292667388615,True,262144
40.0,kappa_tau,3.95,0.0031985815955802464,0.9928273332541746,0.052411292667388615,True,262144
40.0,kappa_tau,4.05,0.002735649275702694,0.9928273332541746,0.052411292667388615,True,262144
40.0,kappa_tau,4.15,0.002636094058313806,0.9928273332541746,0.052411292667388615,True,262144
40.0,kappa_tau,4.250000000000001,0.002828528965801513,0.9928273332541746,0.052411292667388615,True,262144
40.0,kappa_tau,4.3500000000000005,0.002352965386976513,0.9928273332541746,0.052411292667388615,True,262144
40.0,kappa_tau,4.45,0.0021729563153670447,0.9928273332541746,0.052411292667388615,True,262144
40.0,kappa_tau,4.550000000000001,0.0023091310905970644,0.9928273332541746,0.052411292667388615,True,262144
40.0,kappa_tau,4.650000000000001,0.001620470950129032,0.9928273332541746,0.052411292667388615,True,262144
40.0,kappa_tau,4.750000000000001,0.0017396942971099518,0.9928273332541746,0.052411292667388615,True,262144
40.0,kappa_tau,4.8500000000000005,0.001590570699488361,0.9928273332541746,0.052411292667388615,True,262144
40.0,kappa_tau,4.95,0.0015445639511083794,0.9928273332541746,0.052411292667388615,True,262144
55.0,kappa_tau,-4.95,0.0024748649212189963,0.987201171310228,0.052411292667388615,True,262144
55.0,kappa_tau,-4.85,0.0027647061757484657,0.987201171310228,0.052411292667388615,True,262144
55.0,kappa_tau,-4.75,0.0027529104861109977,0.987201171310228,0.052411292667388615,True,262144
55.0,kappa_tau,-4.65,0.003373117488827428,0.987201171310228,0.052411292667388615,True,262144
55.0,kappa_tau,-4.55,0.003507590818713822,0.987201171310228,0.052411292667388615,True,262144
55.0,kappa_tau,-4.45,0.003637905019079081,0.987201171310228,0.052411292667388615,True,262144
55.0,kappa_tau,-4.35,0.0036491310234550646,0.987201171310228,0.052411292667388615,True,262144
55.0,kappa_tau,-4.25,0.0039035833274252666,0.987201171310228,0.052411292667388615,True,262144
55.0,kappa_tau,-4.15,0.003995374555231909,0.987201171310228,0.052411292667388615,True,262144
55.0,kappa_tau,-4.05,0.004170336247686607,0.987201171310228,0.052411292667388615,True,262144
55.0,kappa_tau,-3.95,0.004620400844121449,0.987201171310228,0.052411292667388615,True,262144
55.0,kappa_tau,-3.8499999999999996,0.0051455852903720175,0.987201171310228,0.052411292667388615,True,262144
55.0,kappa_tau,-3.75,0.005674924762368529,0.987201171310228,0.052411292667388615,True,262144
55.0,kappa_tau,-3.65,0.00584724009741385,0.987201171310228,0.052411292667388615,True,262144
55.0,kappa_tau,-3.55,0.006883999847827774,0.987201171310228,0.052411292667388615,True,262144
55.0,kappa_tau,-3.45,0.007213732444399414,0.987201171310228,0.052411292667388615,True,262144
55.0,kappa_tau,-3.3499999999999996,0.007325258158086887,0.987201171310228,0.052411292667388615,True,262144
55.0,kappa_tau,-3.25,0.008047178186500909,0.987201171310228,0.052411292667388615,True,262144
55.0,kappa_tau,-3.15,0.00867024665338882,0.987201171310228,0.052411292667388615,True,262144
55.0,kappa_tau,-3.05,0.009502280212790105,0.987201171310228,0.052411292667388615,True,262144
55.0,kappa_tau,-2.95,0.009960655379215118,0.987201171310228,0.052411292667388615,True,262144
55.0,kappa_tau,-2.8499999999999996,0.011187666177095526,0.987201171310228,0.052411292667388615,True,262144
55.0,kappa_tau,-2.75,0.011575466209825181,0.987201171310228,0.052411292667388615,True,262144
55.0,kappa_tau,-2.6499999999999995,0.011367372983659783,0.987201171310228,0.052411292667388615,True,262144
55.0,kappa_tau,-2.55,0.012905504955152592,0.987201171310228,0.052411292667388615,True,262144
55.0,kappa_tau,-2.45,0.013584594020569057,0.987201171310228,0.052411292667388615,True,262144
55.0,kappa_tau,-2.3499999999999996,0.016331016876972533,0.987201171310228,0.052411292667388615,True,262144
55.0,kappa_tau,-2.25,0.017940302929082032,0.987201171310228,0.052411292667388615,True,262144
55.0,kappa_tau,-2.1499999999999995,0.020644223461612668,0.987201171310228,0.052411292667388615,True,262144
55.0,kappa_tau,-2.05,0.021646789559091488,0.987201171310228,0.052411292667388615,True,262144
55.0,kappa_tau,-1.95,0.023259543584793926,0.987201171310228,0.052411292667388615,True,262144
55.0,kappa_tau,-1.8499999999999999,0.026495928553843417,0.987201171310228,0.052411292667388615,True,262144
55.0,kappa_tau,-1.7499999999999998,0.028140742385493814,0.987201171310228,0.052411292667388615,True,262144
55.0,kappa_tau,-1.6499999999999997,0.03424121196061013,0.987201171310228,0.052411292667388615,True,262144
55.0,kappa_tau,-1.5499999999999998,0.03448705832488121,0.987201171310228,0.052411292667388615,True,262144
55.0,kappa_tau,-1.45,0.04123302308547201,0.987201171310228,0.052411292667388615,True,262144
55.0,kappa_tau,-1.3499999999999999,0.0464739511207019,0.987201171310228,0.052411292667388615,True,262144
55.0,kappa_tau,-1.2499999999999998,0.0510518984590009,0.987201171310228,0.052411292667388615,True,262144
55.0,kappa_tau,-1.1499999999999997,0.0630333717490651,0.987201171310228,0.052411292667388615,True,262144
55.0,kappa_tau,-1.0499999999999998,0.06874761477741932,0.987201171310228,0.052411292667388615,True,262144
55.0,kappa_tau,-0.9499999999999997,0.08030779624089622,0.987201171310228,0.052411292667388615,True,262144
55.0,kappa_tau,-0.8499999999999996,0.09414575094852769,0.987201171310228,0.052411292667388615,True,262144
55.0,kappa_tau,-0.75,0.1181184097654616,0.987201171310228,0.052411292667388615,True,262144
55.0,kappa_tau,-0.6499999999999999,0.14523917132597564,0.987201171310228,0.052411292667388615,True,262144
55.0,kappa_tau,-0.5499999999999998,0.18728580690097005,0.987201171310228,0.052411292667388615,True,262144
55.0,kappa_tau,-0.44999999999999973,0.241317894520493,0.987201171310228,0.052411292667388615,True,262144
55.0,kappa_tau,-0.34999999999999964,0.3334410430416851,0.987201171310228,0.052411292667388615,True,262144
55.0,kappa_tau,-0.24999999999999956,0.5059975349310286,0.987201171310228,0.052411292667388615,True,262144
55.0,kappa_tau,-0.14999999999999947,0.8790174963084817,0.987201171310228,0.052411292667388615,True,262144
55.0,kappa_tau,-0.04999999999999982,1.671605098600133,0.987201171310228,0.052411292667388615,True,262144
55.0,kappa_tau,0.050000000000000266,1.680370597476708,0.987201171310228,0.052411292667388615,True,262144
55.0,kappa_tau,0.15000000000000036,0.8994449461660171,0.987201171310228,0.052411292667388615,True,262144
55.0,kappa_tau,0.25000000000000044,0.5124349827591768,0.987201171310228,0.052411292667388615,True,262144
55.0,kappa_tau,0.35000000000000053,0.335862255866472,0.987201171310228,0.052411292667388615,True,262144
55.0,kappa_tau,0.4500000000000002,0.2371540865631024,0.987201171310228,0.052411292667388615,True,262144
55.0,kappa_tau,0.5500000000000003,0.18164817750074752,0.987201171310228,0.052411292667388615,True,262144
55.0,kappa_tau,0.6500000000000004,0.14322567129699795,0.987201171310228,0.052411292667388615,True,262144
55.0,kappa_tau,0.7500000000000004,0.11166704848645309,0.987201171310228,0.052411292667388615,True,262144
55.0,kappa_tau,0.8500000000000005,0.09631414677964192,0.987201171310228,0.052411292667388615,True,262144
55.0,kappa_tau,0.9500000000000002,0.08056282824193078,0.987201171310228,0.052411292667388615,True,262144
55.0,kappa_tau,1.0500000000000003,0.06910107095260716,0.987201171310228,0.052411292667388615,True,262144
55.0,kappa_tau,1.1500000000000004,0.06368924785351662,0.987201171310228,0.052411292667388615,True,262144
55.0,kappa_tau,1.2500000000000004,0.05331611534238808,0.987201171310228,0.052411292667388615,True,262144
55.0,kappa_tau,1.3500000000000005,0.047219684941742696,0.987201171310228,0.052411292667388615,True,262144
55.0,kappa_tau,1.4500000000000002,0.04121812722084564,0.987201171310228,0.052411292667388615,True,262144
55.0,kappa_tau,1.5500000000000003,0.03650902764494696,0.987201171310228,0.052411292667388615,True,262144
55.0,kappa_tau,1.6500000000000004,0.030212066204231697,0.987201171310228,0.052411292667388615,True,262144
55.0,kappa_tau,1.7500000000000004,0.028122421743687166,0.987201171310228,0.052411292667388615,True,262144
55.0,kappa_tau,1.8500000000000005,0.026241503845639308,0.987201171310228,0.052411292667388615,True,262144
55.0,kappa_tau,1.9500000000000002,0.022579773305199256,0.987201171310228,0.052411292667388615,True,262144
55.0,kappa_tau,2.0500000000000003,0.022685915983251658,0.987201171310228,0.052411292667388615,True,262144
55.0,kappa_tau,2.1500000000000004,0.01968652577470265,0.987201171310228,0.052411292667388615,True,262144
55.0,kappa_tau,2.2500000000000004,0.017655943126034926,0.987201171310228,0.052411292667388615,True,262144
55.0,kappa_tau,2.3500000000000005,0.015342401616404626,0.987201171310228,0.052411292667388615,True,262144
55.0,kappa_tau,2.45,0.015108702223815842,0.987201171310228,0.052411292667388615,True,262144
55.0,kappa_tau,2.5500000000000003,0.01328956821756448,0.987201171310228,0.052411292667388615,True,262144
55.0,kappa_tau,2.6500000000000004,0.012504739200097004,0.987201171310228,0.052411292667388615,True,262144
55.0,kappa_tau,2.7500000000000004,0.01150943607861883,0.987201171310228,0.052411292667388615,True,262144
55.0,kappa_tau,2.8500000000000005,0.010520903578218214,0.987201171310228,0.052411292667388615,True,262144
55.0,kappa_tau,2.95,0.008700324245685094,0.987201171310228,0.052411292667388615,True,262144
55.0,kappa_tau,3.05,0.009097007970569986,0.987201171310228,0.052411292667388615,True,262144
55.0,kappa_tau,3.1500000000000004,0.008328267610698306,0.987201171310228,0.052411292667388615,True,262144
55.0,kappa_tau,3.250000000000001,0.006674485892193047,0.987201171310228,0.052411292667388615,True,262144
55.0,kappa_tau,3.3500000000000005,0.007008107134108113,0.987201171310228,0.052411292667388615,True,262144
55.0,kappa_tau,3.45,0.006461791500575032,0.987201171310228,0.052411292667388615,True,262144
55.0,kappa_tau,3.55,0.006447721985983844,0.987201171310228,0.052411292667388615,True,262144
55.0,kappa_tau,3.6500000000000004,0.006091903626810756,0.987201171310228,0.052411292667388615,True,262144
55.0,kappa_tau,3.750000000000001,0.0060844920369219945,0.987201171310228,0.052411292667388615,True,262144
55.0,kappa_tau,3.8500000000000005,0.004797787360136925,0.987201171310228,0.052411292667388615,True,262144
55.0,kappa_tau,3.95,0.005777960915923675,0.987201171310228,0.052411292667388615,True,262144
55.0,kappa_tau,4.05,0.004977886067106304,0.987201171310228,0.052411292667388615,True,262144
55.0,kappa_tau,4.15,0.004376137051210994,0.987201171310228,0.052411292667388615,True,262144
55.0,kappa_tau,4.250000000000001,0.004631033241232969,0.987201171310228,0.052411292667388615,True,262144
55.0,kappa_tau,4.3500000000000005,0.004118462340059855,0.987201171310228,0.052411292667388615,True,262144
55.0,kappa_tau,4.45,0.003949529420102737,0.987201171310228,0.052411292667388615,True,262144
55.0,kappa_tau,4.550000000000001,0.0034756378491459937,0.987201171310228,0.052411292667388615,True,262144
55.0,kappa_tau,4.650000000000001,0.003424352967238531,0.987201171310228,0.052411292667388615,True,262144
55.0,kappa_tau,4.750000000000001,0.003205244525787707,0.987201171310228,0.052411292667388615,True,262144
55.0,kappa_tau,4.8500000000000005,0.0025830754115991894,0.987201171310228,0.052411292667388615,True,262144
55.0,kappa_tau,4.95,0.0026582822604501338,0.987201171310228,0.052411292667388615,True,262144
70.0,kappa_tau,-4.95,0.0024194957644836806,0.9840628348611493,0.052411292667388615,True,262144
70.0,kappa_tau,-4.85,0.002859279156112946,0.9840628348611493,0.052411292667388615,True,262144
70.0,kappa_tau,-4.75,0.0028132501169328716,0.9840628348611493,0.052411292667388615,True,262144
70.0,kappa_tau,-4.65,0.0032686991444546122,0.9840628348611493,0.052411292667388615,True,262144
70.0,kappa_tau,-4.55,0.0035071148213388654,0.9840628348611493,0.052411292667388615,True,262144
70.0,kappa_tau,-4.45,0.0038685502350122706,0.9840628348611493,0.052411292667388615,True,262144
70.0,kappa_tau,-4.35,0.003915212863820643,0.9840628348611493,0.052411292667388615,True,262144
70.0,kappa_tau,-4.25,0.004135401719035918,0.9840628348611493,0.052411292667388615,True,262144
70.0,kappa_tau,-4.15,0.003946372338107512,0.9840628348611493,0.052411292667388615,True,262144
70.0,kappa_tau,-4.05,0.0044291890905914216,0.9840628348611493,0.052411292667388615,True,262144
70.0,kappa_tau,-3.95,0.005038529453977267,0.9840628348611493,0.052411292667388615,True,262144
70.0,kappa_tau,-3.8499999999999996,0.005547678452216112,0.9840628348611493,0.052411292667388615,True,262144
70.0,kappa_tau,-3.75,0.005666109522835209,0.9840628348611493,0.052411292667388615,True,262144
70.0,kappa_tau,-3.65,0.005631201784292369,0.9840628348611493,0.052411292667388615,True,262144
70.0,kappa_tau,-3.55,0.005193565640999983,0.9840628348611493,0.052411292667388615,True,262144
70.0,kappa_tau,-3.45,0.006945464420763462,0.9840628348611493,0.052411292667388615,True,262144
70.0,kappa_tau,-3.3499999999999996,0.006857075343693682,0.9840628348611493,0.052411292667388615,True,262144
70.0,kappa_tau,-3.25,0.007677416239122034,0.9840628348611493,0.052411292667388615,True,262144
70.0,kappa_tau,-3.15,0.007901594029057367,0.9840628348611493,0.052411292667388615,True,262144
70.0,kappa_tau,-3.05,0.008568091749574343,0.9840628348611493,0.052411292667388615,True,262144
70.0,kappa_tau,-2.95,0.009288975349814458,0.9840628348611493,0.052411292667388615,True,262144
70.0,kappa_tau,-2.8499999999999996,0.009717791271303068,0.9840628348611493,0.052411292667388615,True,262144
70.0,kappa_tau,-2.75,0.010485565975335108,0.9840628348611493,0.052411292667388615,True,262144
70.0,kappa_tau,-2.6499999999999995,0.011975474488806755,0.9840628348611493,0.052411292667388615,True,262144
70.0,kappa_tau,-2.55,0.012900782598403965,0.9840628348611493,0.052411292667388615,True,262144
70.0,kappa_tau,-2.45,0.012228689985614116,0.9840628348611493,0.052411292667388615,True,262144
70.0,kappa_tau,-2.3499999999999996,0.013685874750917947,0.9840628348611493,0.052411292667388615,True,262144
70.0,kappa_tau,-2.25,0.016847450623459395,0.9840628348611493,0.052411292667388615,True,262144
70.0,kappa_tau,-2.1499999999999995,0.016397262898356166,0.9840628348611493,0.052411292667388615,True,262144
70.0,kappa_tau,-2.05,0.01800404441616601,0.9840628348611493,0.052411292667388615,True,262144
70.0,kappa_tau,-1.95,0.019390708144622227,0.9840628348611493,0.052411292667388615,True,262144
70.0,kappa_tau,-1.8499999999999999,0.02076999075753817,0.9840628348611493,0.052411292667388615,True,262144
70.0,kappa_tau,-1.7499999999999998,0.02227192294440601,0.9840628348611493,0.052411292667388615,True,262144
70.0,kappa_tau,-1.6499999999999997,0.02591446942978622,0.9840628348611493,0.052411292667388615,True,262144
70.0,kappa_tau,-1.5499999999999998,0.029480087814019906,0.9840628348611493,0.052411292667388615,True,262144
70.0,kappa_tau,-1.45,0.03261690837393473,0.9840628348611493,0.052411292667388615,True,262144
70.0,kappa_tau,-1.3499999999999999,0.03608569612395053,0.9840628348611493,0.052411292667388615,True,262144
70.0,kappa_tau,-1.2499999999999998,0.042552801205207234,0.9840628348611493,0.052411292667388615,True,262144
70.0,kappa_tau,-1.1499999999999997,0.04639155092799706,0.9840628348611493,0.052411292667388615,True,262144
70.0,kappa_tau,-1.0499999999999998,0.05388550703377515,0.9840628348611493,0.052411292667388615,True,262144
70.0,kappa_tau,-0.9499999999999997,0.06252442324684321,0.9840628348611493,0.052411292667388615,True,262144
70.0,kappa_tau,-0.8499999999999996,0.07077323782111357,0.9840628348611493,0.052411292667388615,True,262144
70.0,kappa_tau,-0.75,0.08421471546707761,0.9840628348611493,0.052411292667388615,True,262144
70.0,kappa_tau,-0.6499999999999999,0.10487663295918197,0.9840628348611493,0.052411292667388615,True,262144
70.0,kappa_tau,-0.5499999999999998,0.14016057177488833,0.9840628348611493,0.052411292667388615,True,262144
70.0,kappa_tau,-0.44999999999999973,0.18989917543387316,0.9840628348611493,0.052411292667388615,True,262144
70.0,kappa_tau,-0.34999999999999964,0.260370078462511,0.9840628348611493,0.052411292667388615,True,262144
70.0,kappa_tau,-0.24999999999999956,0.4055067120787808,0.9840628348611493,0.052411292667388615,True,262144
70.0,kappa_tau,-0.14999999999999947,0.8214332761706975,0.9840628348611493,0.052411292667388615,True,262144
70.0,kappa_tau,-0.04999999999999982,2.209764612875602,0.9840628348611493,0.052411292667388615,True,262144
70.0,kappa_tau,0.050000000000000266,2.231433210185069,0.9840628348611493,0.052411292667388615,True,262144
70.0,kappa_tau,0.15000000000000036,0.8198351013788475,0.9840628348611493,0.052411292667388615,True,262144
70.0,kappa_tau,0.25000000000000044,0.4176223783248454,0.9840628348611493,0.052411292667388615,True,262144
70.0,kappa_tau,0.35000000000000053,0.2575186325309923,0.9840628348611493,0.052411292667388615,True,262144
70.0,kappa_tau,0.4500000000000002,0.18317787791789816,0.9840628348611493,0.052411292667388615,True,262144
70.0,kappa_tau,0.5500000000000003,0.13719616926392106,0.9840628348611493,0.052411292667388615,True,262144
70.0,kappa_tau,0.6500000000000004,0.1067739262310883,0.9840628348611493,0.052411292667388615,True,262144
70.0,kappa_tau,0.7500000000000004,0.08749794291620168,0.9840628348611493,0.052411292667388615,True,262144
70.0,kappa_tau,0.8500000000000005,0.07300581159886498,0.9840628348611493,0.052411292667388615,True,262144
70.0,kappa_tau,0.9500000000000002,0.059440872520415515,0.9840628348611493,0.052411292667388615,True,262144
70.0,kappa_tau,1.0500000000000003,0.05224101403568226,0.9840628348611493,0.052411292667388615,True,262144
70.0,kappa_tau,1.1500000000000004,0.046786533462473856,0.9840628348611493,0.052411292667388615,True,262144
70.0,kappa_tau,1.2500000000000004,0.04053199268519853,0.9840628348611493,0.052411292667388615,True,262144
70.0,kappa_tau,1.3500000000000005,0.03886744884503933,0.9840628348611493,0.052411292667388615,True,262144
70.0,kappa_tau,1.4500000000000002,0.03142921121345429,0.9840628348611493,0.052411292667388615,True,262144
70.0,kappa_tau,1.5500000000000003,0.028835487327972753,0.9840628348611493,0.052411292667388615,True,262144
70.0,kappa_tau,1.6500000000000004,0.02538344546020738,0.9840628348611493,0.052411292667388615,True,262144
70.0,kappa_tau,1.7500000000000004,0.02284265542994704,0.9840628348611493,0.052411292667388615,True,262144
70.0,kappa_tau,1.8500000000000005,0.020797934596489216,0.9840628348611493,0.052411292667388615,True,262144
70.0,kappa_tau,1.9500000000000002,0.019468957970354153,0.9840628348611493,0.052411292667388615,True,262144
70.0,kappa_tau,2.0500000000000003,0.017880750126601286,0.9840628348611493,0.052411292667388615,True,262144
70.0,kappa_tau,2.1500000000000004,0.01613721119637709,0.9840628348611493,0.052411292667388615,True,262144
70.0,kappa_tau,2.2500000000000004,0.015306628596065207,0.9840628348611493,0.052411292667388615,True,262144
70.0,kappa_tau,2.3500000000000005,0.013591724415068264,0.9840628348611493,0.052411292667388615,True,262144
70.0,kappa_tau,2.45,0.013195947545943327,0.9840628348611493,0.052411292667388615,True,262144
70.0,kappa_tau,2.5500000000000003,0.012171453484726296,0.9840628348611493,0.052411292667388615,True,262144
70.0,kappa_tau,2.6500000000000004,0.011307961197696717,0.9840628348611493,0.052411292667388615,True,262144
70.0,kappa_tau,2.7500000000000004,0.010022543409830375,0.9840628348611493,0.052411292667388615,True,262144
70.0,kappa_tau,2.8500000000000005,0.00976092972938539,0.9840628348611493,0.052411292667388615,True,262144
70.0,kappa_tau,2.95,0.009164407012552247,0.9840628348611493,0.052411292667388615,True,262144
70.0,kappa_tau,3.05,0.008604672274653018,0.9840628348611493,0.052411292667388615,True,262144
70.0,kappa_tau,3.1500000000000004,0.0069141448625538735,0.9840628348611493,0.052411292667388615,True,262144
70.0,kappa_tau,3.250000000000001,0.007118817300060292,0.9840628348611493,0.052411292667388615,True,262144
70.0,kappa_tau,3.3500000000000005,0.006997433687131939,0.9840628348611493,0.052411292667388615,True,262144
70.0,kappa_tau,3.45,0.006866762189671884,0.9840628348611493,0.052411292667388615,True,262144
70.0,kappa_tau,3.55,0.006689384788774724,0.9840628348611493,0.052411292667388615,True,262144
70.0,kappa_tau,3.6500000000000004,0.006321515895255095,0.9840628348611493,0.052411292667388615,True,262144
70.0,kappa_tau,3.750000000000001,0.005399204693856506,0.9840628348611493,0.052411292667388615,True,262144
70.0,kappa_tau,3.8500000000000005,0.005284427080968249,0.9840628348611493,0.052411292667388615,True,262144
70.0,kappa_tau,3.95,0.004497504335094719,0.9840628348611493,0.052411292667388615,True,262144
70.0,kappa_tau,4.05,0.004624997133492557,0.9840628348611493,0.052411292667388615,True,262144
70.0,kappa_tau,4.15,0.0038402279705633535,0.9840628348611493,0.052411292667388615,True,262144
70.0,kappa_tau,4.250000000000001,0.004098935549257576,0.9840628348611493,0.052411292667388615,True,262144
70.0,kappa_tau,4.3500000000000005,0.003906954560087643,0.9840628348611493,0.052411292667388615,True,262144
70.0,kappa_tau,4.45,0.003674401285907075,0.9840628348611493,0.052411292667388615,True,262144
70.0,kappa_tau,4.550000000000001,0.0033478158790971354,0.9840628348611493,0.052411292667388615,True,262144
70.0,kappa_tau,4.650000000000001,0.003540885636150155,0.9840628348611493,0.052411292667388615,True,262144
70.0,kappa_tau,4.750000000000001,0.0034057846289542943,0.9840628348611493,0.052411292667388615,True,262144
70.0,kappa_tau,4.8500000000000005,0.0030068826819415104,0.9840628348611493,0.052411292667388615,True,262144
70.0,kappa_tau,4.95,0.0026571522784060823,0.9840628348611493,0.052411292667388615,True,262144
100.0,kappa_tau,-4.95,0.003021406800097113,0.9827330709974909,0.052411292667388615,True,262144
100.0,kappa_tau,-4.85,0.003239674788804353,0.9827330709974909,0.052411292667388615,True,262144
100.0,kappa_tau,-4.75,0.0035170879189721903,0.9827330709974909,0.052411292667388615,True,262144
100.0,kappa_tau,-4.65,0.0034720243949959285,0.9827330709974909,0.052411292667388615,True,262144
100.0,kappa_tau,-4.55,0.0036485488871300775,0.9827330709974909,0.052411292667388615,True,262144
100.0,kappa_tau,-4.45,0.0033930131923453188,0.9827330709974909,0.052411292667388615,True,262144
100.0,kappa_tau,-4.35,0.004257417030170758,0.9827330709974909,0.052411292667388615,True,262144
100.0,kappa_tau,-4.25,0.004269363257496032,0.9827330709974909,0.052411292667388615,True,262144
100.0,kappa_tau,-4.15,0.004844616785131121,0.9827330709974909,0.052411292667388615,True,262144
100.0,kappa_tau,-4.05,0.005017455769186512,0.9827330709974909,0.052411292667388615,True,262144
100.0,kappa_tau,-3.95,0.0056189909678248835,0.9827330709974909,0.052411292667388615,True,262144
100.0,kappa_tau,-3.8499999999999996,0.005869204155928576,0.9827330709974909,0.052411292667388615,True,262144
100.0,kappa_tau,-3.75,0.006119255237590556,0.9827330709974909,0.052411292667388615,True,262144
100.0,kappa_tau,-3.65,0.005317689334938576,0.9827330709974909,0.052411292667388615,True,262144
100.0,kappa_tau,-3.55,0.006629490114495743,0.9827330709974909,0.052411292667388615,True,262144
100.0,kappa_tau,-3.45,0.007328519334774712,0.9827330709974909,0.052411292667388615,True,262144
100.0,kappa_tau,-3.3499999999999996,0.00815862690125934,0.9827330709974909,0.052411292667388615,True,262144
100.0,kappa_tau,-3.25,0.008127853624236665,0.9827330709974909,0.052411292667388615,True,262144
100.0,kappa_tau,-3.15,0.00850027381908353,0.9827330709974909,0.052411292667388615,True,262144
100.0,kappa_tau,-3.05,0.009432567441028475,0.9827330709974909,0.052411292667388615,True,262144
100.0,kappa_tau,-2.95,0.009504685367732647,0.9827330709974909,0.052411292667388615,True,262144
100.0,kappa_tau,-2.8499999999999996,0.011122543717913136,0.9827330709974909,0.052411292667388615,True,262144
100.0,kappa_tau,-2.75,0.01115270419245495,0.9827330709974909,0.052411292667388615,True,262144
100.0,kappa_tau,-2.6499999999999995,0.01305723961412481,0.9827330709974909,0.052411292667388615,True,262144
100.0,kappa_tau,-2.55,0.01418524182967961,0.9827330709974909,0.052411292667388615,True,262144
100.0,kappa_tau,-2.45,0.014073989181678058,0.9827330709974909,0.052411292667388615,True,262144
100.0,kappa_tau,-2.3499999999999996,0.01512248908997545,0.9827330709974909,0.052411292667388615,True,262144
100.0,kappa_tau,-2.25,0.016712393018722124,0.9827330709974909,0.052411292667388615,True,262144
100.0,kappa_tau,-2.1499999999999995,0.01813492856308328,0.9827330709974909,0.052411292667388615,True,262144
100.0,kappa_tau,-2.05,0.018960840827262057,0.9827330709974909,0.052411292667388615,True,262144
100.0,kappa_tau,-1.95,0.019390302953763188,0.9827330709974909,0.052411292667388615,True,262144
100.0,kappa_tau,-1.8499999999999999,0.022443627915448343,0.9827330709974909,0.052411292667388615,True,262144
100.0,kappa_tau,-1.7499999999999998,0.02514168978705386,0.9827330709974909,0.052411292667388615,True,262144
100.0,kappa_tau,-1.6499999999999997,0.028681473136255593,0.9827330709974909,0.052411292667388615,True,262144
100.0,kappa_tau,-1.5499999999999998,0.03239569461776712,0.9827330709974909,0.052411292667388615,True,262144
100.0,kappa_tau,-1.45,0.03401688900588477,0.9827330709974909,0.052411292667388615,True,262144
100.0,kappa_tau,-1.3499999999999999,0.04215257935396063,0.9827330709974909,0.052411292667388615,True,262144
100.0,kappa_tau,-1.2499999999999998,0.04150863152292066,0.9827330709974909,0.052411292667388615,True,262144
100.0,kappa_tau,-1.1499999999999997,0.049677200292586474,0.9827330709974909,0.052411292667388615,True,262144
100.0,kappa_tau,-1.0499999999999998,0.057883397646703826,0.9827330709974909,0.052411292667388615,True,262144
100.0,kappa_tau,-0.9499999999999997,0.06568953324130145,0.9827330709974909,0.052411292667388615,True,262144
100.0,kappa_tau,-0.8499999999999996,0.07692177694202879,0.9827330709974909,0.052411292667388615,True,262144
100.0,kappa_tau,-0.75,0.08966915339481864,0.9827330709974909,0.052411292667388615,True,262144
100.0,kappa_tau,-0.6499999999999999,0.11202199454690141,0.9827330709974909,0.052411292667388615,True,262144
100.0,kappa_tau,-0.5499999999999998,0.15281097118855563,0.9827330709974909,0.052411292667388615,True,262144
100.0,kappa_tau,-0.44999999999999973,0.19424123891149608,0.9827330709974909,0.052411292667388615,True,262144
100.0,kappa_tau,-0.34999999999999964,0.2750033866185036,0.9827330709974909,0.052411292667388615,True,262144
100.0,kappa_tau,-0.24999999999999956,0.4280426042035785,0.9827330709974909,0.052411292667388615,True,262144
100.0,kappa_tau,-0.14999999999999947,0.8414484877315018,0.9827330709974909,0.052411292667388615,True,262144
100.0,kappa_tau,-0.04999999999999982,2.0670549562893834,0.9827330709974909,0.052411292667388615,True,262144
100.0,kappa_tau,0.050000000000000266,2.0727703918571776,0.9827330709974909,0.052411292667388615,True,262144
100.0,kappa_tau,0.15000000000000036,0.8464099190249481,0.9827330709974909,0.052411292667388615,True,262144
100.0,kappa_tau,0.25000000000000044,0.4351157026822207,0.9827330709974909,0.052411292667388615,True,262144
100.0,kappa_tau,0.35000000000000053,0.27737199454182065,0.9827330709974909,0.052411292667388615,True,262144
100.0,kappa_tau,0.4500000000000002,0.19574978212219327,0.9827330709974909,0.052411292667388615,True,262144
100.0,kappa_tau,0.5500000000000003,0.14280019341160155,0.9827330709974909,0.052411292667388615,True,262144
100.0,kappa_tau,0.6500000000000004,0.1156730934861608,0.9827330709974909,0.052411292667388615,True,262144
100.0,kappa_tau,0.7500000000000004,0.0939780079849514,0.9827330709974909,0.052411292667388615,True,262144
100.0,kappa_tau,0.8500000000000005,0.07533555361193682,0.9827330709974909,0.052411292667388615,True,262144
100.0,kappa_tau,0.9500000000000002,0.06639567921673746,0.9827330709974909,0.052411292667388615,True,262144
100.0,kappa_tau,1.0500000000000003,0.05610510936302813,0.9827330709974909,0.052411292667388615,True,262144
100.0,kappa_tau,1.1500000000000004,0.04932711486112662,0.9827330709974909,0.052411292667388615,True,262144
100.0,kappa_tau,1.2500000000000004,0.0422481438836086,0.9827330709974909,0.052411292667388615,True,262144
100.0,kappa_tau,1.3500000000000005,0.040851913501136414,0.9827330709974909,0.052411292667388615,True,262144
100.0,kappa_tau,1.4500000000000002,0.035525208376818704,0.9827330709974909,0.052411292667388615,True,262144
100.0,kappa_tau,1.5500000000000003,0.031934777132977994,0.9827330709974909,0.052411292667388615,True,262144
100.0,kappa_tau,1.6500000000000004,0.027083709285699035,0.9827330709974909,0.052411292667388615,True,262144
100.0,kappa_tau,1.7500000000000004,0.023623439226498937,0.9827330709974909,0.052411292667388615,True,262144
100.0,kappa_tau,1.8500000000000005,0.02324807974330473,0.9827330709974909,0.052411292667388615,True,262144
100.0,kappa_tau,1.9500000000000002,0.02070698902687071,0.9827330709974909,0.052411292667388615,True,262144
100.0,kappa_tau,2.0500000000000003,0.01939842610731737,0.9827330709974909,0.052411292667388615,True,262144
100.0,kappa_tau,2.1500000000000004,0.01681371877106659,0.9827330709974909,0.052411292667388615,True,262144
100.0,kappa_tau,2.2500000000000004,0.016284931950503626,0.9827330709974909,0.052411292667388615,True,262144
100.0,kappa_tau,2.3500000000000005,0.015100291651749302,0.9827330709974909,0.052411292667388615,True,262144
100.0,kappa_tau,2.45,0.013268238549861165,0.9827330709974909,0.052411292667388615,True,262144
100.0,kappa_tau,2.5500000000000003,0.014876019368105559,0.9827330709974909,0.052411292667388615,True,262144
100.0,kappa_tau,2.6500000000000004,0.011744318147093754,0.9827330709974909,0.052411292667388615,True,262144
100.0,kappa_tau,2.7500000000000004,0.010510215576540291,0.9827330709974909,0.052411292667388615,True,262144
100.0,kappa_tau,2.8500000000000005,0.011253701281781209,0.9827330709974909,0.052411292667388615,True,262144
100.0,kappa_tau,2.95,0.009506352252187286,0.9827330709974909,0.052411292667388615,True,262144
100.0,kappa_tau,3.05,0.009641190548364547,0.9827330709974909,0.052411292667388615,True,262144
100.0,kappa_tau,3.1500000000000004,0.007522391285147253,0.9827330709974909,0.052411292667388615,True,262144
100.0,kappa_tau,3.250000000000001,0.007665874501128254,0.9827330709974909,0.052411292667388615,True,262144
100.0,kappa_tau,3.3500000000000005,0.007114027297094123,0.9827330709974909,0.052411292667388615,True,262144
100.0,kappa_tau,3.45,0.007537483709840673,0.9827330709974909,0.052411292667388615,True,262144
100.0,kappa_tau,3.55,0.006899782904281949,0.9827330709974909,0.052411292667388615,True,262144
100.0,kappa_tau,3.6500000000000004,0.00575330018282303,0.9827330709974909,0.052411292667388615,True,262144
100.0,kappa_tau,3.750000000000001,0.006350590660602306,0.9827330709974909,0.052411292667388615,True,262144
100.0,kappa_tau,3.8500000000000005,0.006029185477059901,0.9827330709974909,0.052411292667388615,True,262144
100.0,kappa_tau,3.95,0.004680075588065969,0.9827330709974909,0.052411292667388615,True,262144
100.0,kappa_tau,4.05,0.005314849966779561,0.9827330709974909,0.052411292667388615,True,262144
100.0,kappa_tau,4.15,0.003999892452665284,0.9827330709974909,0.052411292667388615,True,262144
100.0,kappa_tau,4.250000000000001,0.004447639234225964,0.9827330709974909,0.052411292667388615,True,262144
100.0,kappa_tau,4.3500000000000005,0.004428703747150531,0.9827330709974909,0.052411292667388615,True,262144
100.0,kappa_tau,4.45,0.0040362223644871105,0.9827330709974909,0.052411292667388615,True,262144
100.0,kappa_tau,4.550000000000001,0.0034151621028524937,0.9827330709974909,0.052411292667388615,True,262144
100.0,kappa_tau,4.650000000000001,0.0037576973724028425,0.9827330709974909,0.052411292667388615,True,262144
100.0,kappa_tau,4.750000000000001,0.0035372133241649683,0.9827330709974909,0.052411292667388615,True,262144
100.0,kappa_tau,4.8500000000000005,0.00339124129803716,0.9827330709974909,0.052411292667388615,True,262144
100.0,kappa_tau,4.95,0.0027914455021793238,0.9827330709974909,0.052411292667388615,True,262144
