name,value
scale,32.90782497417225
mean_k,0.0364224433498656
r_sigma_k,0.2081114154081748
k_H_over_k,0.06363763680299864
b,-1.5824910959649274
k_H,0.00231749912553753
p_H,0.9432312483023606
sigma_H_squared,0.05354606052833116
alpha_H,6.0881032619330274e-05
kappa_H,0.001136984346161529
rho0,0.00014677862298709035
highq_coefficient,0.014312979213226298
skewness,0.25627103848250693
