name,value_1,value_2,background,relative_rmse
subtracted_background,0.0,nan,nan,nan
characteristic_q,0.061,nan,nan,nan
lowQ_DAB,0.021957528810958225,5.1018731997117596e-08,0.0,0.2788064344624479
lowQ_Qminus4,1.6580188452396507e-09,nan,0.0,0.614554410683287
highQ_line,0.0047166863675747175,0.0015013679008273454,0.0,0.48783493712917164
