name,value
scale,20.88149608484255
mean_k,0.041827747285557396
r_sigma_k,0.2685254349911637
k_H_over_k,0.20171351589792938
b,-2.08124783971095
k_H,0.008447051862403928
p_H,0.9812943866197281
sigma_H_squared,0.018355713408339674
alpha_H,8.899616434505783e-05
kappa_H,0.004848417621546848
rho0,0.00020012663735545082
highq_coefficient,0.01288296113061275
skewness,1.452995020572067
