name,value_1,value_2,background,relative_rmse
subtracted_background,-0.05952732327674397,nan,nan,nan
characteristic_q,0.061,nan,nan,nan
lowQ_DAB_kappa_position,0.006,1.0,1.0,nan
lowQ_DAB,0.006,5.0495425875130315e-09,0.0,0.5432382878570214
lowQ_Qminus4,2.2643630862552075e-09,nan,0.0,0.6544971005390706
highQ_line,0.013895862129826542,0.004423190292970734,0.0,0.0220978260799957
